2025-11-28 20:03:50,590 - INFO - Présence enregistrée: etudiant=12345, classe=1, cours=1, seance=2
2025-11-28 20:04:22,624 - INFO - Présence déjà enregistrée pour étudiant 12345 à la séance 2
2025-11-29 06:45:11,917 - INFO - Aucune séance en cours pour cours 1 - classe 1
2025-11-29 06:47:06,529 - INFO - Présence enregistrée: etudiant=12345, classe=1, cours=1, seance=2
2025-11-29 06:47:06,549 - ERROR - Erreur WebSocket envoi: 'Cours' object has no attribute 't'
2025-11-29 06:52:01,076 - INFO - Présence enregistrée: etudiant=654321, classe=1, cours=1, seance=2
2025-11-29 06:52:01,080 - ERROR - Erreur WebSocket envoi: 'Cours' object has no attribute 't'
2025-11-29 07:03:15,278 - INFO - Présence enregistrée: etudiant=654321, classe=1, cours=1, seance=2
2025-11-29 07:44:16,550 - INFO - Présence enregistrée: etudiant=987654, classe=1, cours=1, seance=2
2025-11-29 08:26:06,595 - INFO - Présence enregistrée: etudiant=ETU0001, classe=1, cours=1, seance=2
2025-11-29 09:01:46,244 - INFO - Présence déjà enregistrée pour étudiant ETU0001 à la séance 2
2025-12-03 10:18:14,220 - INFO - Génération des séances pour le jour 2025-12-03 (weekday=2)
2025-12-03 10:18:14,293 - INFO - Génération des séances pour le jour 2025-12-03 (weekday=2)
2025-12-03 10:18:14,347 - INFO - Génération des séances pour le jour 2025-12-03 (weekday=2)
2025-12-03 10:18:14,412 - INFO - Génération des séances pour le jour 2025-12-03 (weekday=2)
2025-12-03 10:18:14,458 - INFO - Génération des séances pour le jour 2025-12-03 (weekday=2)
2025-12-03 10:18:27,342 - INFO - Génération des séances pour le jour 2025-12-03 (weekday=2)
2025-12-03 10:18:42,334 - INFO - Génération des séances pour le jour 2025-12-03 (weekday=2)
2025-12-03 10:18:57,340 - INFO - Génération des séances pour le jour 2025-12-03 (weekday=2)
2025-12-03 10:19:12,336 - INFO - Génération des séances pour le jour 2025-12-03 (weekday=2)
2025-12-03 10:19:27,343 - INFO - Génération des séances pour le jour 2025-12-03 (weekday=2)
2025-12-03 10:19:42,342 - INFO - Génération des séances pour le jour 2025-12-03 (weekday=2)
2025-12-03 10:19:57,342 - INFO - Génération des séances pour le jour 2025-12-03 (weekday=2)
2025-12-03 10:20:12,334 - INFO - Génération des séances pour le jour 2025-12-03 (weekday=2)
2025-12-03 10:20:27,342 - INFO - Génération des séances pour le jour 2025-12-03 (weekday=2)
2025-12-03 10:20:42,335 - INFO - Génération des séances pour le jour 2025-12-03 (weekday=2)
2025-12-03 10:20:57,344 - INFO - Génération des séances pour le jour 2025-12-03 (weekday=2)
2025-12-03 10:21:12,335 - INFO - Génération des séances pour le jour 2025-12-03 (weekday=2)
2025-12-03 10:21:27,348 - INFO - Génération des séances pour le jour 2025-12-03 (weekday=2)
2025-12-03 10:21:42,336 - INFO - Génération des séances pour le jour 2025-12-03 (weekday=2)
2025-12-03 10:21:57,344 - INFO - Génération des séances pour le jour 2025-12-03 (weekday=2)
2025-12-03 10:22:12,335 - INFO - Génération des séances pour le jour 2025-12-03 (weekday=2)
2025-12-03 10:22:27,656 - INFO - Génération des séances pour le jour 2025-12-03 (weekday=2)
2025-12-03 10:22:27,660 - INFO - Cache vide → récupération des horaires depuis la DB.
2025-12-03 10:22:27,674 - INFO - Horaires mis en cache (1 horaires).
2025-12-03 10:22:27,689 - INFO - Séance créée : GENIE LOGICIEL pour la classe 1 (10:22 - 10:25)
2025-12-03 10:22:42,336 - INFO - Génération des séances pour le jour 2025-12-03 (weekday=2)
2025-12-03 10:22:42,339 - INFO - Cache vide → récupération des horaires depuis la DB.
2025-12-03 10:22:42,355 - INFO - Horaires mis en cache (1 horaires).
2025-12-03 10:22:57,342 - INFO - Génération des séances pour le jour 2025-12-03 (weekday=2)
2025-12-03 10:22:57,343 - INFO - Cache vide → récupération des horaires depuis la DB.
2025-12-03 10:22:57,392 - INFO - Horaires mis en cache (1 horaires).
2025-12-03 10:23:12,343 - INFO - Génération des séances pour le jour 2025-12-03 (weekday=2)
2025-12-03 10:23:12,345 - INFO - Cache vide → récupération des horaires depuis la DB.
2025-12-03 10:23:12,380 - INFO - Horaires mis en cache (1 horaires).
2025-12-03 10:23:27,343 - INFO - Génération des séances pour le jour 2025-12-03 (weekday=2)
2025-12-03 10:23:27,344 - INFO - Cache vide → récupération des horaires depuis la DB.
2025-12-03 10:23:27,356 - INFO - Horaires mis en cache (1 horaires).
2025-12-03 10:23:42,336 - INFO - Génération des séances pour le jour 2025-12-03 (weekday=2)
2025-12-03 10:23:42,337 - INFO - Cache vide → récupération des horaires depuis la DB.
2025-12-03 10:23:42,352 - INFO - Horaires mis en cache (1 horaires).
2025-12-03 10:23:57,337 - INFO - Génération des séances pour le jour 2025-12-03 (weekday=2)
2025-12-03 10:23:57,337 - INFO - Cache vide → récupération des horaires depuis la DB.
2025-12-03 10:23:57,356 - INFO - Horaires mis en cache (1 horaires).
2025-12-03 10:24:12,336 - INFO - Génération des séances pour le jour 2025-12-03 (weekday=2)
2025-12-03 10:24:12,337 - INFO - Cache vide → récupération des horaires depuis la DB.
2025-12-03 10:24:12,348 - INFO - Horaires mis en cache (1 horaires).
2025-12-03 10:24:27,343 - INFO - Génération des séances pour le jour 2025-12-03 (weekday=2)
2025-12-03 10:24:27,344 - INFO - Cache vide → récupération des horaires depuis la DB.
2025-12-03 10:24:27,356 - INFO - Horaires mis en cache (1 horaires).
2025-12-03 10:24:42,337 - INFO - Génération des séances pour le jour 2025-12-03 (weekday=2)
2025-12-03 10:24:42,337 - INFO - Cache vide → récupération des horaires depuis la DB.
2025-12-03 10:24:42,351 - INFO - Horaires mis en cache (1 horaires).
2025-12-03 10:24:57,337 - INFO - Génération des séances pour le jour 2025-12-03 (weekday=2)
2025-12-03 10:24:57,338 - INFO - Cache vide → récupération des horaires depuis la DB.
2025-12-03 10:24:57,357 - INFO - Horaires mis en cache (1 horaires).
2025-12-03 10:25:12,336 - INFO - Génération des séances pour le jour 2025-12-03 (weekday=2)
2025-12-03 10:25:12,336 - INFO - Cache vide → récupération des horaires depuis la DB.
2025-12-03 10:25:12,350 - INFO - Horaires mis en cache (1 horaires).
2025-12-03 10:25:27,344 - INFO - Génération des séances pour le jour 2025-12-03 (weekday=2)
2025-12-03 10:25:27,345 - INFO - Cache vide → récupération des horaires depuis la DB.
2025-12-03 10:25:27,358 - INFO - Horaires mis en cache (1 horaires).
2025-12-03 10:25:42,337 - INFO - Génération des séances pour le jour 2025-12-03 (weekday=2)
2025-12-03 10:25:42,338 - INFO - Cache vide → récupération des horaires depuis la DB.
2025-12-03 10:25:42,358 - INFO - Horaires mis en cache (1 horaires).
2025-12-03 10:25:57,336 - INFO - Génération des séances pour le jour 2025-12-03 (weekday=2)
2025-12-03 10:25:57,337 - INFO - Cache vide → récupération des horaires depuis la DB.
2025-12-03 10:25:57,348 - INFO - Horaires mis en cache (1 horaires).
2025-12-03 10:26:12,336 - INFO - Génération des séances pour le jour 2025-12-03 (weekday=2)
2025-12-03 10:26:12,337 - INFO - Cache vide → récupération des horaires depuis la DB.
2025-12-03 10:26:12,352 - INFO - Horaires mis en cache (1 horaires).
2025-12-03 10:26:27,344 - INFO - Génération des séances pour le jour 2025-12-03 (weekday=2)
2025-12-03 10:26:27,345 - INFO - Cache vide → récupération des horaires depuis la DB.
2025-12-03 10:26:27,358 - INFO - Horaires mis en cache (1 horaires).
2025-12-03 10:26:42,337 - INFO - Génération des séances pour le jour 2025-12-03 (weekday=2)
2025-12-03 10:26:42,337 - INFO - Cache vide → récupération des horaires depuis la DB.
2025-12-03 10:26:42,350 - INFO - Horaires mis en cache (1 horaires).
2025-12-03 10:26:57,337 - INFO - Génération des séances pour le jour 2025-12-03 (weekday=2)
2025-12-03 10:26:57,337 - INFO - Cache vide → récupération des horaires depuis la DB.
2025-12-03 10:26:57,350 - INFO - Horaires mis en cache (1 horaires).
2025-12-03 10:27:12,338 - INFO - Génération des séances pour le jour 2025-12-03 (weekday=2)
2025-12-03 10:27:12,338 - INFO - Cache vide → récupération des horaires depuis la DB.
2025-12-03 10:27:12,353 - INFO - Horaires mis en cache (1 horaires).
2025-12-03 10:27:27,345 - INFO - Génération des séances pour le jour 2025-12-03 (weekday=2)
2025-12-03 10:27:27,345 - INFO - Cache vide → récupération des horaires depuis la DB.
2025-12-03 10:27:27,360 - INFO - Horaires mis en cache (1 horaires).
2025-12-03 10:27:42,337 - INFO - Génération des séances pour le jour 2025-12-03 (weekday=2)
2025-12-03 10:27:42,337 - INFO - Cache vide → récupération des horaires depuis la DB.
2025-12-03 10:27:42,352 - INFO - Horaires mis en cache (1 horaires).
2025-12-03 10:27:57,337 - INFO - Génération des séances pour le jour 2025-12-03 (weekday=2)
2025-12-03 10:27:57,337 - INFO - Cache vide → récupération des horaires depuis la DB.
2025-12-03 10:27:57,351 - INFO - Horaires mis en cache (1 horaires).
2025-12-03 10:28:12,336 - INFO - Génération des séances pour le jour 2025-12-03 (weekday=2)
2025-12-03 10:28:12,336 - INFO - Cache vide → récupération des horaires depuis la DB.
2025-12-03 10:28:12,350 - INFO - Horaires mis en cache (1 horaires).
2025-12-03 10:28:27,344 - INFO - Génération des séances pour le jour 2025-12-03 (weekday=2)
2025-12-03 10:28:27,345 - INFO - Cache vide → récupération des horaires depuis la DB.
2025-12-03 10:28:27,357 - INFO - Horaires mis en cache (1 horaires).
2025-12-03 10:28:42,337 - INFO - Génération des séances pour le jour 2025-12-03 (weekday=2)
2025-12-03 10:28:42,338 - INFO - Cache vide → récupération des horaires depuis la DB.
2025-12-03 10:28:42,350 - INFO - Horaires mis en cache (1 horaires).
2025-12-03 10:28:57,337 - INFO - Génération des séances pour le jour 2025-12-03 (weekday=2)
2025-12-03 10:28:57,337 - INFO - Cache vide → récupération des horaires depuis la DB.
2025-12-03 10:28:57,348 - INFO - Horaires mis en cache (1 horaires).
2025-12-03 10:29:12,337 - INFO - Génération des séances pour le jour 2025-12-03 (weekday=2)
2025-12-03 10:29:12,337 - INFO - Cache vide → récupération des horaires depuis la DB.
2025-12-03 10:29:12,348 - INFO - Horaires mis en cache (1 horaires).
2025-12-03 10:29:27,345 - INFO - Génération des séances pour le jour 2025-12-03 (weekday=2)
2025-12-03 10:29:27,345 - INFO - Cache vide → récupération des horaires depuis la DB.
2025-12-03 10:29:27,363 - INFO - Horaires mis en cache (1 horaires).
2025-12-03 10:29:42,337 - INFO - Génération des séances pour le jour 2025-12-03 (weekday=2)
2025-12-03 10:29:42,338 - INFO - Cache vide → récupération des horaires depuis la DB.
2025-12-03 10:29:42,351 - INFO - Horaires mis en cache (1 horaires).
2025-12-03 10:29:57,337 - INFO - Génération des séances pour le jour 2025-12-03 (weekday=2)
2025-12-03 10:29:57,337 - INFO - Cache vide → récupération des horaires depuis la DB.
2025-12-03 10:29:57,348 - INFO - Horaires mis en cache (1 horaires).
2025-12-03 10:30:12,342 - INFO - Génération des séances pour le jour 2025-12-03 (weekday=2)
2025-12-03 10:30:12,343 - INFO - Cache vide → récupération des horaires depuis la DB.
2025-12-03 10:30:12,388 - INFO - Horaires mis en cache (1 horaires).
2025-12-03 10:30:27,338 - INFO - Génération des séances pour le jour 2025-12-03 (weekday=2)
2025-12-03 10:30:27,338 - INFO - Cache vide → récupération des horaires depuis la DB.
2025-12-03 10:30:27,353 - INFO - Horaires mis en cache (1 horaires).
2025-12-03 10:30:42,339 - INFO - Génération des séances pour le jour 2025-12-03 (weekday=2)
2025-12-03 10:30:42,340 - INFO - Cache vide → récupération des horaires depuis la DB.
2025-12-03 10:30:42,366 - INFO - Horaires mis en cache (1 horaires).
2025-12-03 10:30:57,338 - INFO - Génération des séances pour le jour 2025-12-03 (weekday=2)
2025-12-03 10:30:57,339 - INFO - Cache vide → récupération des horaires depuis la DB.
2025-12-03 10:30:57,354 - INFO - Horaires mis en cache (1 horaires).
2025-12-03 10:31:12,337 - INFO - Génération des séances pour le jour 2025-12-03 (weekday=2)
2025-12-03 10:31:12,338 - INFO - Cache vide → récupération des horaires depuis la DB.
2025-12-03 10:31:12,348 - INFO - Horaires mis en cache (1 horaires).
2025-12-03 10:31:27,345 - INFO - Génération des séances pour le jour 2025-12-03 (weekday=2)
2025-12-03 10:31:27,345 - INFO - Cache vide → récupération des horaires depuis la DB.
2025-12-03 10:31:27,357 - INFO - Horaires mis en cache (1 horaires).
2025-12-03 10:31:42,338 - INFO - Génération des séances pour le jour 2025-12-03 (weekday=2)
2025-12-03 10:31:42,338 - INFO - Cache vide → récupération des horaires depuis la DB.
2025-12-03 10:31:42,351 - INFO - Horaires mis en cache (1 horaires).
2025-12-03 10:31:57,347 - INFO - Génération des séances pour le jour 2025-12-03 (weekday=2)
2025-12-03 10:31:57,347 - INFO - Cache vide → récupération des horaires depuis la DB.
2025-12-03 10:31:57,363 - INFO - Horaires mis en cache (1 horaires).
2025-12-03 10:32:12,339 - INFO - Génération des séances pour le jour 2025-12-03 (weekday=2)
2025-12-03 10:32:12,339 - INFO - Cache vide → récupération des horaires depuis la DB.
2025-12-03 10:32:12,354 - INFO - Horaires mis en cache (1 horaires).
2025-12-03 10:32:27,340 - INFO - Génération des séances pour le jour 2025-12-03 (weekday=2)
2025-12-03 10:32:27,341 - INFO - Cache vide → récupération des horaires depuis la DB.
2025-12-03 10:32:27,356 - INFO - Horaires mis en cache (1 horaires).
2025-12-03 10:32:42,337 - INFO - Génération des séances pour le jour 2025-12-03 (weekday=2)
2025-12-03 10:32:42,338 - INFO - Cache vide → récupération des horaires depuis la DB.
2025-12-03 10:32:42,348 - INFO - Horaires mis en cache (1 horaires).
2025-12-03 10:32:57,341 - INFO - Génération des séances pour le jour 2025-12-03 (weekday=2)
2025-12-03 10:32:57,342 - INFO - Cache vide → récupération des horaires depuis la DB.
2025-12-03 10:32:57,366 - INFO - Horaires mis en cache (1 horaires).
2025-12-03 10:33:12,338 - INFO - Génération des séances pour le jour 2025-12-03 (weekday=2)
2025-12-03 10:33:12,338 - INFO - Cache vide → récupération des horaires depuis la DB.
2025-12-03 10:33:12,349 - INFO - Horaires mis en cache (1 horaires).
2025-12-03 10:33:27,347 - INFO - Génération des séances pour le jour 2025-12-03 (weekday=2)
2025-12-03 10:33:27,347 - INFO - Cache vide → récupération des horaires depuis la DB.
2025-12-03 10:33:27,361 - INFO - Horaires mis en cache (1 horaires).
2025-12-03 10:33:42,338 - INFO - Génération des séances pour le jour 2025-12-03 (weekday=2)
2025-12-03 10:33:42,339 - INFO - Cache vide → récupération des horaires depuis la DB.
2025-12-03 10:33:42,351 - INFO - Horaires mis en cache (1 horaires).
2025-12-03 10:33:57,339 - INFO - Génération des séances pour le jour 2025-12-03 (weekday=2)
2025-12-03 10:33:57,339 - INFO - Cache vide → récupération des horaires depuis la DB.
2025-12-03 10:33:57,353 - INFO - Horaires mis en cache (1 horaires).
2025-12-03 10:34:12,338 - INFO - Génération des séances pour le jour 2025-12-03 (weekday=2)
2025-12-03 10:34:12,338 - INFO - Cache vide → récupération des horaires depuis la DB.
2025-12-03 10:34:12,353 - INFO - Horaires mis en cache (2 horaires).
2025-12-03 10:34:12,368 - INFO - Séance créée : BDD pour la classe 1 (10:34 - 10:36)
2025-12-03 10:34:27,346 - INFO - Génération des séances pour le jour 2025-12-03 (weekday=2)
2025-12-03 10:34:27,347 - INFO - Cache vide → récupération des horaires depuis la DB.
2025-12-03 10:34:27,362 - INFO - Horaires mis en cache (2 horaires).
2025-12-03 10:34:42,343 - INFO - Génération des séances pour le jour 2025-12-03 (weekday=2)
2025-12-03 10:34:42,344 - INFO - Cache vide → récupération des horaires depuis la DB.
2025-12-03 10:34:42,363 - INFO - Horaires mis en cache (2 horaires).
2025-12-03 10:34:57,338 - INFO - Génération des séances pour le jour 2025-12-03 (weekday=2)
2025-12-03 10:34:57,339 - INFO - Cache vide → récupération des horaires depuis la DB.
2025-12-03 10:34:57,351 - INFO - Horaires mis en cache (2 horaires).
2025-12-03 10:35:12,343 - INFO - Génération des séances pour le jour 2025-12-03 (weekday=2)
2025-12-03 10:35:12,344 - INFO - Cache vide → récupération des horaires depuis la DB.
2025-12-03 10:35:12,365 - INFO - Horaires mis en cache (2 horaires).
2025-12-03 10:35:27,350 - INFO - Génération des séances pour le jour 2025-12-03 (weekday=2)
2025-12-03 10:35:27,351 - INFO - Cache vide → récupération des horaires depuis la DB.
2025-12-03 10:35:27,367 - INFO - Horaires mis en cache (2 horaires).
2025-12-03 10:35:42,345 - INFO - Génération des séances pour le jour 2025-12-03 (weekday=2)
2025-12-03 10:35:42,346 - INFO - Cache vide → récupération des horaires depuis la DB.
2025-12-03 10:35:42,368 - INFO - Horaires mis en cache (2 horaires).
2025-12-03 10:35:57,345 - INFO - Génération des séances pour le jour 2025-12-03 (weekday=2)
2025-12-03 10:35:57,345 - INFO - Cache vide → récupération des horaires depuis la DB.
2025-12-03 10:35:57,368 - INFO - Horaires mis en cache (2 horaires).
2025-12-03 10:36:12,341 - INFO - Génération des séances pour le jour 2025-12-03 (weekday=2)
2025-12-03 10:36:12,342 - INFO - Cache vide → récupération des horaires depuis la DB.
2025-12-03 10:36:12,360 - INFO - Horaires mis en cache (2 horaires).
2025-12-03 10:36:27,348 - INFO - Génération des séances pour le jour 2025-12-03 (weekday=2)
2025-12-03 10:36:27,349 - INFO - Cache vide → récupération des horaires depuis la DB.
2025-12-03 10:36:27,367 - INFO - Horaires mis en cache (2 horaires).
2025-12-03 10:36:42,340 - INFO - Génération des séances pour le jour 2025-12-03 (weekday=2)
2025-12-03 10:36:42,340 - INFO - Cache vide → récupération des horaires depuis la DB.
2025-12-03 10:36:42,353 - INFO - Horaires mis en cache (2 horaires).
2025-12-03 10:36:57,346 - INFO - Génération des séances pour le jour 2025-12-03 (weekday=2)
2025-12-03 10:36:57,347 - INFO - Cache vide → récupération des horaires depuis la DB.
2025-12-03 10:36:57,371 - INFO - Horaires mis en cache (2 horaires).
2025-12-03 10:37:12,340 - INFO - Génération des séances pour le jour 2025-12-03 (weekday=2)
2025-12-03 10:37:12,341 - INFO - Cache vide → récupération des horaires depuis la DB.
2025-12-03 10:37:12,355 - INFO - Horaires mis en cache (2 horaires).
2025-12-03 10:37:27,340 - INFO - Génération des séances pour le jour 2025-12-03 (weekday=2)
2025-12-03 10:37:27,341 - INFO - Cache vide → récupération des horaires depuis la DB.
2025-12-03 10:37:27,363 - INFO - Horaires mis en cache (2 horaires).
2025-12-03 10:37:42,342 - INFO - Génération des séances pour le jour 2025-12-03 (weekday=2)
2025-12-03 10:37:42,343 - INFO - Cache vide → récupération des horaires depuis la DB.
2025-12-03 10:37:42,358 - INFO - Horaires mis en cache (2 horaires).
2025-12-03 10:37:57,340 - INFO - Génération des séances pour le jour 2025-12-03 (weekday=2)
2025-12-03 10:37:57,341 - INFO - Cache vide → récupération des horaires depuis la DB.
2025-12-03 10:37:57,353 - INFO - Horaires mis en cache (2 horaires).
2025-12-03 10:38:12,342 - INFO - Génération des séances pour le jour 2025-12-03 (weekday=2)
2025-12-03 10:38:12,343 - INFO - Cache vide → récupération des horaires depuis la DB.
2025-12-03 10:38:12,359 - INFO - Horaires mis en cache (2 horaires).
2025-12-03 10:38:27,345 - INFO - Génération des séances pour le jour 2025-12-03 (weekday=2)
2025-12-03 10:38:27,349 - INFO - Cache vide → récupération des horaires depuis la DB.
2025-12-03 10:38:27,370 - INFO - Horaires mis en cache (2 horaires).
2025-12-03 10:38:42,352 - INFO - Génération des séances pour le jour 2025-12-03 (weekday=2)
2025-12-03 10:38:42,353 - INFO - Cache vide → récupération des horaires depuis la DB.
2025-12-03 10:38:42,378 - INFO - Horaires mis en cache (2 horaires).
2025-12-03 10:38:57,350 - INFO - Génération des séances pour le jour 2025-12-03 (weekday=2)
2025-12-03 10:38:57,351 - INFO - Cache vide → récupération des horaires depuis la DB.
2025-12-03 10:38:57,377 - INFO - Horaires mis en cache (2 horaires).
2025-12-03 10:39:12,344 - INFO - Génération des séances pour le jour 2025-12-03 (weekday=2)
2025-12-03 10:39:12,345 - INFO - Cache vide → récupération des horaires depuis la DB.
2025-12-03 10:39:12,358 - INFO - Horaires mis en cache (2 horaires).
2025-12-03 10:39:27,358 - INFO - Génération des séances pour le jour 2025-12-03 (weekday=2)
2025-12-03 10:39:27,359 - INFO - Cache vide → récupération des horaires depuis la DB.
2025-12-03 10:39:27,382 - INFO - Horaires mis en cache (2 horaires).
2025-12-03 10:39:42,350 - INFO - Génération des séances pour le jour 2025-12-03 (weekday=2)
2025-12-03 10:39:42,352 - INFO - Cache vide → récupération des horaires depuis la DB.
2025-12-03 10:39:42,379 - INFO - Horaires mis en cache (2 horaires).
2025-12-03 10:39:57,346 - INFO - Génération des séances pour le jour 2025-12-03 (weekday=2)
2025-12-03 10:39:57,346 - INFO - Cache vide → récupération des horaires depuis la DB.
2025-12-03 10:39:57,360 - INFO - Horaires mis en cache (2 horaires).
2025-12-03 10:40:12,350 - INFO - Génération des séances pour le jour 2025-12-03 (weekday=2)
2025-12-03 10:40:12,352 - INFO - Cache vide → récupération des horaires depuis la DB.
2025-12-03 10:40:12,377 - INFO - Horaires mis en cache (2 horaires).
2025-12-03 10:40:27,358 - INFO - Génération des séances pour le jour 2025-12-03 (weekday=2)
2025-12-03 10:40:27,362 - INFO - Cache vide → récupération des horaires depuis la DB.
2025-12-03 10:40:27,389 - INFO - Horaires mis en cache (2 horaires).
2025-12-03 10:40:42,350 - INFO - Génération des séances pour le jour 2025-12-03 (weekday=2)
2025-12-03 10:40:42,352 - INFO - Cache vide → récupération des horaires depuis la DB.
2025-12-03 10:40:42,373 - INFO - Horaires mis en cache (2 horaires).
2025-12-03 10:40:57,352 - INFO - Génération des séances pour le jour 2025-12-03 (weekday=2)
2025-12-03 10:40:57,354 - INFO - Cache vide → récupération des horaires depuis la DB.
2025-12-03 10:40:57,382 - INFO - Horaires mis en cache (2 horaires).
2025-12-03 10:41:12,353 - INFO - Génération des séances pour le jour 2025-12-03 (weekday=2)
2025-12-03 10:41:12,354 - INFO - Cache vide → récupération des horaires depuis la DB.
2025-12-03 10:41:12,383 - INFO - Horaires mis en cache (2 horaires).
2025-12-03 10:41:27,356 - INFO - Génération des séances pour le jour 2025-12-03 (weekday=2)
2025-12-03 10:41:27,356 - INFO - Cache vide → récupération des horaires depuis la DB.
2025-12-03 10:41:27,375 - INFO - Horaires mis en cache (2 horaires).
2025-12-03 10:41:42,348 - INFO - Génération des séances pour le jour 2025-12-03 (weekday=2)
2025-12-03 10:41:42,349 - INFO - Cache vide → récupération des horaires depuis la DB.
2025-12-03 10:41:42,365 - INFO - Horaires mis en cache (2 horaires).
2025-12-03 10:41:57,348 - INFO - Génération des séances pour le jour 2025-12-03 (weekday=2)
2025-12-03 10:41:57,349 - INFO - Cache vide → récupération des horaires depuis la DB.
2025-12-03 10:41:57,368 - INFO - Horaires mis en cache (2 horaires).
2025-12-03 10:42:12,350 - INFO - Génération des séances pour le jour 2025-12-03 (weekday=2)
2025-12-03 10:42:12,350 - INFO - Cache vide → récupération des horaires depuis la DB.
2025-12-03 10:42:12,365 - INFO - Horaires mis en cache (2 horaires).
2025-12-03 10:42:27,354 - INFO - Génération des séances pour le jour 2025-12-03 (weekday=2)
2025-12-03 10:42:27,355 - INFO - Cache vide → récupération des horaires depuis la DB.
2025-12-03 10:42:27,391 - INFO - Horaires mis en cache (2 horaires).
2025-12-03 10:42:42,354 - INFO - Génération des séances pour le jour 2025-12-03 (weekday=2)
2025-12-03 10:42:42,356 - INFO - Cache vide → récupération des horaires depuis la DB.
2025-12-03 10:42:42,392 - INFO - Horaires mis en cache (2 horaires).
2025-12-03 10:42:57,347 - INFO - Génération des séances pour le jour 2025-12-03 (weekday=2)
2025-12-03 10:42:57,348 - INFO - Cache vide → récupération des horaires depuis la DB.
2025-12-03 10:42:57,360 - INFO - Horaires mis en cache (2 horaires).
2025-12-03 10:43:12,348 - INFO - Génération des séances pour le jour 2025-12-03 (weekday=2)
2025-12-03 10:43:12,348 - INFO - Cache vide → récupération des horaires depuis la DB.
2025-12-03 10:43:12,361 - INFO - Horaires mis en cache (2 horaires).
2025-12-03 10:43:27,361 - INFO - Génération des séances pour le jour 2025-12-03 (weekday=2)
2025-12-03 10:43:27,363 - INFO - Cache vide → récupération des horaires depuis la DB.
2025-12-03 10:43:27,394 - INFO - Horaires mis en cache (2 horaires).
2025-12-03 10:43:42,354 - INFO - Génération des séances pour le jour 2025-12-03 (weekday=2)
2025-12-03 10:43:42,355 - INFO - Cache vide → récupération des horaires depuis la DB.
2025-12-03 10:43:42,389 - INFO - Horaires mis en cache (2 horaires).
2025-12-03 10:43:57,352 - INFO - Génération des séances pour le jour 2025-12-03 (weekday=2)
2025-12-03 10:43:57,352 - INFO - Cache vide → récupération des horaires depuis la DB.
2025-12-03 10:43:57,376 - INFO - Horaires mis en cache (2 horaires).
2025-12-03 10:44:12,350 - INFO - Génération des séances pour le jour 2025-12-03 (weekday=2)
2025-12-03 10:44:12,350 - INFO - Cache vide → récupération des horaires depuis la DB.
2025-12-03 10:44:12,375 - INFO - Horaires mis en cache (2 horaires).
2025-12-03 10:44:27,348 - INFO - Génération des séances pour le jour 2025-12-03 (weekday=2)
2025-12-03 10:44:27,349 - INFO - Cache vide → récupération des horaires depuis la DB.
2025-12-03 10:44:27,368 - INFO - Horaires mis en cache (2 horaires).
2025-12-03 10:44:42,355 - INFO - Génération des séances pour le jour 2025-12-03 (weekday=2)
2025-12-03 10:44:42,357 - INFO - Cache vide → récupération des horaires depuis la DB.
2025-12-03 10:44:42,389 - INFO - Horaires mis en cache (2 horaires).
2025-12-03 10:44:57,355 - INFO - Génération des séances pour le jour 2025-12-03 (weekday=2)
2025-12-03 10:44:57,356 - INFO - Cache vide → récupération des horaires depuis la DB.
2025-12-03 10:44:57,398 - INFO - Horaires mis en cache (2 horaires).
2025-12-03 10:45:12,351 - INFO - Génération des séances pour le jour 2025-12-03 (weekday=2)
2025-12-03 10:45:12,352 - INFO - Cache vide → récupération des horaires depuis la DB.
2025-12-03 10:45:12,373 - INFO - Horaires mis en cache (2 horaires).
2025-12-03 10:45:27,359 - INFO - Génération des séances pour le jour 2025-12-03 (weekday=2)
2025-12-03 10:45:27,359 - INFO - Cache vide → récupération des horaires depuis la DB.
2025-12-03 10:45:27,372 - INFO - Horaires mis en cache (2 horaires).
2025-12-03 10:45:42,350 - INFO - Génération des séances pour le jour 2025-12-03 (weekday=2)
2025-12-03 10:45:42,350 - INFO - Cache vide → récupération des horaires depuis la DB.
2025-12-03 10:45:42,366 - INFO - Horaires mis en cache (2 horaires).
2025-12-03 10:45:57,349 - INFO - Génération des séances pour le jour 2025-12-03 (weekday=2)
2025-12-03 10:45:57,350 - INFO - Cache vide → récupération des horaires depuis la DB.
2025-12-03 10:45:57,365 - INFO - Horaires mis en cache (2 horaires).
2025-12-03 10:46:12,349 - INFO - Génération des séances pour le jour 2025-12-03 (weekday=2)
2025-12-03 10:46:12,350 - INFO - Cache vide → récupération des horaires depuis la DB.
2025-12-03 10:46:12,363 - INFO - Horaires mis en cache (2 horaires).
2025-12-03 10:46:27,351 - INFO - Génération des séances pour le jour 2025-12-03 (weekday=2)
2025-12-03 10:46:27,352 - INFO - Cache vide → récupération des horaires depuis la DB.
2025-12-03 10:46:27,371 - INFO - Horaires mis en cache (2 horaires).
2025-12-03 10:46:42,351 - INFO - Génération des séances pour le jour 2025-12-03 (weekday=2)
2025-12-03 10:46:42,352 - INFO - Cache vide → récupération des horaires depuis la DB.
2025-12-03 10:46:42,368 - INFO - Horaires mis en cache (2 horaires).
2025-12-03 10:46:57,355 - INFO - Génération des séances pour le jour 2025-12-03 (weekday=2)
2025-12-03 10:46:57,357 - INFO - Cache vide → récupération des horaires depuis la DB.
2025-12-03 10:46:57,399 - INFO - Horaires mis en cache (2 horaires).
2025-12-03 10:47:12,350 - INFO - Génération des séances pour le jour 2025-12-03 (weekday=2)
2025-12-03 10:47:12,351 - INFO - Cache vide → récupération des horaires depuis la DB.
2025-12-03 10:47:12,369 - INFO - Horaires mis en cache (2 horaires).
2025-12-03 10:47:27,357 - INFO - Génération des séances pour le jour 2025-12-03 (weekday=2)
2025-12-03 10:47:27,357 - INFO - Cache vide → récupération des horaires depuis la DB.
2025-12-03 10:47:27,372 - INFO - Horaires mis en cache (2 horaires).
2025-12-03 10:47:42,353 - INFO - Génération des séances pour le jour 2025-12-03 (weekday=2)
2025-12-03 10:47:42,353 - INFO - Cache vide → récupération des horaires depuis la DB.
2025-12-03 10:47:42,381 - INFO - Horaires mis en cache (2 horaires).
2025-12-03 10:47:57,350 - INFO - Génération des séances pour le jour 2025-12-03 (weekday=2)
2025-12-03 10:47:57,351 - INFO - Cache vide → récupération des horaires depuis la DB.
2025-12-03 10:47:57,373 - INFO - Horaires mis en cache (2 horaires).
2025-12-03 10:48:12,354 - INFO - Génération des séances pour le jour 2025-12-03 (weekday=2)
2025-12-03 10:48:12,354 - INFO - Cache vide → récupération des horaires depuis la DB.
2025-12-03 10:48:12,377 - INFO - Horaires mis en cache (2 horaires).
2025-12-03 10:48:27,350 - INFO - Génération des séances pour le jour 2025-12-03 (weekday=2)
2025-12-03 10:48:27,351 - INFO - Cache vide → récupération des horaires depuis la DB.
2025-12-03 10:48:27,368 - INFO - Horaires mis en cache (2 horaires).
2025-12-03 10:48:42,356 - INFO - Génération des séances pour le jour 2025-12-03 (weekday=2)
2025-12-03 10:48:42,357 - INFO - Cache vide → récupération des horaires depuis la DB.
2025-12-03 10:48:42,396 - INFO - Horaires mis en cache (2 horaires).
2025-12-03 10:48:57,350 - INFO - Génération des séances pour le jour 2025-12-03 (weekday=2)
2025-12-03 10:48:57,350 - INFO - Cache vide → récupération des horaires depuis la DB.
2025-12-03 10:48:57,364 - INFO - Horaires mis en cache (2 horaires).
2025-12-03 10:49:12,350 - INFO - Génération des séances pour le jour 2025-12-03 (weekday=2)
2025-12-03 10:49:12,350 - INFO - Cache vide → récupération des horaires depuis la DB.
2025-12-03 10:49:12,364 - INFO - Horaires mis en cache (2 horaires).
2025-12-03 10:49:27,359 - INFO - Génération des séances pour le jour 2025-12-03 (weekday=2)
2025-12-03 10:49:27,360 - INFO - Cache vide → récupération des horaires depuis la DB.
2025-12-03 10:49:27,402 - INFO - Horaires mis en cache (2 horaires).
2025-12-03 10:49:42,350 - INFO - Génération des séances pour le jour 2025-12-03 (weekday=2)
2025-12-03 10:49:42,350 - INFO - Cache vide → récupération des horaires depuis la DB.
2025-12-03 10:49:42,363 - INFO - Horaires mis en cache (2 horaires).
2025-12-03 10:49:57,357 - INFO - Génération des séances pour le jour 2025-12-03 (weekday=2)
2025-12-03 10:49:57,358 - INFO - Cache vide → récupération des horaires depuis la DB.
2025-12-03 10:49:57,413 - INFO - Horaires mis en cache (2 horaires).
2025-12-03 10:50:12,356 - INFO - Génération des séances pour le jour 2025-12-03 (weekday=2)
2025-12-03 10:50:12,358 - INFO - Cache vide → récupération des horaires depuis la DB.
2025-12-03 10:50:12,392 - INFO - Horaires mis en cache (2 horaires).
2025-12-03 10:50:27,356 - INFO - Génération des séances pour le jour 2025-12-03 (weekday=2)
2025-12-03 10:50:27,358 - INFO - Cache vide → récupération des horaires depuis la DB.
2025-12-03 10:50:27,414 - INFO - Horaires mis en cache (2 horaires).
2025-12-03 10:50:42,355 - INFO - Génération des séances pour le jour 2025-12-03 (weekday=2)
2025-12-03 10:50:42,356 - INFO - Cache vide → récupération des horaires depuis la DB.
2025-12-03 10:50:42,382 - INFO - Horaires mis en cache (2 horaires).
2025-12-03 10:50:57,358 - INFO - Génération des séances pour le jour 2025-12-03 (weekday=2)
2025-12-03 10:50:57,359 - INFO - Cache vide → récupération des horaires depuis la DB.
2025-12-03 10:50:57,373 - INFO - Horaires mis en cache (2 horaires).
2025-12-03 10:51:12,351 - INFO - Génération des séances pour le jour 2025-12-03 (weekday=2)
2025-12-03 10:51:12,351 - INFO - Cache vide → récupération des horaires depuis la DB.
2025-12-03 10:51:12,364 - INFO - Horaires mis en cache (2 horaires).
2025-12-03 10:51:27,365 - INFO - Génération des séances pour le jour 2025-12-03 (weekday=2)
2025-12-03 10:51:27,366 - INFO - Cache vide → récupération des horaires depuis la DB.
2025-12-03 10:51:27,408 - INFO - Horaires mis en cache (2 horaires).
2025-12-03 10:51:42,358 - INFO - Génération des séances pour le jour 2025-12-03 (weekday=2)
2025-12-03 10:51:42,359 - INFO - Cache vide → récupération des horaires depuis la DB.
2025-12-03 10:51:42,401 - INFO - Horaires mis en cache (2 horaires).
2025-12-03 10:51:57,358 - INFO - Génération des séances pour le jour 2025-12-03 (weekday=2)
2025-12-03 10:51:57,359 - INFO - Cache vide → récupération des horaires depuis la DB.
2025-12-03 10:51:57,407 - INFO - Horaires mis en cache (2 horaires).
2025-12-03 10:52:12,352 - INFO - Génération des séances pour le jour 2025-12-03 (weekday=2)
2025-12-03 10:52:12,352 - INFO - Cache vide → récupération des horaires depuis la DB.
2025-12-03 10:52:12,369 - INFO - Horaires mis en cache (2 horaires).
2025-12-03 10:52:27,358 - INFO - Génération des séances pour le jour 2025-12-03 (weekday=2)
2025-12-03 10:52:27,359 - INFO - Cache vide → récupération des horaires depuis la DB.
2025-12-03 10:52:27,403 - INFO - Horaires mis en cache (2 horaires).
2025-12-03 10:52:42,355 - INFO - Génération des séances pour le jour 2025-12-03 (weekday=2)
2025-12-03 10:52:42,356 - INFO - Cache vide → récupération des horaires depuis la DB.
2025-12-03 10:52:42,389 - INFO - Horaires mis en cache (2 horaires).
2025-12-03 10:52:57,360 - INFO - Génération des séances pour le jour 2025-12-03 (weekday=2)
2025-12-03 10:52:57,361 - INFO - Cache vide → récupération des horaires depuis la DB.
2025-12-03 10:52:57,377 - INFO - Horaires mis en cache (2 horaires).
2025-12-03 10:53:12,352 - INFO - Génération des séances pour le jour 2025-12-03 (weekday=2)
2025-12-03 10:53:12,352 - INFO - Cache vide → récupération des horaires depuis la DB.
2025-12-03 10:53:12,365 - INFO - Horaires mis en cache (2 horaires).
2025-12-03 10:53:27,366 - INFO - Génération des séances pour le jour 2025-12-03 (weekday=2)
2025-12-03 10:53:27,367 - INFO - Cache vide → récupération des horaires depuis la DB.
2025-12-03 10:53:27,412 - INFO - Horaires mis en cache (2 horaires).
2025-12-03 10:53:42,357 - INFO - Génération des séances pour le jour 2025-12-03 (weekday=2)
2025-12-03 10:53:42,359 - INFO - Cache vide → récupération des horaires depuis la DB.
2025-12-03 10:53:42,410 - INFO - Horaires mis en cache (2 horaires).
2025-12-03 10:53:57,353 - INFO - Génération des séances pour le jour 2025-12-03 (weekday=2)
2025-12-03 10:53:57,353 - INFO - Cache vide → récupération des horaires depuis la DB.
2025-12-03 10:53:57,366 - INFO - Horaires mis en cache (2 horaires).
2025-12-03 10:54:12,358 - INFO - Génération des séances pour le jour 2025-12-03 (weekday=2)
2025-12-03 10:54:12,359 - INFO - Cache vide → récupération des horaires depuis la DB.
2025-12-03 10:54:12,414 - INFO - Horaires mis en cache (2 horaires).
2025-12-03 10:54:27,352 - INFO - Génération des séances pour le jour 2025-12-03 (weekday=2)
2025-12-03 10:54:27,352 - INFO - Cache vide → récupération des horaires depuis la DB.
2025-12-03 10:54:27,366 - INFO - Horaires mis en cache (2 horaires).
2025-12-03 10:54:42,360 - INFO - Génération des séances pour le jour 2025-12-03 (weekday=2)
2025-12-03 10:54:42,361 - INFO - Cache vide → récupération des horaires depuis la DB.
2025-12-03 10:54:42,392 - INFO - Horaires mis en cache (2 horaires).
2025-12-03 10:54:57,360 - INFO - Génération des séances pour le jour 2025-12-03 (weekday=2)
2025-12-03 10:54:57,360 - INFO - Cache vide → récupération des horaires depuis la DB.
2025-12-03 10:54:57,375 - INFO - Horaires mis en cache (2 horaires).
2025-12-03 10:55:12,360 - INFO - Génération des séances pour le jour 2025-12-03 (weekday=2)
2025-12-03 10:55:12,362 - INFO - Cache vide → récupération des horaires depuis la DB.
2025-12-03 10:55:12,400 - INFO - Horaires mis en cache (2 horaires).
2025-12-03 10:55:27,360 - INFO - Génération des séances pour le jour 2025-12-03 (weekday=2)
2025-12-03 10:55:27,361 - INFO - Cache vide → récupération des horaires depuis la DB.
2025-12-03 10:55:27,373 - INFO - Horaires mis en cache (2 horaires).
2025-12-03 10:55:42,353 - INFO - Génération des séances pour le jour 2025-12-03 (weekday=2)
2025-12-03 10:55:42,353 - INFO - Cache vide → récupération des horaires depuis la DB.
2025-12-03 10:55:42,365 - INFO - Horaires mis en cache (2 horaires).
2025-12-03 10:55:57,359 - INFO - Génération des séances pour le jour 2025-12-03 (weekday=2)
2025-12-03 10:55:57,361 - INFO - Cache vide → récupération des horaires depuis la DB.
2025-12-03 10:55:57,407 - INFO - Horaires mis en cache (2 horaires).
2025-12-03 10:56:12,354 - INFO - Génération des séances pour le jour 2025-12-03 (weekday=2)
2025-12-03 10:56:12,354 - INFO - Cache vide → récupération des horaires depuis la DB.
2025-12-03 10:56:12,369 - INFO - Horaires mis en cache (2 horaires).
2025-12-03 10:56:27,353 - INFO - Génération des séances pour le jour 2025-12-03 (weekday=2)
2025-12-03 10:56:27,353 - INFO - Cache vide → récupération des horaires depuis la DB.
2025-12-03 10:56:27,367 - INFO - Horaires mis en cache (2 horaires).
2025-12-03 10:56:42,360 - INFO - Génération des séances pour le jour 2025-12-03 (weekday=2)
2025-12-03 10:56:42,362 - INFO - Cache vide → récupération des horaires depuis la DB.
2025-12-03 10:56:42,400 - INFO - Horaires mis en cache (2 horaires).
2025-12-03 10:56:57,361 - INFO - Génération des séances pour le jour 2025-12-03 (weekday=2)
2025-12-03 10:56:57,361 - INFO - Cache vide → récupération des horaires depuis la DB.
2025-12-03 10:56:57,374 - INFO - Horaires mis en cache (2 horaires).
2025-12-03 10:57:12,361 - INFO - Génération des séances pour le jour 2025-12-03 (weekday=2)
2025-12-03 10:57:12,363 - INFO - Cache vide → récupération des horaires depuis la DB.
2025-12-03 10:57:12,405 - INFO - Horaires mis en cache (2 horaires).
2025-12-03 10:57:27,367 - INFO - Génération des séances pour le jour 2025-12-03 (weekday=2)
2025-12-03 10:57:27,369 - INFO - Cache vide → récupération des horaires depuis la DB.
2025-12-03 10:57:27,418 - INFO - Horaires mis en cache (2 horaires).
2025-12-03 10:57:42,360 - INFO - Génération des séances pour le jour 2025-12-03 (weekday=2)
2025-12-03 10:57:42,361 - INFO - Cache vide → récupération des horaires depuis la DB.
2025-12-03 10:57:42,407 - INFO - Horaires mis en cache (2 horaires).
2025-12-03 10:57:57,354 - INFO - Génération des séances pour le jour 2025-12-03 (weekday=2)
2025-12-03 10:57:57,354 - INFO - Cache vide → récupération des horaires depuis la DB.
2025-12-03 10:57:57,372 - INFO - Horaires mis en cache (2 horaires).
2025-12-03 10:58:12,354 - INFO - Génération des séances pour le jour 2025-12-03 (weekday=2)
2025-12-03 10:58:12,354 - INFO - Cache vide → récupération des horaires depuis la DB.
2025-12-03 10:58:12,366 - INFO - Horaires mis en cache (2 horaires).
2025-12-03 10:58:27,359 - INFO - Génération des séances pour le jour 2025-12-03 (weekday=2)
2025-12-03 10:58:27,361 - INFO - Cache vide → récupération des horaires depuis la DB.
2025-12-03 10:58:27,375 - INFO - Horaires mis en cache (2 horaires).
2025-12-03 10:58:42,356 - INFO - Génération des séances pour le jour 2025-12-03 (weekday=2)
2025-12-03 10:58:42,356 - INFO - Cache vide → récupération des horaires depuis la DB.
2025-12-03 10:58:42,367 - INFO - Horaires mis en cache (2 horaires).
2025-12-03 10:58:57,360 - INFO - Génération des séances pour le jour 2025-12-03 (weekday=2)
2025-12-03 10:58:57,361 - INFO - Cache vide → récupération des horaires depuis la DB.
2025-12-03 10:58:57,411 - INFO - Horaires mis en cache (2 horaires).
2025-12-03 10:59:12,354 - INFO - Génération des séances pour le jour 2025-12-03 (weekday=2)
2025-12-03 10:59:12,355 - INFO - Cache vide → récupération des horaires depuis la DB.
2025-12-03 10:59:12,367 - INFO - Horaires mis en cache (2 horaires).
2025-12-03 10:59:27,368 - INFO - Génération des séances pour le jour 2025-12-03 (weekday=2)
2025-12-03 10:59:27,369 - INFO - Cache vide → récupération des horaires depuis la DB.
2025-12-03 10:59:27,406 - INFO - Horaires mis en cache (2 horaires).
2025-12-03 10:59:42,354 - INFO - Génération des séances pour le jour 2025-12-03 (weekday=2)
2025-12-03 10:59:42,354 - INFO - Cache vide → récupération des horaires depuis la DB.
2025-12-03 10:59:42,367 - INFO - Horaires mis en cache (2 horaires).
2025-12-03 10:59:57,361 - INFO - Génération des séances pour le jour 2025-12-03 (weekday=2)
2025-12-03 10:59:57,362 - INFO - Cache vide → récupération des horaires depuis la DB.
2025-12-03 10:59:57,418 - INFO - Horaires mis en cache (2 horaires).
2025-12-03 11:00:12,361 - INFO - Génération des séances pour le jour 2025-12-03 (weekday=2)
2025-12-03 11:00:12,362 - INFO - Cache vide → récupération des horaires depuis la DB.
2025-12-03 11:00:12,399 - INFO - Horaires mis en cache (2 horaires).
2025-12-03 11:00:27,361 - INFO - Génération des séances pour le jour 2025-12-03 (weekday=2)
2025-12-03 11:00:27,363 - INFO - Cache vide → récupération des horaires depuis la DB.
2025-12-03 11:00:27,418 - INFO - Horaires mis en cache (2 horaires).
2025-12-03 11:00:42,355 - INFO - Génération des séances pour le jour 2025-12-03 (weekday=2)
2025-12-03 11:00:42,355 - INFO - Cache vide → récupération des horaires depuis la DB.
2025-12-03 11:00:42,367 - INFO - Horaires mis en cache (2 horaires).
2025-12-03 11:00:57,365 - INFO - Génération des séances pour le jour 2025-12-03 (weekday=2)
2025-12-03 11:00:57,365 - INFO - Cache vide → récupération des horaires depuis la DB.
2025-12-03 11:00:57,377 - INFO - Horaires mis en cache (2 horaires).
2025-12-03 11:01:12,364 - INFO - Génération des séances pour le jour 2025-12-03 (weekday=2)
2025-12-03 11:01:12,365 - INFO - Cache vide → récupération des horaires depuis la DB.
2025-12-03 11:01:12,407 - INFO - Horaires mis en cache (2 horaires).
2025-12-03 11:01:27,364 - INFO - Génération des séances pour le jour 2025-12-03 (weekday=2)
2025-12-03 11:01:27,364 - INFO - Cache vide → récupération des horaires depuis la DB.
2025-12-03 11:01:27,377 - INFO - Horaires mis en cache (2 horaires).
2025-12-03 11:01:42,356 - INFO - Génération des séances pour le jour 2025-12-03 (weekday=2)
2025-12-03 11:01:42,356 - INFO - Cache vide → récupération des horaires depuis la DB.
2025-12-03 11:01:42,367 - INFO - Horaires mis en cache (2 horaires).
2025-12-03 11:01:57,356 - INFO - Génération des séances pour le jour 2025-12-03 (weekday=2)
2025-12-03 11:01:57,356 - INFO - Cache vide → récupération des horaires depuis la DB.
2025-12-03 11:01:57,369 - INFO - Horaires mis en cache (2 horaires).
2025-12-03 11:02:12,356 - INFO - Génération des séances pour le jour 2025-12-03 (weekday=2)
2025-12-03 11:02:12,356 - INFO - Cache vide → récupération des horaires depuis la DB.
2025-12-03 11:02:12,368 - INFO - Horaires mis en cache (2 horaires).
2025-12-03 11:02:27,362 - INFO - Génération des séances pour le jour 2025-12-03 (weekday=2)
2025-12-03 11:02:27,363 - INFO - Cache vide → récupération des horaires depuis la DB.
2025-12-03 11:02:27,413 - INFO - Horaires mis en cache (2 horaires).
2025-12-03 11:02:42,356 - INFO - Génération des séances pour le jour 2025-12-03 (weekday=2)
2025-12-03 11:02:42,356 - INFO - Cache vide → récupération des horaires depuis la DB.
2025-12-03 11:02:42,369 - INFO - Horaires mis en cache (2 horaires).
2025-12-03 11:02:57,364 - INFO - Génération des séances pour le jour 2025-12-03 (weekday=2)
2025-12-03 11:02:57,364 - INFO - Cache vide → récupération des horaires depuis la DB.
2025-12-03 11:02:57,377 - INFO - Horaires mis en cache (2 horaires).
2025-12-03 11:03:12,364 - INFO - Génération des séances pour le jour 2025-12-03 (weekday=2)
2025-12-03 11:03:12,365 - INFO - Cache vide → récupération des horaires depuis la DB.
2025-12-03 11:03:12,415 - INFO - Horaires mis en cache (2 horaires).
2025-12-03 11:03:27,366 - INFO - Génération des séances pour le jour 2025-12-03 (weekday=2)
2025-12-03 11:03:27,367 - INFO - Cache vide → récupération des horaires depuis la DB.
2025-12-03 11:03:27,409 - INFO - Horaires mis en cache (2 horaires).
2025-12-03 11:03:42,367 - INFO - Génération des séances pour le jour 2025-12-03 (weekday=2)
2025-12-03 11:03:42,368 - INFO - Cache vide → récupération des horaires depuis la DB.
2025-12-03 11:03:42,400 - INFO - Horaires mis en cache (2 horaires).
2025-12-03 11:03:57,360 - INFO - Génération des séances pour le jour 2025-12-03 (weekday=2)
2025-12-03 11:03:57,360 - INFO - Cache vide → récupération des horaires depuis la DB.
2025-12-03 11:03:57,373 - INFO - Horaires mis en cache (2 horaires).
2025-12-03 11:04:12,366 - INFO - Génération des séances pour le jour 2025-12-03 (weekday=2)
2025-12-03 11:04:12,367 - INFO - Cache vide → récupération des horaires depuis la DB.
2025-12-03 11:04:12,407 - INFO - Horaires mis en cache (2 horaires).
2025-12-03 11:04:27,360 - INFO - Génération des séances pour le jour 2025-12-03 (weekday=2)
2025-12-03 11:04:27,360 - INFO - Cache vide → récupération des horaires depuis la DB.
2025-12-03 11:04:27,373 - INFO - Horaires mis en cache (2 horaires).
2025-12-03 11:04:42,366 - INFO - Génération des séances pour le jour 2025-12-03 (weekday=2)
2025-12-03 11:04:42,367 - INFO - Cache vide → récupération des horaires depuis la DB.
2025-12-03 11:04:42,404 - INFO - Horaires mis en cache (2 horaires).
2025-12-03 11:04:57,374 - INFO - Génération des séances pour le jour 2025-12-03 (weekday=2)
2025-12-03 11:04:57,375 - INFO - Cache vide → récupération des horaires depuis la DB.
2025-12-03 11:04:57,431 - INFO - Horaires mis en cache (2 horaires).
2025-12-03 11:05:12,366 - INFO - Génération des séances pour le jour 2025-12-03 (weekday=2)
2025-12-03 11:05:12,367 - INFO - Cache vide → récupération des horaires depuis la DB.
2025-12-03 11:05:12,415 - INFO - Horaires mis en cache (2 horaires).
2025-12-03 11:05:27,374 - INFO - Génération des séances pour le jour 2025-12-03 (weekday=2)
2025-12-03 11:05:27,375 - INFO - Cache vide → récupération des horaires depuis la DB.
2025-12-03 11:05:27,420 - INFO - Horaires mis en cache (2 horaires).
2025-12-03 11:05:42,360 - INFO - Génération des séances pour le jour 2025-12-03 (weekday=2)
2025-12-03 11:05:42,361 - INFO - Cache vide → récupération des horaires depuis la DB.
2025-12-03 11:05:42,373 - INFO - Horaires mis en cache (2 horaires).
2025-12-03 11:05:57,366 - INFO - Génération des séances pour le jour 2025-12-03 (weekday=2)
2025-12-03 11:05:57,367 - INFO - Cache vide → récupération des horaires depuis la DB.
2025-12-03 11:05:57,417 - INFO - Horaires mis en cache (2 horaires).
2025-12-03 11:06:12,360 - INFO - Génération des séances pour le jour 2025-12-03 (weekday=2)
2025-12-03 11:06:12,361 - INFO - Cache vide → récupération des horaires depuis la DB.
2025-12-03 11:06:12,372 - INFO - Horaires mis en cache (2 horaires).
2025-12-03 11:06:27,361 - INFO - Génération des séances pour le jour 2025-12-03 (weekday=2)
2025-12-03 11:06:27,362 - INFO - Cache vide → récupération des horaires depuis la DB.
2025-12-03 11:06:27,374 - INFO - Horaires mis en cache (2 horaires).
2025-12-03 11:06:42,368 - INFO - Génération des séances pour le jour 2025-12-03 (weekday=2)
2025-12-03 11:06:42,369 - INFO - Cache vide → récupération des horaires depuis la DB.
2025-12-03 11:06:42,410 - INFO - Horaires mis en cache (2 horaires).
2025-12-03 11:06:57,371 - INFO - Génération des séances pour le jour 2025-12-03 (weekday=2)
2025-12-03 11:06:57,372 - INFO - Cache vide → récupération des horaires depuis la DB.
2025-12-03 11:06:57,385 - INFO - Horaires mis en cache (2 horaires).
2025-12-03 11:07:12,361 - INFO - Génération des séances pour le jour 2025-12-03 (weekday=2)
2025-12-03 11:07:12,361 - INFO - Cache vide → récupération des horaires depuis la DB.
2025-12-03 11:07:12,375 - INFO - Horaires mis en cache (2 horaires).
2025-12-03 11:07:27,375 - INFO - Génération des séances pour le jour 2025-12-03 (weekday=2)
2025-12-03 11:07:27,376 - INFO - Cache vide → récupération des horaires depuis la DB.
2025-12-03 11:07:27,429 - INFO - Horaires mis en cache (2 horaires).
2025-12-03 11:07:42,367 - INFO - Génération des séances pour le jour 2025-12-03 (weekday=2)
2025-12-03 11:07:42,368 - INFO - Cache vide → récupération des horaires depuis la DB.
2025-12-03 11:07:42,410 - INFO - Horaires mis en cache (2 horaires).
2025-12-03 11:07:57,361 - INFO - Génération des séances pour le jour 2025-12-03 (weekday=2)
2025-12-03 11:07:57,362 - INFO - Cache vide → récupération des horaires depuis la DB.
2025-12-03 11:07:57,375 - INFO - Horaires mis en cache (2 horaires).
2025-12-03 11:08:12,361 - INFO - Génération des séances pour le jour 2025-12-03 (weekday=2)
2025-12-03 11:08:12,362 - INFO - Cache vide → récupération des horaires depuis la DB.
2025-12-03 11:08:12,373 - INFO - Horaires mis en cache (2 horaires).
2025-12-03 11:08:27,369 - INFO - Génération des séances pour le jour 2025-12-03 (weekday=2)
2025-12-03 11:08:27,370 - INFO - Cache vide → récupération des horaires depuis la DB.
2025-12-03 11:08:27,383 - INFO - Horaires mis en cache (2 horaires).
2025-12-03 11:08:42,368 - INFO - Génération des séances pour le jour 2025-12-03 (weekday=2)
2025-12-03 11:08:42,369 - INFO - Cache vide → récupération des horaires depuis la DB.
2025-12-03 11:08:42,406 - INFO - Horaires mis en cache (2 horaires).
2025-12-03 11:08:57,370 - INFO - Génération des séances pour le jour 2025-12-03 (weekday=2)
2025-12-03 11:08:57,370 - INFO - Cache vide → récupération des horaires depuis la DB.
2025-12-03 11:08:57,388 - INFO - Horaires mis en cache (2 horaires).
2025-12-03 11:09:12,363 - INFO - Génération des séances pour le jour 2025-12-03 (weekday=2)
2025-12-03 11:09:12,364 - INFO - Cache vide → récupération des horaires depuis la DB.
2025-12-03 11:09:12,387 - INFO - Horaires mis en cache (2 horaires).
2025-12-03 11:09:27,368 - INFO - Génération des séances pour le jour 2025-12-03 (weekday=2)
2025-12-03 11:09:27,370 - INFO - Cache vide → récupération des horaires depuis la DB.
2025-12-03 11:09:27,408 - INFO - Horaires mis en cache (2 horaires).
2025-12-03 11:09:42,365 - INFO - Génération des séances pour le jour 2025-12-03 (weekday=2)
2025-12-03 11:09:42,366 - INFO - Cache vide → récupération des horaires depuis la DB.
2025-12-03 11:09:42,397 - INFO - Horaires mis en cache (2 horaires).
2025-12-03 11:09:57,368 - INFO - Génération des séances pour le jour 2025-12-03 (weekday=2)
2025-12-03 11:09:57,370 - INFO - Cache vide → récupération des horaires depuis la DB.
2025-12-03 11:09:57,427 - INFO - Horaires mis en cache (2 horaires).
2025-12-03 11:10:12,368 - INFO - Génération des séances pour le jour 2025-12-03 (weekday=2)
2025-12-03 11:10:12,370 - INFO - Cache vide → récupération des horaires depuis la DB.
2025-12-03 11:10:12,398 - INFO - Horaires mis en cache (2 horaires).
2025-12-03 11:10:27,370 - INFO - Génération des séances pour le jour 2025-12-03 (weekday=2)
2025-12-03 11:10:27,371 - INFO - Cache vide → récupération des horaires depuis la DB.
2025-12-03 11:10:27,384 - INFO - Horaires mis en cache (2 horaires).
2025-12-03 11:10:42,364 - INFO - Génération des séances pour le jour 2025-12-03 (weekday=2)
2025-12-03 11:10:42,364 - INFO - Cache vide → récupération des horaires depuis la DB.
2025-12-03 11:10:42,381 - INFO - Horaires mis en cache (2 horaires).
2025-12-03 11:10:57,371 - INFO - Génération des séances pour le jour 2025-12-03 (weekday=2)
2025-12-03 11:10:57,372 - INFO - Cache vide → récupération des horaires depuis la DB.
2025-12-03 11:10:57,394 - INFO - Horaires mis en cache (2 horaires).
2025-12-03 11:11:12,372 - INFO - Génération des séances pour le jour 2025-12-03 (weekday=2)
2025-12-03 11:11:12,374 - INFO - Cache vide → récupération des horaires depuis la DB.
2025-12-03 11:11:12,409 - INFO - Horaires mis en cache (2 horaires).
2025-12-03 11:11:27,367 - INFO - Génération des séances pour le jour 2025-12-03 (weekday=2)
2025-12-03 11:11:27,368 - INFO - Cache vide → récupération des horaires depuis la DB.
2025-12-03 11:11:27,390 - INFO - Horaires mis en cache (2 horaires).
2025-12-03 11:11:42,370 - INFO - Génération des séances pour le jour 2025-12-03 (weekday=2)
2025-12-03 11:11:42,372 - INFO - Cache vide → récupération des horaires depuis la DB.
2025-12-03 11:11:42,412 - INFO - Horaires mis en cache (2 horaires).
2025-12-03 11:11:57,371 - INFO - Génération des séances pour le jour 2025-12-03 (weekday=2)
2025-12-03 11:11:57,372 - INFO - Cache vide → récupération des horaires depuis la DB.
2025-12-03 11:11:57,403 - INFO - Horaires mis en cache (2 horaires).
2025-12-03 11:12:12,365 - INFO - Génération des séances pour le jour 2025-12-03 (weekday=2)
2025-12-03 11:12:12,365 - INFO - Cache vide → récupération des horaires depuis la DB.
2025-12-03 11:12:12,377 - INFO - Horaires mis en cache (2 horaires).
2025-12-03 11:12:27,382 - INFO - Génération des séances pour le jour 2025-12-03 (weekday=2)
2025-12-03 11:12:27,383 - INFO - Cache vide → récupération des horaires depuis la DB.
2025-12-03 11:12:27,400 - INFO - Horaires mis en cache (2 horaires).
2025-12-03 11:12:42,373 - INFO - Génération des séances pour le jour 2025-12-03 (weekday=2)
2025-12-03 11:12:42,375 - INFO - Cache vide → récupération des horaires depuis la DB.
2025-12-03 11:12:42,409 - INFO - Horaires mis en cache (2 horaires).
2025-12-03 11:12:57,368 - INFO - Génération des séances pour le jour 2025-12-03 (weekday=2)
2025-12-03 11:12:57,369 - INFO - Cache vide → récupération des horaires depuis la DB.
2025-12-03 11:12:57,385 - INFO - Horaires mis en cache (2 horaires).
2025-12-03 11:13:12,370 - INFO - Génération des séances pour le jour 2025-12-03 (weekday=2)
2025-12-03 11:13:12,371 - INFO - Cache vide → récupération des horaires depuis la DB.
2025-12-03 11:13:12,392 - INFO - Horaires mis en cache (2 horaires).
2025-12-03 11:13:27,372 - INFO - Génération des séances pour le jour 2025-12-03 (weekday=2)
2025-12-03 11:13:27,376 - INFO - Cache vide → récupération des horaires depuis la DB.
2025-12-03 11:13:27,396 - INFO - Horaires mis en cache (2 horaires).
2025-12-03 11:13:42,365 - INFO - Génération des séances pour le jour 2025-12-03 (weekday=2)
2025-12-03 11:13:42,366 - INFO - Cache vide → récupération des horaires depuis la DB.
2025-12-03 11:13:42,378 - INFO - Horaires mis en cache (2 horaires).
2025-12-03 11:13:57,369 - INFO - Génération des séances pour le jour 2025-12-03 (weekday=2)
2025-12-03 11:13:57,370 - INFO - Cache vide → récupération des horaires depuis la DB.
2025-12-03 11:13:57,407 - INFO - Horaires mis en cache (2 horaires).
2025-12-03 11:14:12,371 - INFO - Génération des séances pour le jour 2025-12-03 (weekday=2)
2025-12-03 11:14:12,372 - INFO - Cache vide → récupération des horaires depuis la DB.
2025-12-03 11:14:12,403 - INFO - Horaires mis en cache (2 horaires).
2025-12-03 11:14:27,380 - INFO - Génération des séances pour le jour 2025-12-03 (weekday=2)
2025-12-03 11:14:27,381 - INFO - Cache vide → récupération des horaires depuis la DB.
2025-12-03 11:14:27,426 - INFO - Horaires mis en cache (2 horaires).
2025-12-03 11:14:42,376 - INFO - Génération des séances pour le jour 2025-12-03 (weekday=2)
2025-12-03 11:14:42,377 - INFO - Cache vide → récupération des horaires depuis la DB.
2025-12-03 11:14:42,419 - INFO - Horaires mis en cache (2 horaires).
2025-12-03 11:14:57,381 - INFO - Génération des séances pour le jour 2025-12-03 (weekday=2)
2025-12-03 11:14:57,382 - INFO - Cache vide → récupération des horaires depuis la DB.
2025-12-03 11:14:57,438 - INFO - Horaires mis en cache (2 horaires).
2025-12-03 11:15:12,373 - INFO - Génération des séances pour le jour 2025-12-03 (weekday=2)
2025-12-03 11:15:12,375 - INFO - Cache vide → récupération des horaires depuis la DB.
2025-12-03 11:15:12,408 - INFO - Horaires mis en cache (2 horaires).
2025-12-03 11:15:27,374 - INFO - Génération des séances pour le jour 2025-12-03 (weekday=2)
2025-12-03 11:15:27,376 - INFO - Cache vide → récupération des horaires depuis la DB.
2025-12-03 11:15:27,420 - INFO - Horaires mis en cache (2 horaires).
2025-12-03 11:15:42,374 - INFO - Génération des séances pour le jour 2025-12-03 (weekday=2)
2025-12-03 11:15:42,375 - INFO - Cache vide → récupération des horaires depuis la DB.
2025-12-03 11:15:42,410 - INFO - Horaires mis en cache (2 horaires).
2025-12-03 11:15:57,382 - INFO - Génération des séances pour le jour 2025-12-03 (weekday=2)
2025-12-03 11:15:57,383 - INFO - Cache vide → récupération des horaires depuis la DB.
2025-12-03 11:15:57,419 - INFO - Horaires mis en cache (2 horaires).
2025-12-03 11:16:12,369 - INFO - Génération des séances pour le jour 2025-12-03 (weekday=2)
2025-12-03 11:16:12,369 - INFO - Cache vide → récupération des horaires depuis la DB.
2025-12-03 11:16:12,383 - INFO - Horaires mis en cache (2 horaires).
2025-12-03 11:16:27,370 - INFO - Génération des séances pour le jour 2025-12-03 (weekday=2)
2025-12-03 11:16:27,371 - INFO - Cache vide → récupération des horaires depuis la DB.
2025-12-03 11:16:27,391 - INFO - Horaires mis en cache (2 horaires).
2025-12-03 11:16:42,375 - INFO - Génération des séances pour le jour 2025-12-03 (weekday=2)
2025-12-03 11:16:42,376 - INFO - Cache vide → récupération des horaires depuis la DB.
2025-12-03 11:16:42,414 - INFO - Horaires mis en cache (2 horaires).
2025-12-03 11:16:57,375 - INFO - Génération des séances pour le jour 2025-12-03 (weekday=2)
2025-12-03 11:16:57,376 - INFO - Cache vide → récupération des horaires depuis la DB.
2025-12-03 11:16:57,417 - INFO - Horaires mis en cache (2 horaires).
2025-12-03 11:17:12,368 - INFO - Génération des séances pour le jour 2025-12-03 (weekday=2)
2025-12-03 11:17:12,368 - INFO - Cache vide → récupération des horaires depuis la DB.
2025-12-03 11:17:12,380 - INFO - Horaires mis en cache (2 horaires).
2025-12-03 11:17:27,374 - INFO - Génération des séances pour le jour 2025-12-03 (weekday=2)
2025-12-03 11:17:27,376 - INFO - Cache vide → récupération des horaires depuis la DB.
2025-12-03 11:17:27,420 - INFO - Horaires mis en cache (2 horaires).
2025-12-03 11:17:42,375 - INFO - Génération des séances pour le jour 2025-12-03 (weekday=2)
2025-12-03 11:17:42,376 - INFO - Cache vide → récupération des horaires depuis la DB.
2025-12-03 11:17:42,412 - INFO - Horaires mis en cache (2 horaires).
2025-12-03 11:17:57,369 - INFO - Génération des séances pour le jour 2025-12-03 (weekday=2)
2025-12-03 11:17:57,370 - INFO - Cache vide → récupération des horaires depuis la DB.
2025-12-03 11:17:57,382 - INFO - Horaires mis en cache (2 horaires).
2025-12-03 11:18:12,368 - INFO - Génération des séances pour le jour 2025-12-03 (weekday=2)
2025-12-03 11:18:12,369 - INFO - Cache vide → récupération des horaires depuis la DB.
2025-12-03 11:18:12,381 - INFO - Horaires mis en cache (2 horaires).
2025-12-03 11:18:27,377 - INFO - Génération des séances pour le jour 2025-12-03 (weekday=2)
2025-12-03 11:18:27,377 - INFO - Cache vide → récupération des horaires depuis la DB.
2025-12-03 11:18:27,390 - INFO - Horaires mis en cache (2 horaires).
2025-12-03 11:18:42,374 - INFO - Génération des séances pour le jour 2025-12-03 (weekday=2)
2025-12-03 11:18:42,375 - INFO - Cache vide → récupération des horaires depuis la DB.
2025-12-03 11:18:42,415 - INFO - Horaires mis en cache (2 horaires).
2025-12-03 11:18:57,375 - INFO - Génération des séances pour le jour 2025-12-03 (weekday=2)
2025-12-03 11:18:57,376 - INFO - Cache vide → récupération des horaires depuis la DB.
2025-12-03 11:18:57,427 - INFO - Horaires mis en cache (2 horaires).
2025-12-03 11:19:12,375 - INFO - Génération des séances pour le jour 2025-12-03 (weekday=2)
2025-12-03 11:19:12,376 - INFO - Cache vide → récupération des horaires depuis la DB.
2025-12-03 11:19:12,433 - INFO - Horaires mis en cache (2 horaires).
2025-12-03 11:19:27,369 - INFO - Génération des séances pour le jour 2025-12-03 (weekday=2)
2025-12-03 11:19:27,370 - INFO - Cache vide → récupération des horaires depuis la DB.
2025-12-03 11:19:27,382 - INFO - Horaires mis en cache (2 horaires).
2025-12-03 11:19:42,377 - INFO - Génération des séances pour le jour 2025-12-03 (weekday=2)
2025-12-03 11:19:42,379 - INFO - Cache vide → récupération des horaires depuis la DB.
2025-12-03 11:19:42,416 - INFO - Horaires mis en cache (2 horaires).
2025-12-03 11:19:57,384 - INFO - Génération des séances pour le jour 2025-12-03 (weekday=2)
2025-12-03 11:19:57,385 - INFO - Cache vide → récupération des horaires depuis la DB.
2025-12-03 11:19:57,428 - INFO - Horaires mis en cache (2 horaires).
2025-12-03 11:20:12,371 - INFO - Génération des séances pour le jour 2025-12-03 (weekday=2)
2025-12-03 11:20:12,371 - INFO - Cache vide → récupération des horaires depuis la DB.
2025-12-03 11:20:12,384 - INFO - Horaires mis en cache (2 horaires).
2025-12-03 11:20:27,371 - INFO - Génération des séances pour le jour 2025-12-03 (weekday=2)
2025-12-03 11:20:27,371 - INFO - Cache vide → récupération des horaires depuis la DB.
2025-12-03 11:20:27,384 - INFO - Horaires mis en cache (2 horaires).
2025-12-03 11:20:42,372 - INFO - Génération des séances pour le jour 2025-12-03 (weekday=2)
2025-12-03 11:20:42,373 - INFO - Cache vide → récupération des horaires depuis la DB.
2025-12-03 11:20:42,397 - INFO - Horaires mis en cache (2 horaires).
2025-12-03 11:20:57,377 - INFO - Génération des séances pour le jour 2025-12-03 (weekday=2)
2025-12-03 11:20:57,378 - INFO - Cache vide → récupération des horaires depuis la DB.
2025-12-03 11:20:57,421 - INFO - Horaires mis en cache (2 horaires).
2025-12-03 11:21:12,372 - INFO - Génération des séances pour le jour 2025-12-03 (weekday=2)
2025-12-03 11:21:12,372 - INFO - Cache vide → récupération des horaires depuis la DB.
2025-12-03 11:21:12,384 - INFO - Horaires mis en cache (2 horaires).
2025-12-03 11:21:27,384 - INFO - Génération des séances pour le jour 2025-12-03 (weekday=2)
2025-12-03 11:21:27,385 - INFO - Cache vide → récupération des horaires depuis la DB.
2025-12-03 11:21:27,429 - INFO - Horaires mis en cache (2 horaires).
2025-12-03 11:21:42,371 - INFO - Génération des séances pour le jour 2025-12-03 (weekday=2)
2025-12-03 11:21:42,371 - INFO - Cache vide → récupération des horaires depuis la DB.
2025-12-03 11:21:42,383 - INFO - Horaires mis en cache (2 horaires).
2025-12-03 11:21:57,379 - INFO - Génération des séances pour le jour 2025-12-03 (weekday=2)
2025-12-03 11:21:57,379 - INFO - Cache vide → récupération des horaires depuis la DB.
2025-12-03 11:21:57,392 - INFO - Horaires mis en cache (2 horaires).
2025-12-03 11:22:12,380 - INFO - Génération des séances pour le jour 2025-12-03 (weekday=2)
2025-12-03 11:22:12,381 - INFO - Cache vide → récupération des horaires depuis la DB.
2025-12-03 11:22:12,425 - INFO - Horaires mis en cache (2 horaires).
2025-12-03 11:22:27,379 - INFO - Génération des séances pour le jour 2025-12-03 (weekday=2)
2025-12-03 11:22:27,381 - INFO - Cache vide → récupération des horaires depuis la DB.
2025-12-03 11:22:27,416 - INFO - Horaires mis en cache (2 horaires).
2025-12-03 11:22:42,374 - INFO - Génération des séances pour le jour 2025-12-03 (weekday=2)
2025-12-03 11:22:42,375 - INFO - Cache vide → récupération des horaires depuis la DB.
2025-12-03 11:22:42,397 - INFO - Horaires mis en cache (2 horaires).
2025-12-03 11:22:57,374 - INFO - Génération des séances pour le jour 2025-12-03 (weekday=2)
2025-12-03 11:22:57,375 - INFO - Cache vide → récupération des horaires depuis la DB.
2025-12-03 11:22:57,387 - INFO - Horaires mis en cache (2 horaires).
2025-12-03 11:23:12,380 - INFO - Génération des séances pour le jour 2025-12-03 (weekday=2)
2025-12-03 11:23:12,381 - INFO - Cache vide → récupération des horaires depuis la DB.
2025-12-03 11:23:12,420 - INFO - Horaires mis en cache (2 horaires).
2025-12-03 11:23:27,387 - INFO - Génération des séances pour le jour 2025-12-03 (weekday=2)
2025-12-03 11:23:27,388 - INFO - Cache vide → récupération des horaires depuis la DB.
2025-12-03 11:23:27,432 - INFO - Horaires mis en cache (2 horaires).
2025-12-03 11:23:42,373 - INFO - Génération des séances pour le jour 2025-12-03 (weekday=2)
2025-12-03 11:23:42,373 - INFO - Cache vide → récupération des horaires depuis la DB.
2025-12-03 11:23:42,386 - INFO - Horaires mis en cache (2 horaires).
2025-12-03 11:23:57,387 - INFO - Génération des séances pour le jour 2025-12-03 (weekday=2)
2025-12-03 11:23:57,389 - INFO - Cache vide → récupération des horaires depuis la DB.
2025-12-03 11:23:57,418 - INFO - Horaires mis en cache (2 horaires).
2025-12-03 11:24:12,376 - INFO - Génération des séances pour le jour 2025-12-03 (weekday=2)
2025-12-03 11:24:12,377 - INFO - Cache vide → récupération des horaires depuis la DB.
2025-12-03 11:24:12,397 - INFO - Horaires mis en cache (2 horaires).
2025-12-03 11:24:27,379 - INFO - Génération des séances pour le jour 2025-12-03 (weekday=2)
2025-12-03 11:24:27,380 - INFO - Cache vide → récupération des horaires depuis la DB.
2025-12-03 11:24:27,419 - INFO - Horaires mis en cache (2 horaires).
2025-12-03 11:24:42,374 - INFO - Génération des séances pour le jour 2025-12-03 (weekday=2)
2025-12-03 11:24:42,374 - INFO - Cache vide → récupération des horaires depuis la DB.
2025-12-03 11:24:42,386 - INFO - Horaires mis en cache (2 horaires).
2025-12-03 11:24:57,379 - INFO - Génération des séances pour le jour 2025-12-03 (weekday=2)
2025-12-03 11:24:57,380 - INFO - Cache vide → récupération des horaires depuis la DB.
2025-12-03 11:24:57,422 - INFO - Horaires mis en cache (2 horaires).
2025-12-03 11:25:12,379 - INFO - Génération des séances pour le jour 2025-12-03 (weekday=2)
2025-12-03 11:25:12,380 - INFO - Cache vide → récupération des horaires depuis la DB.
2025-12-03 11:25:12,418 - INFO - Horaires mis en cache (2 horaires).
2025-12-03 11:25:27,382 - INFO - Génération des séances pour le jour 2025-12-03 (weekday=2)
2025-12-03 11:25:27,382 - INFO - Cache vide → récupération des horaires depuis la DB.
2025-12-03 11:25:27,397 - INFO - Horaires mis en cache (2 horaires).
2025-12-03 11:25:42,383 - INFO - Génération des séances pour le jour 2025-12-03 (weekday=2)
2025-12-03 11:25:42,385 - INFO - Cache vide → récupération des horaires depuis la DB.
2025-12-03 11:25:42,422 - INFO - Horaires mis en cache (2 horaires).
2025-12-03 11:25:57,379 - INFO - Génération des séances pour le jour 2025-12-03 (weekday=2)
2025-12-03 11:25:57,380 - INFO - Cache vide → récupération des horaires depuis la DB.
2025-12-03 11:25:57,416 - INFO - Horaires mis en cache (2 horaires).
2025-12-03 11:26:12,375 - INFO - Génération des séances pour le jour 2025-12-03 (weekday=2)
2025-12-03 11:26:12,375 - INFO - Cache vide → récupération des horaires depuis la DB.
2025-12-03 11:26:12,389 - INFO - Horaires mis en cache (2 horaires).
2025-12-03 11:26:27,381 - INFO - Génération des séances pour le jour 2025-12-03 (weekday=2)
2025-12-03 11:26:27,382 - INFO - Cache vide → récupération des horaires depuis la DB.
2025-12-03 11:26:27,433 - INFO - Horaires mis en cache (2 horaires).
2025-12-03 11:26:42,377 - INFO - Génération des séances pour le jour 2025-12-03 (weekday=2)
2025-12-03 11:26:42,378 - INFO - Cache vide → récupération des horaires depuis la DB.
2025-12-03 11:26:42,392 - INFO - Horaires mis en cache (2 horaires).
2025-12-03 11:26:57,383 - INFO - Génération des séances pour le jour 2025-12-03 (weekday=2)
2025-12-03 11:26:57,383 - INFO - Cache vide → récupération des horaires depuis la DB.
2025-12-03 11:26:57,397 - INFO - Horaires mis en cache (2 horaires).
2025-12-03 11:27:12,384 - INFO - Génération des séances pour le jour 2025-12-03 (weekday=2)
2025-12-03 11:27:12,385 - INFO - Cache vide → récupération des horaires depuis la DB.
2025-12-03 11:27:12,420 - INFO - Horaires mis en cache (2 horaires).
2025-12-03 11:27:27,389 - INFO - Génération des séances pour le jour 2025-12-03 (weekday=2)
2025-12-03 11:27:27,390 - INFO - Cache vide → récupération des horaires depuis la DB.
2025-12-03 11:27:27,439 - INFO - Horaires mis en cache (2 horaires).
2025-12-03 11:27:42,376 - INFO - Génération des séances pour le jour 2025-12-03 (weekday=2)
2025-12-03 11:27:42,376 - INFO - Cache vide → récupération des horaires depuis la DB.
2025-12-03 11:27:42,389 - INFO - Horaires mis en cache (2 horaires).
2025-12-03 11:27:57,382 - INFO - Génération des séances pour le jour 2025-12-03 (weekday=2)
2025-12-03 11:27:57,384 - INFO - Cache vide → récupération des horaires depuis la DB.
2025-12-03 11:27:57,425 - INFO - Horaires mis en cache (2 horaires).
2025-12-03 11:28:12,382 - INFO - Génération des séances pour le jour 2025-12-03 (weekday=2)
2025-12-03 11:28:12,383 - INFO - Cache vide → récupération des horaires depuis la DB.
2025-12-03 11:28:12,407 - INFO - Horaires mis en cache (2 horaires).
2025-12-03 11:28:27,379 - INFO - Génération des séances pour le jour 2025-12-03 (weekday=2)
2025-12-03 11:28:27,380 - INFO - Cache vide → récupération des horaires depuis la DB.
2025-12-03 11:28:27,409 - INFO - Horaires mis en cache (2 horaires).
2025-12-03 11:28:42,380 - INFO - Génération des séances pour le jour 2025-12-03 (weekday=2)
2025-12-03 11:28:42,381 - INFO - Cache vide → récupération des horaires depuis la DB.
2025-12-03 11:28:42,422 - INFO - Horaires mis en cache (2 horaires).
2025-12-03 11:28:57,383 - INFO - Génération des séances pour le jour 2025-12-03 (weekday=2)
2025-12-03 11:28:57,384 - INFO - Cache vide → récupération des horaires depuis la DB.
2025-12-03 11:28:57,434 - INFO - Horaires mis en cache (2 horaires).
2025-12-03 11:29:12,381 - INFO - Génération des séances pour le jour 2025-12-03 (weekday=2)
2025-12-03 11:29:12,383 - INFO - Cache vide → récupération des horaires depuis la DB.
2025-12-03 11:29:12,405 - INFO - Horaires mis en cache (2 horaires).
2025-12-03 11:29:27,388 - INFO - Génération des séances pour le jour 2025-12-03 (weekday=2)
2025-12-03 11:29:27,389 - INFO - Cache vide → récupération des horaires depuis la DB.
2025-12-03 11:29:27,419 - INFO - Horaires mis en cache (2 horaires).
2025-12-03 11:29:42,380 - INFO - Génération des séances pour le jour 2025-12-03 (weekday=2)
2025-12-03 11:29:42,381 - INFO - Cache vide → récupération des horaires depuis la DB.
2025-12-03 11:29:42,401 - INFO - Horaires mis en cache (2 horaires).
2025-12-03 11:29:57,384 - INFO - Génération des séances pour le jour 2025-12-03 (weekday=2)
2025-12-03 11:29:57,385 - INFO - Cache vide → récupération des horaires depuis la DB.
2025-12-03 11:29:57,407 - INFO - Horaires mis en cache (2 horaires).
2025-12-03 11:30:12,383 - INFO - Génération des séances pour le jour 2025-12-03 (weekday=2)
2025-12-03 11:30:12,385 - INFO - Cache vide → récupération des horaires depuis la DB.
2025-12-03 11:30:12,410 - INFO - Horaires mis en cache (2 horaires).
2025-12-03 11:30:27,378 - INFO - Génération des séances pour le jour 2025-12-03 (weekday=2)
2025-12-03 11:30:27,378 - INFO - Cache vide → récupération des horaires depuis la DB.
2025-12-03 11:30:27,391 - INFO - Horaires mis en cache (2 horaires).
2025-12-03 11:30:42,384 - INFO - Génération des séances pour le jour 2025-12-03 (weekday=2)
2025-12-03 11:30:42,386 - INFO - Cache vide → récupération des horaires depuis la DB.
2025-12-03 11:30:42,420 - INFO - Horaires mis en cache (2 horaires).
2025-12-03 11:30:57,386 - INFO - Génération des séances pour le jour 2025-12-03 (weekday=2)
2025-12-03 11:30:57,387 - INFO - Cache vide → récupération des horaires depuis la DB.
2025-12-03 11:30:57,408 - INFO - Horaires mis en cache (2 horaires).
2025-12-03 11:31:12,381 - INFO - Génération des séances pour le jour 2025-12-03 (weekday=2)
2025-12-03 11:31:12,382 - INFO - Cache vide → récupération des horaires depuis la DB.
2025-12-03 11:31:12,413 - INFO - Horaires mis en cache (2 horaires).
2025-12-03 11:31:27,384 - INFO - Génération des séances pour le jour 2025-12-03 (weekday=2)
2025-12-03 11:31:27,385 - INFO - Cache vide → récupération des horaires depuis la DB.
2025-12-03 11:31:27,435 - INFO - Horaires mis en cache (2 horaires).
2025-12-03 11:31:42,378 - INFO - Génération des séances pour le jour 2025-12-03 (weekday=2)
2025-12-03 11:31:42,379 - INFO - Cache vide → récupération des horaires depuis la DB.
2025-12-03 11:31:42,390 - INFO - Horaires mis en cache (2 horaires).
2025-12-03 11:31:57,384 - INFO - Génération des séances pour le jour 2025-12-03 (weekday=2)
2025-12-03 11:31:57,385 - INFO - Cache vide → récupération des horaires depuis la DB.
2025-12-03 11:31:57,435 - INFO - Horaires mis en cache (2 horaires).
2025-12-03 11:32:12,379 - INFO - Génération des séances pour le jour 2025-12-03 (weekday=2)
2025-12-03 11:32:12,380 - INFO - Cache vide → récupération des horaires depuis la DB.
2025-12-03 11:32:12,397 - INFO - Horaires mis en cache (2 horaires).
2025-12-03 11:32:27,385 - INFO - Génération des séances pour le jour 2025-12-03 (weekday=2)
2025-12-03 11:32:27,387 - INFO - Cache vide → récupération des horaires depuis la DB.
2025-12-03 11:32:27,422 - INFO - Horaires mis en cache (2 horaires).
2025-12-03 11:32:42,383 - INFO - Génération des séances pour le jour 2025-12-03 (weekday=2)
2025-12-03 11:32:42,384 - INFO - Cache vide → récupération des horaires depuis la DB.
2025-12-03 11:32:42,414 - INFO - Horaires mis en cache (2 horaires).
2025-12-03 11:32:57,393 - INFO - Génération des séances pour le jour 2025-12-03 (weekday=2)
2025-12-03 11:32:57,394 - INFO - Cache vide → récupération des horaires depuis la DB.
2025-12-03 11:32:57,437 - INFO - Horaires mis en cache (2 horaires).
2025-12-03 11:33:12,388 - INFO - Génération des séances pour le jour 2025-12-03 (weekday=2)
2025-12-03 11:33:12,389 - INFO - Cache vide → récupération des horaires depuis la DB.
2025-12-03 11:33:12,420 - INFO - Horaires mis en cache (2 horaires).
2025-12-03 11:33:27,387 - INFO - Génération des séances pour le jour 2025-12-03 (weekday=2)
2025-12-03 11:33:27,389 - INFO - Cache vide → récupération des horaires depuis la DB.
2025-12-03 11:33:27,425 - INFO - Horaires mis en cache (2 horaires).
2025-12-03 11:33:42,381 - INFO - Génération des séances pour le jour 2025-12-03 (weekday=2)
2025-12-03 11:33:42,381 - INFO - Cache vide → récupération des horaires depuis la DB.
2025-12-03 11:33:42,395 - INFO - Horaires mis en cache (2 horaires).
2025-12-03 11:33:57,384 - INFO - Génération des séances pour le jour 2025-12-03 (weekday=2)
2025-12-03 11:33:57,385 - INFO - Cache vide → récupération des horaires depuis la DB.
2025-12-03 11:33:57,406 - INFO - Horaires mis en cache (2 horaires).
2025-12-03 11:34:12,383 - INFO - Génération des séances pour le jour 2025-12-03 (weekday=2)
2025-12-03 11:34:12,383 - INFO - Cache vide → récupération des horaires depuis la DB.
2025-12-03 11:34:12,410 - INFO - Horaires mis en cache (2 horaires).
2025-12-03 11:34:27,387 - INFO - Génération des séances pour le jour 2025-12-03 (weekday=2)
2025-12-03 11:34:27,389 - INFO - Cache vide → récupération des horaires depuis la DB.
2025-12-03 11:34:27,434 - INFO - Horaires mis en cache (2 horaires).
2025-12-03 11:34:42,389 - INFO - Génération des séances pour le jour 2025-12-03 (weekday=2)
2025-12-03 11:34:42,391 - INFO - Cache vide → récupération des horaires depuis la DB.
2025-12-03 11:34:42,419 - INFO - Horaires mis en cache (2 horaires).
2025-12-03 11:34:57,389 - INFO - Génération des séances pour le jour 2025-12-03 (weekday=2)
2025-12-03 11:34:57,390 - INFO - Cache vide → récupération des horaires depuis la DB.
2025-12-03 11:34:57,401 - INFO - Horaires mis en cache (2 horaires).
2025-12-03 11:35:12,384 - INFO - Génération des séances pour le jour 2025-12-03 (weekday=2)
2025-12-03 11:35:12,385 - INFO - Cache vide → récupération des horaires depuis la DB.
2025-12-03 11:35:12,408 - INFO - Horaires mis en cache (2 horaires).
2025-12-03 11:35:27,381 - INFO - Génération des séances pour le jour 2025-12-03 (weekday=2)
2025-12-03 11:35:27,382 - INFO - Cache vide → récupération des horaires depuis la DB.
2025-12-03 11:35:27,395 - INFO - Horaires mis en cache (2 horaires).
2025-12-03 11:35:42,388 - INFO - Génération des séances pour le jour 2025-12-03 (weekday=2)
2025-12-03 11:35:42,389 - INFO - Cache vide → récupération des horaires depuis la DB.
2025-12-03 11:35:42,416 - INFO - Horaires mis en cache (2 horaires).
2025-12-03 11:35:57,387 - INFO - Génération des séances pour le jour 2025-12-03 (weekday=2)
2025-12-03 11:35:57,389 - INFO - Cache vide → récupération des horaires depuis la DB.
2025-12-03 11:35:57,447 - INFO - Horaires mis en cache (2 horaires).
2025-12-03 11:36:12,388 - INFO - Génération des séances pour le jour 2025-12-03 (weekday=2)
2025-12-03 11:36:12,390 - INFO - Cache vide → récupération des horaires depuis la DB.
2025-12-03 11:36:12,422 - INFO - Horaires mis en cache (2 horaires).
2025-12-03 11:36:27,388 - INFO - Génération des séances pour le jour 2025-12-03 (weekday=2)
2025-12-03 11:36:27,390 - INFO - Cache vide → récupération des horaires depuis la DB.
2025-12-03 11:36:27,439 - INFO - Horaires mis en cache (2 horaires).
2025-12-03 11:36:42,382 - INFO - Génération des séances pour le jour 2025-12-03 (weekday=2)
2025-12-03 11:36:42,382 - INFO - Cache vide → récupération des horaires depuis la DB.
2025-12-03 11:36:42,396 - INFO - Horaires mis en cache (2 horaires).
2025-12-03 11:36:57,396 - INFO - Génération des séances pour le jour 2025-12-03 (weekday=2)
2025-12-03 11:36:57,397 - INFO - Cache vide → récupération des horaires depuis la DB.
2025-12-03 11:36:57,439 - INFO - Horaires mis en cache (2 horaires).
2025-12-03 11:37:12,389 - INFO - Génération des séances pour le jour 2025-12-03 (weekday=2)
2025-12-03 11:37:12,390 - INFO - Cache vide → récupération des horaires depuis la DB.
2025-12-03 11:37:12,422 - INFO - Horaires mis en cache (2 horaires).
2025-12-03 11:37:27,389 - INFO - Génération des séances pour le jour 2025-12-03 (weekday=2)
2025-12-03 11:37:27,391 - INFO - Cache vide → récupération des horaires depuis la DB.
2025-12-03 11:37:27,415 - INFO - Horaires mis en cache (2 horaires).
2025-12-03 11:37:42,389 - INFO - Génération des séances pour le jour 2025-12-03 (weekday=2)
2025-12-03 11:37:42,391 - INFO - Cache vide → récupération des horaires depuis la DB.
2025-12-03 11:37:42,418 - INFO - Horaires mis en cache (2 horaires).
2025-12-03 11:37:57,389 - INFO - Génération des séances pour le jour 2025-12-03 (weekday=2)
2025-12-03 11:37:57,390 - INFO - Cache vide → récupération des horaires depuis la DB.
2025-12-03 11:37:57,441 - INFO - Horaires mis en cache (2 horaires).
2025-12-03 11:38:12,388 - INFO - Génération des séances pour le jour 2025-12-03 (weekday=2)
2025-12-03 11:38:12,390 - INFO - Cache vide → récupération des horaires depuis la DB.
2025-12-03 11:38:12,428 - INFO - Horaires mis en cache (2 horaires).
2025-12-03 11:38:27,398 - INFO - Génération des séances pour le jour 2025-12-03 (weekday=2)
2025-12-03 11:38:27,400 - INFO - Cache vide → récupération des horaires depuis la DB.
2025-12-03 11:38:27,421 - INFO - Horaires mis en cache (0 horaires).
2025-12-03 11:38:42,383 - INFO - Génération des séances pour le jour 2025-12-03 (weekday=2)
2025-12-03 11:38:42,383 - INFO - Cache vide → récupération des horaires depuis la DB.
2025-12-03 11:38:42,392 - INFO - Horaires mis en cache (0 horaires).
2025-12-03 11:38:57,383 - INFO - Génération des séances pour le jour 2025-12-03 (weekday=2)
2025-12-03 11:38:57,384 - INFO - Cache vide → récupération des horaires depuis la DB.
2025-12-03 11:38:57,395 - INFO - Horaires mis en cache (1 horaires).
2025-12-03 11:39:12,390 - INFO - Génération des séances pour le jour 2025-12-03 (weekday=2)
2025-12-03 11:39:12,391 - INFO - Cache vide → récupération des horaires depuis la DB.
2025-12-03 11:39:12,431 - INFO - Horaires mis en cache (1 horaires).
2025-12-03 11:39:12,443 - INFO - Séance créée : GENIE LOGICIEL pour la classe 1 (11:39 - 11:45)
2025-12-03 11:39:27,390 - INFO - Génération des séances pour le jour 2025-12-03 (weekday=2)
2025-12-03 11:39:27,391 - INFO - Cache vide → récupération des horaires depuis la DB.
2025-12-03 11:39:27,433 - INFO - Horaires mis en cache (1 horaires).
2025-12-03 11:39:42,390 - INFO - Génération des séances pour le jour 2025-12-03 (weekday=2)
2025-12-03 11:39:42,392 - INFO - Cache vide → récupération des horaires depuis la DB.
2025-12-03 11:39:42,421 - INFO - Horaires mis en cache (1 horaires).
2025-12-03 11:39:57,391 - INFO - Génération des séances pour le jour 2025-12-03 (weekday=2)
2025-12-03 11:39:57,392 - INFO - Cache vide → récupération des horaires depuis la DB.
2025-12-03 11:39:57,426 - INFO - Horaires mis en cache (1 horaires).
2025-12-03 11:40:12,384 - INFO - Génération des séances pour le jour 2025-12-03 (weekday=2)
2025-12-03 11:40:12,384 - INFO - Cache vide → récupération des horaires depuis la DB.
2025-12-03 11:40:12,395 - INFO - Horaires mis en cache (1 horaires).
2025-12-03 11:40:27,396 - INFO - Génération des séances pour le jour 2025-12-03 (weekday=2)
2025-12-03 11:40:27,401 - INFO - Cache vide → récupération des horaires depuis la DB.
2025-12-03 11:40:27,417 - INFO - Horaires mis en cache (1 horaires).
2025-12-03 11:40:42,393 - INFO - Génération des séances pour le jour 2025-12-03 (weekday=2)
2025-12-03 11:40:42,394 - INFO - Cache vide → récupération des horaires depuis la DB.
2025-12-03 11:40:42,436 - INFO - Horaires mis en cache (1 horaires).
2025-12-03 11:40:57,393 - INFO - Génération des séances pour le jour 2025-12-03 (weekday=2)
2025-12-03 11:40:57,394 - INFO - Cache vide → récupération des horaires depuis la DB.
2025-12-03 11:40:57,423 - INFO - Horaires mis en cache (1 horaires).
2025-12-03 11:41:12,393 - INFO - Génération des séances pour le jour 2025-12-03 (weekday=2)
2025-12-03 11:41:12,394 - INFO - Cache vide → récupération des horaires depuis la DB.
2025-12-03 11:41:12,421 - INFO - Horaires mis en cache (1 horaires).
2025-12-03 11:41:27,387 - INFO - Génération des séances pour le jour 2025-12-03 (weekday=2)
2025-12-03 11:41:27,387 - INFO - Cache vide → récupération des horaires depuis la DB.
2025-12-03 11:41:27,399 - INFO - Horaires mis en cache (1 horaires).
2025-12-03 11:41:42,393 - INFO - Génération des séances pour le jour 2025-12-03 (weekday=2)
2025-12-03 11:41:42,395 - INFO - Cache vide → récupération des horaires depuis la DB.
2025-12-03 11:41:42,427 - INFO - Horaires mis en cache (1 horaires).
2025-12-03 11:41:57,393 - INFO - Génération des séances pour le jour 2025-12-03 (weekday=2)
2025-12-03 11:41:57,394 - INFO - Cache vide → récupération des horaires depuis la DB.
2025-12-03 11:41:57,433 - INFO - Horaires mis en cache (1 horaires).
2025-12-03 11:42:12,387 - INFO - Génération des séances pour le jour 2025-12-03 (weekday=2)
2025-12-03 11:42:12,388 - INFO - Cache vide → récupération des horaires depuis la DB.
2025-12-03 11:42:12,400 - INFO - Horaires mis en cache (1 horaires).
2025-12-03 11:42:27,387 - INFO - Génération des séances pour le jour 2025-12-03 (weekday=2)
2025-12-03 11:42:27,388 - INFO - Cache vide → récupération des horaires depuis la DB.
2025-12-03 11:42:27,400 - INFO - Horaires mis en cache (1 horaires).
2025-12-03 11:42:42,388 - INFO - Génération des séances pour le jour 2025-12-03 (weekday=2)
2025-12-03 11:42:42,388 - INFO - Cache vide → récupération des horaires depuis la DB.
2025-12-03 11:42:42,404 - INFO - Horaires mis en cache (1 horaires).
2025-12-03 11:42:57,401 - INFO - Génération des séances pour le jour 2025-12-03 (weekday=2)
2025-12-03 11:42:57,405 - INFO - Cache vide → récupération des horaires depuis la DB.
2025-12-03 11:42:57,458 - INFO - Horaires mis en cache (1 horaires).
2025-12-03 11:43:12,395 - INFO - Génération des séances pour le jour 2025-12-03 (weekday=2)
2025-12-03 11:43:12,398 - INFO - Cache vide → récupération des horaires depuis la DB.
2025-12-03 11:43:12,424 - INFO - Horaires mis en cache (1 horaires).
2025-12-03 11:43:27,393 - INFO - Génération des séances pour le jour 2025-12-03 (weekday=2)
2025-12-03 11:43:27,395 - INFO - Cache vide → récupération des horaires depuis la DB.
2025-12-03 11:43:27,440 - INFO - Horaires mis en cache (1 horaires).
2025-12-03 11:43:42,394 - INFO - Génération des séances pour le jour 2025-12-03 (weekday=2)
2025-12-03 11:43:42,396 - INFO - Cache vide → récupération des horaires depuis la DB.
2025-12-03 11:43:42,433 - INFO - Horaires mis en cache (1 horaires).
2025-12-03 11:43:57,394 - INFO - Génération des séances pour le jour 2025-12-03 (weekday=2)
2025-12-03 11:43:57,395 - INFO - Cache vide → récupération des horaires depuis la DB.
2025-12-03 11:43:57,439 - INFO - Horaires mis en cache (1 horaires).
2025-12-03 11:44:12,388 - INFO - Génération des séances pour le jour 2025-12-03 (weekday=2)
2025-12-03 11:44:12,389 - INFO - Cache vide → récupération des horaires depuis la DB.
2025-12-03 11:44:12,403 - INFO - Horaires mis en cache (1 horaires).
2025-12-03 11:44:27,393 - INFO - Génération des séances pour le jour 2025-12-03 (weekday=2)
2025-12-03 11:44:27,394 - INFO - Cache vide → récupération des horaires depuis la DB.
2025-12-03 11:44:27,437 - INFO - Horaires mis en cache (1 horaires).
2025-12-03 11:44:42,393 - INFO - Génération des séances pour le jour 2025-12-03 (weekday=2)
2025-12-03 11:44:42,394 - INFO - Cache vide → récupération des horaires depuis la DB.
2025-12-03 11:44:42,415 - INFO - Horaires mis en cache (1 horaires).
2025-12-03 11:44:57,396 - INFO - Génération des séances pour le jour 2025-12-03 (weekday=2)
2025-12-03 11:44:57,398 - INFO - Cache vide → récupération des horaires depuis la DB.
2025-12-03 11:44:57,444 - INFO - Horaires mis en cache (1 horaires).
2025-12-03 11:45:12,389 - INFO - Génération des séances pour le jour 2025-12-03 (weekday=2)
2025-12-03 11:45:12,389 - INFO - Cache vide → récupération des horaires depuis la DB.
2025-12-03 11:45:12,401 - INFO - Horaires mis en cache (1 horaires).
2025-12-03 11:45:27,395 - INFO - Génération des séances pour le jour 2025-12-03 (weekday=2)
2025-12-03 11:45:27,397 - INFO - Cache vide → récupération des horaires depuis la DB.
2025-12-03 11:45:27,442 - INFO - Horaires mis en cache (1 horaires).
2025-12-03 11:45:42,395 - INFO - Génération des séances pour le jour 2025-12-03 (weekday=2)
2025-12-03 11:45:42,397 - INFO - Cache vide → récupération des horaires depuis la DB.
2025-12-03 11:45:42,423 - INFO - Horaires mis en cache (1 horaires).
2025-12-03 11:45:57,396 - INFO - Génération des séances pour le jour 2025-12-03 (weekday=2)
2025-12-03 11:45:57,397 - INFO - Cache vide → récupération des horaires depuis la DB.
2025-12-03 11:45:57,439 - INFO - Horaires mis en cache (1 horaires).
2025-12-03 11:46:12,395 - INFO - Génération des séances pour le jour 2025-12-03 (weekday=2)
2025-12-03 11:46:12,397 - INFO - Cache vide → récupération des horaires depuis la DB.
2025-12-03 11:46:12,440 - INFO - Horaires mis en cache (1 horaires).
2025-12-03 11:46:27,404 - INFO - Génération des séances pour le jour 2025-12-03 (weekday=2)
2025-12-03 11:46:27,405 - INFO - Cache vide → récupération des horaires depuis la DB.
2025-12-03 11:46:27,451 - INFO - Horaires mis en cache (1 horaires).
2025-12-03 11:46:42,391 - INFO - Génération des séances pour le jour 2025-12-03 (weekday=2)
2025-12-03 11:46:42,391 - INFO - Cache vide → récupération des horaires depuis la DB.
2025-12-03 11:46:42,407 - INFO - Horaires mis en cache (1 horaires).
2025-12-03 11:46:57,396 - INFO - Génération des séances pour le jour 2025-12-03 (weekday=2)
2025-12-03 11:46:57,398 - INFO - Cache vide → récupération des horaires depuis la DB.
2025-12-03 11:46:57,443 - INFO - Horaires mis en cache (1 horaires).
2025-12-03 11:47:12,396 - INFO - Génération des séances pour le jour 2025-12-03 (weekday=2)
2025-12-03 11:47:12,397 - INFO - Cache vide → récupération des horaires depuis la DB.
2025-12-03 11:47:12,433 - INFO - Horaires mis en cache (1 horaires).
2025-12-03 11:47:27,396 - INFO - Génération des séances pour le jour 2025-12-03 (weekday=2)
2025-12-03 11:47:27,397 - INFO - Cache vide → récupération des horaires depuis la DB.
2025-12-03 11:47:27,437 - INFO - Horaires mis en cache (1 horaires).
2025-12-03 11:47:42,391 - INFO - Génération des séances pour le jour 2025-12-03 (weekday=2)
2025-12-03 11:47:42,392 - INFO - Cache vide → récupération des horaires depuis la DB.
2025-12-03 11:47:42,403 - INFO - Horaires mis en cache (1 horaires).
2025-12-03 11:47:57,393 - INFO - Génération des séances pour le jour 2025-12-03 (weekday=2)
2025-12-03 11:47:57,393 - INFO - Cache vide → récupération des horaires depuis la DB.
2025-12-03 11:47:57,413 - INFO - Horaires mis en cache (1 horaires).
2025-12-03 11:48:12,399 - INFO - Génération des séances pour le jour 2025-12-03 (weekday=2)
2025-12-03 11:48:12,400 - INFO - Cache vide → récupération des horaires depuis la DB.
2025-12-03 11:48:12,440 - INFO - Horaires mis en cache (1 horaires).
2025-12-03 11:48:27,405 - INFO - Génération des séances pour le jour 2025-12-03 (weekday=2)
2025-12-03 11:48:27,406 - INFO - Cache vide → récupération des horaires depuis la DB.
2025-12-03 11:48:27,448 - INFO - Horaires mis en cache (1 horaires).
2025-12-03 11:48:42,396 - INFO - Génération des séances pour le jour 2025-12-03 (weekday=2)
2025-12-03 11:48:42,397 - INFO - Cache vide → récupération des horaires depuis la DB.
2025-12-03 11:48:42,421 - INFO - Horaires mis en cache (1 horaires).
2025-12-03 11:48:57,397 - INFO - Génération des séances pour le jour 2025-12-03 (weekday=2)
2025-12-03 11:48:57,399 - INFO - Cache vide → récupération des horaires depuis la DB.
2025-12-03 11:48:57,442 - INFO - Horaires mis en cache (1 horaires).
2025-12-03 11:49:12,392 - INFO - Génération des séances pour le jour 2025-12-03 (weekday=2)
2025-12-03 11:49:12,392 - INFO - Cache vide → récupération des horaires depuis la DB.
2025-12-03 11:49:12,404 - INFO - Horaires mis en cache (1 horaires).
2025-12-03 11:49:27,391 - INFO - Génération des séances pour le jour 2025-12-03 (weekday=2)
2025-12-03 11:49:27,392 - INFO - Cache vide → récupération des horaires depuis la DB.
2025-12-03 11:49:27,403 - INFO - Horaires mis en cache (1 horaires).
2025-12-03 11:49:42,397 - INFO - Génération des séances pour le jour 2025-12-03 (weekday=2)
2025-12-03 11:49:42,399 - INFO - Cache vide → récupération des horaires depuis la DB.
2025-12-03 11:49:42,432 - INFO - Horaires mis en cache (1 horaires).
2025-12-03 11:49:57,398 - INFO - Génération des séances pour le jour 2025-12-03 (weekday=2)
2025-12-03 11:49:57,399 - INFO - Cache vide → récupération des horaires depuis la DB.
2025-12-03 11:49:57,442 - INFO - Horaires mis en cache (1 horaires).
2025-12-03 11:50:12,401 - INFO - Génération des séances pour le jour 2025-12-03 (weekday=2)
2025-12-03 11:50:12,402 - INFO - Cache vide → récupération des horaires depuis la DB.
2025-12-03 11:50:12,437 - INFO - Horaires mis en cache (1 horaires).
2025-12-03 11:50:27,406 - INFO - Génération des séances pour le jour 2025-12-03 (weekday=2)
2025-12-03 11:50:27,407 - INFO - Cache vide → récupération des horaires depuis la DB.
2025-12-03 11:50:27,445 - INFO - Horaires mis en cache (1 horaires).
2025-12-03 11:50:42,396 - INFO - Génération des séances pour le jour 2025-12-03 (weekday=2)
2025-12-03 11:50:42,397 - INFO - Cache vide → récupération des horaires depuis la DB.
2025-12-03 11:50:42,424 - INFO - Horaires mis en cache (1 horaires).
2025-12-03 11:50:57,399 - INFO - Génération des séances pour le jour 2025-12-03 (weekday=2)
2025-12-03 11:50:57,401 - INFO - Cache vide → récupération des horaires depuis la DB.
2025-12-03 11:50:57,448 - INFO - Horaires mis en cache (1 horaires).
2025-12-03 11:51:12,400 - INFO - Génération des séances pour le jour 2025-12-03 (weekday=2)
2025-12-03 11:51:12,401 - INFO - Cache vide → récupération des horaires depuis la DB.
2025-12-03 11:51:12,437 - INFO - Horaires mis en cache (1 horaires).
2025-12-03 11:51:27,400 - INFO - Génération des séances pour le jour 2025-12-03 (weekday=2)
2025-12-03 11:51:27,401 - INFO - Cache vide → récupération des horaires depuis la DB.
2025-12-03 11:51:27,451 - INFO - Horaires mis en cache (1 horaires).
2025-12-03 11:51:42,400 - INFO - Génération des séances pour le jour 2025-12-03 (weekday=2)
2025-12-03 11:51:42,401 - INFO - Cache vide → récupération des horaires depuis la DB.
2025-12-03 11:51:42,443 - INFO - Horaires mis en cache (1 horaires).
2025-12-03 11:51:57,401 - INFO - Génération des séances pour le jour 2025-12-03 (weekday=2)
2025-12-03 11:51:57,402 - INFO - Cache vide → récupération des horaires depuis la DB.
2025-12-03 11:51:57,413 - INFO - Horaires mis en cache (1 horaires).
2025-12-03 11:52:12,394 - INFO - Génération des séances pour le jour 2025-12-03 (weekday=2)
2025-12-03 11:52:12,394 - INFO - Cache vide → récupération des horaires depuis la DB.
2025-12-03 11:52:12,405 - INFO - Horaires mis en cache (1 horaires).
2025-12-03 11:52:27,399 - INFO - Génération des séances pour le jour 2025-12-03 (weekday=2)
2025-12-03 11:52:27,401 - INFO - Cache vide → récupération des horaires depuis la DB.
2025-12-03 11:52:27,446 - INFO - Horaires mis en cache (1 horaires).
2025-12-03 11:52:42,394 - INFO - Génération des séances pour le jour 2025-12-03 (weekday=2)
2025-12-03 11:52:42,395 - INFO - Cache vide → récupération des horaires depuis la DB.
2025-12-03 11:52:42,405 - INFO - Horaires mis en cache (1 horaires).
2025-12-03 11:52:57,400 - INFO - Génération des séances pour le jour 2025-12-03 (weekday=2)
2025-12-03 11:52:57,402 - INFO - Cache vide → récupération des horaires depuis la DB.
2025-12-03 11:52:57,449 - INFO - Horaires mis en cache (1 horaires).
2025-12-03 11:53:12,400 - INFO - Génération des séances pour le jour 2025-12-03 (weekday=2)
2025-12-03 11:53:12,401 - INFO - Cache vide → récupération des horaires depuis la DB.
2025-12-03 11:53:12,442 - INFO - Horaires mis en cache (1 horaires).
2025-12-03 11:53:27,401 - INFO - Génération des séances pour le jour 2025-12-03 (weekday=2)
2025-12-03 11:53:27,402 - INFO - Cache vide → récupération des horaires depuis la DB.
2025-12-03 11:53:27,442 - INFO - Horaires mis en cache (1 horaires).
2025-12-03 11:53:42,401 - INFO - Génération des séances pour le jour 2025-12-03 (weekday=2)
2025-12-03 11:53:42,402 - INFO - Cache vide → récupération des horaires depuis la DB.
2025-12-03 11:53:42,442 - INFO - Horaires mis en cache (1 horaires).
2025-12-03 11:53:57,401 - INFO - Génération des séances pour le jour 2025-12-03 (weekday=2)
2025-12-03 11:53:57,402 - INFO - Cache vide → récupération des horaires depuis la DB.
2025-12-03 11:53:57,442 - INFO - Horaires mis en cache (1 horaires).
2025-12-03 11:54:12,396 - INFO - Génération des séances pour le jour 2025-12-03 (weekday=2)
2025-12-03 11:54:12,397 - INFO - Cache vide → récupération des horaires depuis la DB.
2025-12-03 11:54:12,415 - INFO - Horaires mis en cache (1 horaires).
2025-12-03 11:54:27,395 - INFO - Génération des séances pour le jour 2025-12-03 (weekday=2)
2025-12-03 11:54:27,396 - INFO - Cache vide → récupération des horaires depuis la DB.
2025-12-03 11:54:27,408 - INFO - Horaires mis en cache (1 horaires).
2025-12-03 11:54:42,396 - INFO - Génération des séances pour le jour 2025-12-03 (weekday=2)
2025-12-03 11:54:42,397 - INFO - Cache vide → récupération des horaires depuis la DB.
2025-12-03 11:54:42,417 - INFO - Horaires mis en cache (1 horaires).
2025-12-03 11:54:57,396 - INFO - Génération des séances pour le jour 2025-12-03 (weekday=2)
2025-12-03 11:54:57,397 - INFO - Cache vide → récupération des horaires depuis la DB.
2025-12-03 11:54:57,411 - INFO - Horaires mis en cache (1 horaires).
2025-12-03 11:55:12,401 - INFO - Génération des séances pour le jour 2025-12-03 (weekday=2)
2025-12-03 11:55:12,402 - INFO - Cache vide → récupération des horaires depuis la DB.
2025-12-03 11:55:12,414 - INFO - Horaires mis en cache (1 horaires).
2025-12-03 11:55:27,401 - INFO - Génération des séances pour le jour 2025-12-03 (weekday=2)
2025-12-03 11:55:27,402 - INFO - Cache vide → récupération des horaires depuis la DB.
2025-12-03 11:55:27,448 - INFO - Horaires mis en cache (1 horaires).
2025-12-03 11:55:42,406 - INFO - Génération des séances pour le jour 2025-12-03 (weekday=2)
2025-12-03 11:55:42,407 - INFO - Cache vide → récupération des horaires depuis la DB.
2025-12-03 11:55:42,438 - INFO - Horaires mis en cache (1 horaires).
2025-12-03 11:55:57,406 - INFO - Génération des séances pour le jour 2025-12-03 (weekday=2)
2025-12-03 11:55:57,406 - INFO - Cache vide → récupération des horaires depuis la DB.
2025-12-03 11:55:57,419 - INFO - Horaires mis en cache (1 horaires).
2025-12-03 11:56:12,397 - INFO - Génération des séances pour le jour 2025-12-03 (weekday=2)
2025-12-03 11:56:12,398 - INFO - Cache vide → récupération des horaires depuis la DB.
2025-12-03 11:56:12,408 - INFO - Horaires mis en cache (1 horaires).
2025-12-03 11:56:27,404 - INFO - Génération des séances pour le jour 2025-12-03 (weekday=2)
2025-12-03 11:56:27,405 - INFO - Cache vide → récupération des horaires depuis la DB.
2025-12-03 11:56:27,435 - INFO - Horaires mis en cache (1 horaires).
2025-12-03 11:56:42,405 - INFO - Génération des séances pour le jour 2025-12-03 (weekday=2)
2025-12-03 11:56:42,408 - INFO - Cache vide → récupération des horaires depuis la DB.
2025-12-03 11:56:42,433 - INFO - Horaires mis en cache (1 horaires).
2025-12-03 11:56:57,405 - INFO - Génération des séances pour le jour 2025-12-03 (weekday=2)
2025-12-03 11:56:57,406 - INFO - Cache vide → récupération des horaires depuis la DB.
2025-12-03 11:56:57,436 - INFO - Horaires mis en cache (1 horaires).
2025-12-03 11:57:12,404 - INFO - Génération des séances pour le jour 2025-12-03 (weekday=2)
2025-12-03 11:57:12,405 - INFO - Cache vide → récupération des horaires depuis la DB.
2025-12-03 11:57:12,446 - INFO - Horaires mis en cache (1 horaires).
2025-12-03 11:57:27,412 - INFO - Génération des séances pour le jour 2025-12-03 (weekday=2)
2025-12-03 11:57:27,414 - INFO - Cache vide → récupération des horaires depuis la DB.
2025-12-03 11:57:27,457 - INFO - Horaires mis en cache (1 horaires).
2025-12-03 11:57:42,398 - INFO - Génération des séances pour le jour 2025-12-03 (weekday=2)
2025-12-03 11:57:42,398 - INFO - Cache vide → récupération des horaires depuis la DB.
2025-12-03 11:57:42,411 - INFO - Horaires mis en cache (1 horaires).
2025-12-03 11:57:57,405 - INFO - Génération des séances pour le jour 2025-12-03 (weekday=2)
2025-12-03 11:57:57,407 - INFO - Cache vide → récupération des horaires depuis la DB.
2025-12-03 11:57:57,447 - INFO - Horaires mis en cache (1 horaires).
2025-12-03 11:58:12,404 - INFO - Génération des séances pour le jour 2025-12-03 (weekday=2)
2025-12-03 11:58:12,406 - INFO - Cache vide → récupération des horaires depuis la DB.
2025-12-03 11:58:12,440 - INFO - Horaires mis en cache (1 horaires).
2025-12-03 11:58:27,401 - INFO - Génération des séances pour le jour 2025-12-03 (weekday=2)
2025-12-03 11:58:27,401 - INFO - Cache vide → récupération des horaires depuis la DB.
2025-12-03 11:58:27,415 - INFO - Horaires mis en cache (1 horaires).
2025-12-03 11:58:42,399 - INFO - Génération des séances pour le jour 2025-12-03 (weekday=2)
2025-12-03 11:58:42,400 - INFO - Cache vide → récupération des horaires depuis la DB.
2025-12-03 11:58:42,422 - INFO - Horaires mis en cache (1 horaires).
2025-12-03 11:58:57,399 - INFO - Génération des séances pour le jour 2025-12-03 (weekday=2)
2025-12-03 11:58:57,399 - INFO - Cache vide → récupération des horaires depuis la DB.
2025-12-03 11:58:57,410 - INFO - Horaires mis en cache (1 horaires).
2025-12-03 11:59:12,400 - INFO - Génération des séances pour le jour 2025-12-03 (weekday=2)
2025-12-03 11:59:12,400 - INFO - Cache vide → récupération des horaires depuis la DB.
2025-12-03 11:59:12,413 - INFO - Horaires mis en cache (1 horaires).
2025-12-03 11:59:27,405 - INFO - Génération des séances pour le jour 2025-12-03 (weekday=2)
2025-12-03 11:59:27,406 - INFO - Cache vide → récupération des horaires depuis la DB.
2025-12-03 11:59:27,452 - INFO - Horaires mis en cache (1 horaires).
2025-12-03 11:59:42,407 - INFO - Génération des séances pour le jour 2025-12-03 (weekday=2)
2025-12-03 11:59:42,409 - INFO - Cache vide → récupération des horaires depuis la DB.
2025-12-03 11:59:42,449 - INFO - Horaires mis en cache (1 horaires).
2025-12-03 11:59:57,414 - INFO - Génération des séances pour le jour 2025-12-03 (weekday=2)
2025-12-03 11:59:57,415 - INFO - Cache vide → récupération des horaires depuis la DB.
2025-12-03 11:59:57,455 - INFO - Horaires mis en cache (1 horaires).
2025-12-03 12:00:12,407 - INFO - Génération des séances pour le jour 2025-12-03 (weekday=2)
2025-12-03 12:00:12,409 - INFO - Cache vide → récupération des horaires depuis la DB.
2025-12-03 12:00:12,444 - INFO - Horaires mis en cache (1 horaires).
2025-12-03 12:00:27,407 - INFO - Génération des séances pour le jour 2025-12-03 (weekday=2)
2025-12-03 12:00:27,408 - INFO - Cache vide → récupération des horaires depuis la DB.
2025-12-03 12:00:27,451 - INFO - Horaires mis en cache (1 horaires).
2025-12-03 12:00:42,401 - INFO - Génération des séances pour le jour 2025-12-03 (weekday=2)
2025-12-03 12:00:42,401 - INFO - Cache vide → récupération des horaires depuis la DB.
2025-12-03 12:00:42,416 - INFO - Horaires mis en cache (1 horaires).
2025-12-03 12:00:57,406 - INFO - Génération des séances pour le jour 2025-12-03 (weekday=2)
2025-12-03 12:00:57,408 - INFO - Cache vide → récupération des horaires depuis la DB.
2025-12-03 12:00:57,459 - INFO - Horaires mis en cache (1 horaires).
2025-12-03 12:01:12,406 - INFO - Génération des séances pour le jour 2025-12-03 (weekday=2)
2025-12-03 12:01:12,407 - INFO - Cache vide → récupération des horaires depuis la DB.
2025-12-03 12:01:12,451 - INFO - Horaires mis en cache (1 horaires).
2025-12-03 12:01:27,407 - INFO - Génération des séances pour le jour 2025-12-03 (weekday=2)
2025-12-03 12:01:27,408 - INFO - Cache vide → récupération des horaires depuis la DB.
2025-12-03 12:01:27,451 - INFO - Horaires mis en cache (1 horaires).
2025-12-03 12:01:42,408 - INFO - Génération des séances pour le jour 2025-12-03 (weekday=2)
2025-12-03 12:01:42,409 - INFO - Cache vide → récupération des horaires depuis la DB.
2025-12-03 12:01:42,436 - INFO - Horaires mis en cache (1 horaires).
2025-12-03 12:01:57,402 - INFO - Génération des séances pour le jour 2025-12-03 (weekday=2)
2025-12-03 12:01:57,403 - INFO - Cache vide → récupération des horaires depuis la DB.
2025-12-03 12:01:57,421 - INFO - Horaires mis en cache (1 horaires).
2025-12-03 12:02:12,409 - INFO - Génération des séances pour le jour 2025-12-03 (weekday=2)
2025-12-03 12:02:12,410 - INFO - Cache vide → récupération des horaires depuis la DB.
2025-12-03 12:02:12,438 - INFO - Horaires mis en cache (1 horaires).
2025-12-03 12:02:27,403 - INFO - Génération des séances pour le jour 2025-12-03 (weekday=2)
2025-12-03 12:02:27,404 - INFO - Cache vide → récupération des horaires depuis la DB.
2025-12-03 12:02:27,430 - INFO - Horaires mis en cache (1 horaires).
2025-12-03 12:02:42,408 - INFO - Génération des séances pour le jour 2025-12-03 (weekday=2)
2025-12-03 12:02:42,410 - INFO - Cache vide → récupération des horaires depuis la DB.
2025-12-03 12:02:42,434 - INFO - Horaires mis en cache (1 horaires).
2025-12-03 12:02:57,402 - INFO - Génération des séances pour le jour 2025-12-03 (weekday=2)
2025-12-03 12:02:57,402 - INFO - Cache vide → récupération des horaires depuis la DB.
2025-12-03 12:02:57,418 - INFO - Horaires mis en cache (1 horaires).
2025-12-03 12:03:12,408 - INFO - Génération des séances pour le jour 2025-12-03 (weekday=2)
2025-12-03 12:03:12,410 - INFO - Cache vide → récupération des horaires depuis la DB.
2025-12-03 12:03:12,443 - INFO - Horaires mis en cache (1 horaires).
2025-12-03 12:03:27,408 - INFO - Génération des séances pour le jour 2025-12-03 (weekday=2)
2025-12-03 12:03:27,409 - INFO - Cache vide → récupération des horaires depuis la DB.
2025-12-03 12:03:27,451 - INFO - Horaires mis en cache (1 horaires).
2025-12-03 12:03:42,412 - INFO - Génération des séances pour le jour 2025-12-03 (weekday=2)
2025-12-03 12:03:42,413 - INFO - Cache vide → récupération des horaires depuis la DB.
2025-12-03 12:03:42,445 - INFO - Horaires mis en cache (1 horaires).
2025-12-03 12:03:57,418 - INFO - Génération des séances pour le jour 2025-12-03 (weekday=2)
2025-12-03 12:03:57,419 - INFO - Cache vide → récupération des horaires depuis la DB.
2025-12-03 12:03:57,457 - INFO - Horaires mis en cache (0 horaires).
2025-12-03 12:04:12,410 - INFO - Génération des séances pour le jour 2025-12-03 (weekday=2)
2025-12-03 12:04:12,411 - INFO - Cache vide → récupération des horaires depuis la DB.
2025-12-03 12:04:12,431 - INFO - Horaires mis en cache (1 horaires).
2025-12-03 12:04:12,437 - INFO - Séance créée : GENIE LOGICIEL pour la classe 1 (12:04 - 12:58)
2025-12-03 12:04:27,410 - INFO - Génération des séances pour le jour 2025-12-03 (weekday=2)
2025-12-03 12:04:27,412 - INFO - Cache vide → récupération des horaires depuis la DB.
2025-12-03 12:04:27,447 - INFO - Horaires mis en cache (1 horaires).
2025-12-03 12:04:42,410 - INFO - Génération des séances pour le jour 2025-12-03 (weekday=2)
2025-12-03 12:04:42,411 - INFO - Cache vide → récupération des horaires depuis la DB.
2025-12-03 12:04:42,454 - INFO - Horaires mis en cache (1 horaires).
2025-12-03 12:04:57,407 - INFO - Génération des séances pour le jour 2025-12-03 (weekday=2)
2025-12-03 12:04:57,407 - INFO - Cache vide → récupération des horaires depuis la DB.
2025-12-03 12:04:57,420 - INFO - Horaires mis en cache (1 horaires).
2025-12-03 12:05:12,404 - INFO - Génération des séances pour le jour 2025-12-03 (weekday=2)
2025-12-03 12:05:12,405 - INFO - Cache vide → récupération des horaires depuis la DB.
2025-12-03 12:05:12,416 - INFO - Horaires mis en cache (1 horaires).
2025-12-03 12:05:27,411 - INFO - Génération des séances pour le jour 2025-12-03 (weekday=2)
2025-12-03 12:05:27,412 - INFO - Cache vide → récupération des horaires depuis la DB.
2025-12-03 12:05:27,451 - INFO - Horaires mis en cache (1 horaires).
2025-12-03 12:05:42,413 - INFO - Génération des séances pour le jour 2025-12-03 (weekday=2)
2025-12-03 12:05:42,415 - INFO - Cache vide → récupération des horaires depuis la DB.
2025-12-03 12:05:42,455 - INFO - Horaires mis en cache (1 horaires).
2025-12-03 12:05:57,412 - INFO - Génération des séances pour le jour 2025-12-03 (weekday=2)
2025-12-03 12:05:57,413 - INFO - Cache vide → récupération des horaires depuis la DB.
2025-12-03 12:05:57,460 - INFO - Horaires mis en cache (1 horaires).
2025-12-03 12:06:12,407 - INFO - Génération des séances pour le jour 2025-12-03 (weekday=2)
2025-12-03 12:06:12,409 - INFO - Cache vide → récupération des horaires depuis la DB.
2025-12-03 12:06:12,430 - INFO - Horaires mis en cache (1 horaires).
2025-12-03 12:06:27,405 - INFO - Génération des séances pour le jour 2025-12-03 (weekday=2)
2025-12-03 12:06:27,406 - INFO - Cache vide → récupération des horaires depuis la DB.
2025-12-03 12:06:27,418 - INFO - Horaires mis en cache (1 horaires).
2025-12-03 12:06:42,412 - INFO - Génération des séances pour le jour 2025-12-03 (weekday=2)
2025-12-03 12:06:42,413 - INFO - Cache vide → récupération des horaires depuis la DB.
2025-12-03 12:06:42,426 - INFO - Horaires mis en cache (1 horaires).
2025-12-03 12:06:57,406 - INFO - Génération des séances pour le jour 2025-12-03 (weekday=2)
2025-12-03 12:06:57,406 - INFO - Cache vide → récupération des horaires depuis la DB.
2025-12-03 12:06:57,417 - INFO - Horaires mis en cache (1 horaires).
2025-12-03 12:07:12,412 - INFO - Génération des séances pour le jour 2025-12-03 (weekday=2)
2025-12-03 12:07:12,413 - INFO - Cache vide → récupération des horaires depuis la DB.
2025-12-03 12:07:12,459 - INFO - Horaires mis en cache (1 horaires).
2025-12-03 12:07:27,410 - INFO - Génération des séances pour le jour 2025-12-03 (weekday=2)
2025-12-03 12:07:27,411 - INFO - Cache vide → récupération des horaires depuis la DB.
2025-12-03 12:07:27,440 - INFO - Horaires mis en cache (1 horaires).
2025-12-03 12:07:42,407 - INFO - Génération des séances pour le jour 2025-12-03 (weekday=2)
2025-12-03 12:07:42,407 - INFO - Cache vide → récupération des horaires depuis la DB.
2025-12-03 12:07:42,422 - INFO - Horaires mis en cache (1 horaires).
2025-12-03 12:07:57,412 - INFO - Génération des séances pour le jour 2025-12-03 (weekday=2)
2025-12-03 12:07:57,414 - INFO - Cache vide → récupération des horaires depuis la DB.
2025-12-03 12:07:57,457 - INFO - Horaires mis en cache (1 horaires).
2025-12-03 12:08:12,412 - INFO - Génération des séances pour le jour 2025-12-03 (weekday=2)
2025-12-03 12:08:12,413 - INFO - Cache vide → récupération des horaires depuis la DB.
2025-12-03 12:08:12,448 - INFO - Horaires mis en cache (1 horaires).
2025-12-03 12:08:27,412 - INFO - Génération des séances pour le jour 2025-12-03 (weekday=2)
2025-12-03 12:08:27,413 - INFO - Cache vide → récupération des horaires depuis la DB.
2025-12-03 12:08:27,433 - INFO - Horaires mis en cache (1 horaires).
2025-12-03 12:08:42,412 - INFO - Génération des séances pour le jour 2025-12-03 (weekday=2)
2025-12-03 12:08:42,414 - INFO - Cache vide → récupération des horaires depuis la DB.
2025-12-03 12:08:42,452 - INFO - Horaires mis en cache (0 horaires).
2025-12-03 12:08:57,411 - INFO - Génération des séances pour le jour 2025-12-03 (weekday=2)
2025-12-03 12:08:57,412 - INFO - Cache vide → récupération des horaires depuis la DB.
2025-12-03 12:08:57,421 - INFO - Horaires mis en cache (0 horaires).
2025-12-03 12:09:12,412 - INFO - Génération des séances pour le jour 2025-12-03 (weekday=2)
2025-12-03 12:09:12,413 - INFO - Cache vide → récupération des horaires depuis la DB.
2025-12-03 12:09:12,425 - INFO - Horaires mis en cache (1 horaires).
2025-12-03 12:09:12,437 - INFO - Séance créée : GENIE LOGICIEL pour la classe 1 (12:09 - 12:25)
2025-12-03 12:09:27,413 - INFO - Génération des séances pour le jour 2025-12-03 (weekday=2)
2025-12-03 12:09:27,414 - INFO - Cache vide → récupération des horaires depuis la DB.
2025-12-03 12:09:27,454 - INFO - Horaires mis en cache (1 horaires).
2025-12-03 12:09:42,413 - INFO - Génération des séances pour le jour 2025-12-03 (weekday=2)
2025-12-03 12:09:42,414 - INFO - Cache vide → récupération des horaires depuis la DB.
2025-12-03 12:09:42,449 - INFO - Horaires mis en cache (1 horaires).
2025-12-03 12:09:57,409 - INFO - Génération des séances pour le jour 2025-12-03 (weekday=2)
2025-12-03 12:09:57,409 - INFO - Cache vide → récupération des horaires depuis la DB.
2025-12-03 12:09:57,422 - INFO - Horaires mis en cache (1 horaires).
2025-12-03 12:10:12,409 - INFO - Génération des séances pour le jour 2025-12-03 (weekday=2)
2025-12-03 12:10:12,409 - INFO - Cache vide → récupération des horaires depuis la DB.
2025-12-03 12:10:12,436 - INFO - Horaires mis en cache (1 horaires).
2025-12-03 12:10:27,414 - INFO - Génération des séances pour le jour 2025-12-03 (weekday=2)
2025-12-03 12:10:27,415 - INFO - Cache vide → récupération des horaires depuis la DB.
2025-12-03 12:10:27,462 - INFO - Horaires mis en cache (1 horaires).
2025-12-03 12:10:42,408 - INFO - Génération des séances pour le jour 2025-12-03 (weekday=2)
2025-12-03 12:10:42,408 - INFO - Cache vide → récupération des horaires depuis la DB.
2025-12-03 12:10:42,422 - INFO - Horaires mis en cache (1 horaires).
2025-12-03 12:10:57,414 - INFO - Génération des séances pour le jour 2025-12-03 (weekday=2)
2025-12-03 12:10:57,415 - INFO - Cache vide → récupération des horaires depuis la DB.
2025-12-03 12:10:57,456 - INFO - Horaires mis en cache (1 horaires).
2025-12-03 12:11:12,410 - INFO - Génération des séances pour le jour 2025-12-03 (weekday=2)
2025-12-03 12:11:12,411 - INFO - Cache vide → récupération des horaires depuis la DB.
2025-12-03 12:11:12,436 - INFO - Horaires mis en cache (1 horaires).
2025-12-03 12:11:27,422 - INFO - Génération des séances pour le jour 2025-12-03 (weekday=2)
2025-12-03 12:11:27,423 - INFO - Cache vide → récupération des horaires depuis la DB.
2025-12-03 12:11:27,468 - INFO - Horaires mis en cache (1 horaires).
2025-12-03 12:11:42,409 - INFO - Génération des séances pour le jour 2025-12-03 (weekday=2)
2025-12-03 12:11:42,410 - INFO - Cache vide → récupération des horaires depuis la DB.
2025-12-03 12:11:42,432 - INFO - Horaires mis en cache (1 horaires).
2025-12-03 12:11:57,408 - INFO - Génération des séances pour le jour 2025-12-03 (weekday=2)
2025-12-03 12:11:57,408 - INFO - Cache vide → récupération des horaires depuis la DB.
2025-12-03 12:11:57,420 - INFO - Horaires mis en cache (1 horaires).
2025-12-03 12:12:12,414 - INFO - Génération des séances pour le jour 2025-12-03 (weekday=2)
2025-12-03 12:12:12,415 - INFO - Cache vide → récupération des horaires depuis la DB.
2025-12-03 12:12:12,443 - INFO - Horaires mis en cache (1 horaires).
2025-12-03 12:12:27,414 - INFO - Génération des séances pour le jour 2025-12-03 (weekday=2)
2025-12-03 12:12:27,415 - INFO - Cache vide → récupération des horaires depuis la DB.
2025-12-03 12:12:27,466 - INFO - Horaires mis en cache (1 horaires).
2025-12-03 12:12:42,409 - INFO - Génération des séances pour le jour 2025-12-03 (weekday=2)
2025-12-03 12:12:42,410 - INFO - Cache vide → récupération des horaires depuis la DB.
2025-12-03 12:12:42,431 - INFO - Horaires mis en cache (1 horaires).
2025-12-03 12:12:57,408 - INFO - Génération des séances pour le jour 2025-12-03 (weekday=2)
2025-12-03 12:12:57,409 - INFO - Cache vide → récupération des horaires depuis la DB.
2025-12-03 12:12:57,421 - INFO - Horaires mis en cache (1 horaires).
2025-12-03 12:13:12,415 - INFO - Génération des séances pour le jour 2025-12-03 (weekday=2)
2025-12-03 12:13:12,416 - INFO - Cache vide → récupération des horaires depuis la DB.
2025-12-03 12:13:12,443 - INFO - Horaires mis en cache (1 horaires).
2025-12-03 12:13:27,414 - INFO - Génération des séances pour le jour 2025-12-03 (weekday=2)
2025-12-03 12:13:27,416 - INFO - Cache vide → récupération des horaires depuis la DB.
2025-12-03 12:13:27,462 - INFO - Horaires mis en cache (1 horaires).
2025-12-03 12:13:42,419 - INFO - Génération des séances pour le jour 2025-12-03 (weekday=2)
2025-12-03 12:13:42,421 - INFO - Cache vide → récupération des horaires depuis la DB.
2025-12-03 12:13:42,446 - INFO - Horaires mis en cache (1 horaires).
2025-12-03 12:13:57,419 - INFO - Génération des séances pour le jour 2025-12-03 (weekday=2)
2025-12-03 12:13:57,420 - INFO - Cache vide → récupération des horaires depuis la DB.
2025-12-03 12:13:57,467 - INFO - Horaires mis en cache (1 horaires).
2025-12-03 12:14:12,414 - INFO - Génération des séances pour le jour 2025-12-03 (weekday=2)
2025-12-03 12:14:12,414 - INFO - Cache vide → récupération des horaires depuis la DB.
2025-12-03 12:14:12,437 - INFO - Horaires mis en cache (1 horaires).
2025-12-03 12:14:27,418 - INFO - Génération des séances pour le jour 2025-12-03 (weekday=2)
2025-12-03 12:14:27,420 - INFO - Cache vide → récupération des horaires depuis la DB.
2025-12-03 12:14:27,453 - INFO - Horaires mis en cache (1 horaires).
2025-12-03 12:14:42,414 - INFO - Génération des séances pour le jour 2025-12-03 (weekday=2)
2025-12-03 12:14:42,415 - INFO - Cache vide → récupération des horaires depuis la DB.
2025-12-03 12:14:42,435 - INFO - Horaires mis en cache (1 horaires).
2025-12-03 12:14:57,419 - INFO - Génération des séances pour le jour 2025-12-03 (weekday=2)
2025-12-03 12:14:57,420 - INFO - Cache vide → récupération des horaires depuis la DB.
2025-12-03 12:14:57,474 - INFO - Horaires mis en cache (1 horaires).
2025-12-03 12:15:12,417 - INFO - Génération des séances pour le jour 2025-12-03 (weekday=2)
2025-12-03 12:15:12,418 - INFO - Cache vide → récupération des horaires depuis la DB.
2025-12-03 12:15:12,439 - INFO - Horaires mis en cache (1 horaires).
2025-12-03 12:15:27,418 - INFO - Génération des séances pour le jour 2025-12-03 (weekday=2)
2025-12-03 12:15:27,419 - INFO - Cache vide → récupération des horaires depuis la DB.
2025-12-03 12:15:27,465 - INFO - Horaires mis en cache (1 horaires).
2025-12-03 12:15:42,421 - INFO - Génération des séances pour le jour 2025-12-03 (weekday=2)
2025-12-03 12:15:42,423 - INFO - Cache vide → récupération des horaires depuis la DB.
2025-12-03 12:15:42,449 - INFO - Horaires mis en cache (1 horaires).
2025-12-03 12:15:57,420 - INFO - Génération des séances pour le jour 2025-12-03 (weekday=2)
2025-12-03 12:15:57,421 - INFO - Cache vide → récupération des horaires depuis la DB.
2025-12-03 12:15:57,457 - INFO - Horaires mis en cache (1 horaires).
2025-12-03 12:16:12,420 - INFO - Génération des séances pour le jour 2025-12-03 (weekday=2)
2025-12-03 12:16:12,421 - INFO - Cache vide → récupération des horaires depuis la DB.
2025-12-03 12:16:12,449 - INFO - Horaires mis en cache (1 horaires).
2025-12-03 12:16:27,419 - INFO - Génération des séances pour le jour 2025-12-03 (weekday=2)
2025-12-03 12:16:27,421 - INFO - Cache vide → récupération des horaires depuis la DB.
2025-12-03 12:16:27,462 - INFO - Horaires mis en cache (1 horaires).
2025-12-03 12:16:42,420 - INFO - Génération des séances pour le jour 2025-12-03 (weekday=2)
2025-12-03 12:16:42,421 - INFO - Cache vide → récupération des horaires depuis la DB.
2025-12-03 12:16:42,449 - INFO - Horaires mis en cache (1 horaires).
2025-12-03 12:16:57,420 - INFO - Génération des séances pour le jour 2025-12-03 (weekday=2)
2025-12-03 12:16:57,422 - INFO - Cache vide → récupération des horaires depuis la DB.
2025-12-03 12:16:57,470 - INFO - Horaires mis en cache (1 horaires).
2025-12-03 12:17:12,415 - INFO - Génération des séances pour le jour 2025-12-03 (weekday=2)
2025-12-03 12:17:12,415 - INFO - Cache vide → récupération des horaires depuis la DB.
2025-12-03 12:17:12,429 - INFO - Horaires mis en cache (1 horaires).
2025-12-03 12:17:27,414 - INFO - Génération des séances pour le jour 2025-12-03 (weekday=2)
2025-12-03 12:17:27,415 - INFO - Cache vide → récupération des horaires depuis la DB.
2025-12-03 12:17:27,427 - INFO - Horaires mis en cache (1 horaires).
2025-12-03 12:17:42,420 - INFO - Génération des séances pour le jour 2025-12-03 (weekday=2)
2025-12-03 12:17:42,422 - INFO - Cache vide → récupération des horaires depuis la DB.
2025-12-03 12:17:42,451 - INFO - Horaires mis en cache (1 horaires).
2025-12-03 12:17:57,421 - INFO - Génération des séances pour le jour 2025-12-03 (weekday=2)
2025-12-03 12:17:57,423 - INFO - Cache vide → récupération des horaires depuis la DB.
2025-12-03 12:17:57,465 - INFO - Horaires mis en cache (1 horaires).
2025-12-03 12:18:12,417 - INFO - Génération des séances pour le jour 2025-12-03 (weekday=2)
2025-12-03 12:18:12,417 - INFO - Cache vide → récupération des horaires depuis la DB.
2025-12-03 12:18:12,435 - INFO - Horaires mis en cache (1 horaires).
2025-12-03 12:18:27,421 - INFO - Génération des séances pour le jour 2025-12-03 (weekday=2)
2025-12-03 12:18:27,422 - INFO - Cache vide → récupération des horaires depuis la DB.
2025-12-03 12:18:27,466 - INFO - Horaires mis en cache (1 horaires).
2025-12-03 12:18:42,421 - INFO - Génération des séances pour le jour 2025-12-03 (weekday=2)
2025-12-03 12:18:42,422 - INFO - Cache vide → récupération des horaires depuis la DB.
2025-12-03 12:18:42,459 - INFO - Horaires mis en cache (1 horaires).
2025-12-03 12:18:57,417 - INFO - Génération des séances pour le jour 2025-12-03 (weekday=2)
2025-12-03 12:18:57,417 - INFO - Cache vide → récupération des horaires depuis la DB.
2025-12-03 12:18:57,440 - INFO - Horaires mis en cache (1 horaires).
2025-12-03 12:19:12,416 - INFO - Génération des séances pour le jour 2025-12-03 (weekday=2)
2025-12-03 12:19:12,417 - INFO - Cache vide → récupération des horaires depuis la DB.
2025-12-03 12:19:12,429 - INFO - Horaires mis en cache (1 horaires).
2025-12-03 12:19:27,421 - INFO - Génération des séances pour le jour 2025-12-03 (weekday=2)
2025-12-03 12:19:27,423 - INFO - Cache vide → récupération des horaires depuis la DB.
2025-12-03 12:19:27,469 - INFO - Horaires mis en cache (1 horaires).
2025-12-03 12:19:42,416 - INFO - Génération des séances pour le jour 2025-12-03 (weekday=2)
2025-12-03 12:19:42,416 - INFO - Cache vide → récupération des horaires depuis la DB.
2025-12-03 12:19:42,428 - INFO - Horaires mis en cache (1 horaires).
2025-12-03 12:19:57,422 - INFO - Génération des séances pour le jour 2025-12-03 (weekday=2)
2025-12-03 12:19:57,423 - INFO - Cache vide → récupération des horaires depuis la DB.
2025-12-03 12:19:57,474 - INFO - Horaires mis en cache (1 horaires).
2025-12-03 12:20:12,421 - INFO - Génération des séances pour le jour 2025-12-03 (weekday=2)
2025-12-03 12:20:12,423 - INFO - Cache vide → récupération des horaires depuis la DB.
2025-12-03 12:20:12,455 - INFO - Horaires mis en cache (1 horaires).
2025-12-03 12:20:27,422 - INFO - Génération des séances pour le jour 2025-12-03 (weekday=2)
2025-12-03 12:20:27,423 - INFO - Cache vide → récupération des horaires depuis la DB.
2025-12-03 12:20:27,478 - INFO - Horaires mis en cache (1 horaires).
2025-12-03 12:20:42,422 - INFO - Génération des séances pour le jour 2025-12-03 (weekday=2)
2025-12-03 12:20:42,423 - INFO - Cache vide → récupération des horaires depuis la DB.
2025-12-03 12:20:42,453 - INFO - Horaires mis en cache (1 horaires).
2025-12-03 12:20:57,422 - INFO - Génération des séances pour le jour 2025-12-03 (weekday=2)
2025-12-03 12:20:57,424 - INFO - Cache vide → récupération des horaires depuis la DB.
2025-12-03 12:20:57,482 - INFO - Horaires mis en cache (1 horaires).
2025-12-03 12:21:12,421 - INFO - Génération des séances pour le jour 2025-12-03 (weekday=2)
2025-12-03 12:21:12,422 - INFO - Cache vide → récupération des horaires depuis la DB.
2025-12-03 12:21:12,460 - INFO - Horaires mis en cache (1 horaires).
2025-12-03 12:21:27,423 - INFO - Génération des séances pour le jour 2025-12-03 (weekday=2)
2025-12-03 12:21:27,424 - INFO - Cache vide → récupération des horaires depuis la DB.
2025-12-03 12:21:27,465 - INFO - Horaires mis en cache (1 horaires).
2025-12-03 12:21:42,423 - INFO - Génération des séances pour le jour 2025-12-03 (weekday=2)
2025-12-03 12:21:42,424 - INFO - Cache vide → récupération des horaires depuis la DB.
2025-12-03 12:21:42,457 - INFO - Horaires mis en cache (1 horaires).
2025-12-03 12:21:57,423 - INFO - Génération des séances pour le jour 2025-12-03 (weekday=2)
2025-12-03 12:21:57,424 - INFO - Cache vide → récupération des horaires depuis la DB.
2025-12-03 12:21:57,469 - INFO - Horaires mis en cache (1 horaires).
2025-12-03 12:22:12,423 - INFO - Génération des séances pour le jour 2025-12-03 (weekday=2)
2025-12-03 12:22:12,424 - INFO - Cache vide → récupération des horaires depuis la DB.
2025-12-03 12:22:12,452 - INFO - Horaires mis en cache (1 horaires).
2025-12-03 12:22:27,422 - INFO - Génération des séances pour le jour 2025-12-03 (weekday=2)
2025-12-03 12:22:27,423 - INFO - Cache vide → récupération des horaires depuis la DB.
2025-12-03 12:22:27,465 - INFO - Horaires mis en cache (1 horaires).
2025-12-03 12:22:42,423 - INFO - Génération des séances pour le jour 2025-12-03 (weekday=2)
2025-12-03 12:22:42,425 - INFO - Cache vide → récupération des horaires depuis la DB.
2025-12-03 12:22:42,463 - INFO - Horaires mis en cache (1 horaires).
2025-12-03 12:22:57,423 - INFO - Génération des séances pour le jour 2025-12-03 (weekday=2)
2025-12-03 12:22:57,426 - INFO - Cache vide → récupération des horaires depuis la DB.
2025-12-03 12:22:57,476 - INFO - Horaires mis en cache (1 horaires).
2025-12-03 12:23:12,423 - INFO - Génération des séances pour le jour 2025-12-03 (weekday=2)
2025-12-03 12:23:12,425 - INFO - Cache vide → récupération des horaires depuis la DB.
2025-12-03 12:23:12,456 - INFO - Horaires mis en cache (1 horaires).
2025-12-03 12:23:27,419 - INFO - Génération des séances pour le jour 2025-12-03 (weekday=2)
2025-12-03 12:23:27,419 - INFO - Cache vide → récupération des horaires depuis la DB.
2025-12-03 12:23:27,438 - INFO - Horaires mis en cache (1 horaires).
2025-12-03 12:23:42,423 - INFO - Génération des séances pour le jour 2025-12-03 (weekday=2)
2025-12-03 12:23:42,425 - INFO - Cache vide → récupération des horaires depuis la DB.
2025-12-03 12:23:42,466 - INFO - Horaires mis en cache (1 horaires).
2025-12-03 12:23:57,419 - INFO - Génération des séances pour le jour 2025-12-03 (weekday=2)
2025-12-03 12:23:57,419 - INFO - Cache vide → récupération des horaires depuis la DB.
2025-12-03 12:23:57,436 - INFO - Horaires mis en cache (1 horaires).
2025-12-03 12:24:12,425 - INFO - Génération des séances pour le jour 2025-12-03 (weekday=2)
2025-12-03 12:24:12,427 - INFO - Cache vide → récupération des horaires depuis la DB.
2025-12-03 12:24:12,456 - INFO - Horaires mis en cache (1 horaires).
2025-12-03 12:24:27,425 - INFO - Génération des séances pour le jour 2025-12-03 (weekday=2)
2025-12-03 12:24:27,426 - INFO - Cache vide → récupération des horaires depuis la DB.
2025-12-03 12:24:27,462 - INFO - Horaires mis en cache (1 horaires).
2025-12-03 12:24:42,425 - INFO - Génération des séances pour le jour 2025-12-03 (weekday=2)
2025-12-03 12:24:42,426 - INFO - Cache vide → récupération des horaires depuis la DB.
2025-12-03 12:24:42,458 - INFO - Horaires mis en cache (1 horaires).
2025-12-03 12:24:57,424 - INFO - Génération des séances pour le jour 2025-12-03 (weekday=2)
2025-12-03 12:24:57,426 - INFO - Cache vide → récupération des horaires depuis la DB.
2025-12-03 12:24:57,484 - INFO - Horaires mis en cache (1 horaires).
2025-12-03 12:25:12,419 - INFO - Génération des séances pour le jour 2025-12-03 (weekday=2)
2025-12-03 12:25:12,420 - INFO - Cache vide → récupération des horaires depuis la DB.
2025-12-03 12:25:12,438 - INFO - Horaires mis en cache (1 horaires).
2025-12-03 12:25:27,424 - INFO - Génération des séances pour le jour 2025-12-03 (weekday=2)
2025-12-03 12:25:27,425 - INFO - Cache vide → récupération des horaires depuis la DB.
2025-12-03 12:25:27,460 - INFO - Horaires mis en cache (1 horaires).
2025-12-03 12:25:42,424 - INFO - Génération des séances pour le jour 2025-12-03 (weekday=2)
2025-12-03 12:25:42,425 - INFO - Cache vide → récupération des horaires depuis la DB.
2025-12-03 12:25:42,458 - INFO - Horaires mis en cache (1 horaires).
2025-12-03 12:25:57,425 - INFO - Génération des séances pour le jour 2025-12-03 (weekday=2)
2025-12-03 12:25:57,427 - INFO - Cache vide → récupération des horaires depuis la DB.
2025-12-03 12:25:57,468 - INFO - Horaires mis en cache (1 horaires).
2025-12-03 12:26:12,426 - INFO - Génération des séances pour le jour 2025-12-03 (weekday=2)
2025-12-03 12:26:12,427 - INFO - Cache vide → récupération des horaires depuis la DB.
2025-12-03 12:26:12,450 - INFO - Horaires mis en cache (1 horaires).
2025-12-03 12:26:27,419 - INFO - Génération des séances pour le jour 2025-12-03 (weekday=2)
2025-12-03 12:26:27,420 - INFO - Cache vide → récupération des horaires depuis la DB.
2025-12-03 12:26:27,434 - INFO - Horaires mis en cache (1 horaires).
2025-12-03 12:26:42,423 - INFO - Génération des séances pour le jour 2025-12-03 (weekday=2)
2025-12-03 12:26:42,425 - INFO - Cache vide → récupération des horaires depuis la DB.
2025-12-03 12:26:42,463 - INFO - Horaires mis en cache (1 horaires).
2025-12-03 12:26:57,426 - INFO - Génération des séances pour le jour 2025-12-03 (weekday=2)
2025-12-03 12:26:57,427 - INFO - Cache vide → récupération des horaires depuis la DB.
2025-12-03 12:26:57,468 - INFO - Horaires mis en cache (1 horaires).
2025-12-03 12:27:12,425 - INFO - Génération des séances pour le jour 2025-12-03 (weekday=2)
2025-12-03 12:27:12,427 - INFO - Cache vide → récupération des horaires depuis la DB.
2025-12-03 12:27:12,462 - INFO - Horaires mis en cache (1 horaires).
2025-12-03 12:27:27,419 - INFO - Génération des séances pour le jour 2025-12-03 (weekday=2)
2025-12-03 12:27:27,420 - INFO - Cache vide → récupération des horaires depuis la DB.
2025-12-03 12:27:27,431 - INFO - Horaires mis en cache (1 horaires).
2025-12-03 12:27:42,425 - INFO - Génération des séances pour le jour 2025-12-03 (weekday=2)
2025-12-03 12:27:42,426 - INFO - Cache vide → récupération des horaires depuis la DB.
2025-12-03 12:27:42,463 - INFO - Horaires mis en cache (1 horaires).
2025-12-03 12:27:57,427 - INFO - Génération des séances pour le jour 2025-12-03 (weekday=2)
2025-12-03 12:27:57,428 - INFO - Cache vide → récupération des horaires depuis la DB.
2025-12-03 12:27:57,466 - INFO - Horaires mis en cache (1 horaires).
2025-12-03 12:28:12,425 - INFO - Génération des séances pour le jour 2025-12-03 (weekday=2)
2025-12-03 12:28:12,426 - INFO - Cache vide → récupération des horaires depuis la DB.
2025-12-03 12:28:12,448 - INFO - Horaires mis en cache (1 horaires).
2025-12-03 12:28:27,422 - INFO - Génération des séances pour le jour 2025-12-03 (weekday=2)
2025-12-03 12:28:27,423 - INFO - Cache vide → récupération des horaires depuis la DB.
2025-12-03 12:28:27,443 - INFO - Horaires mis en cache (1 horaires).
2025-12-03 12:28:42,425 - INFO - Génération des séances pour le jour 2025-12-03 (weekday=2)
2025-12-03 12:28:42,426 - INFO - Cache vide → récupération des horaires depuis la DB.
2025-12-03 12:28:42,458 - INFO - Horaires mis en cache (1 horaires).
2025-12-03 12:28:57,428 - INFO - Génération des séances pour le jour 2025-12-03 (weekday=2)
2025-12-03 12:28:57,429 - INFO - Cache vide → récupération des horaires depuis la DB.
2025-12-03 12:28:57,466 - INFO - Horaires mis en cache (1 horaires).
2025-12-03 12:29:12,427 - INFO - Génération des séances pour le jour 2025-12-03 (weekday=2)
2025-12-03 12:29:12,428 - INFO - Cache vide → récupération des horaires depuis la DB.
2025-12-03 12:29:12,453 - INFO - Horaires mis en cache (1 horaires).
2025-12-03 12:29:27,433 - INFO - Génération des séances pour le jour 2025-12-03 (weekday=2)
2025-12-03 12:29:27,433 - INFO - Cache vide → récupération des horaires depuis la DB.
2025-12-03 12:29:27,451 - INFO - Horaires mis en cache (1 horaires).
2025-12-03 12:29:42,424 - INFO - Génération des séances pour le jour 2025-12-03 (weekday=2)
2025-12-03 12:29:42,425 - INFO - Cache vide → récupération des horaires depuis la DB.
2025-12-03 12:29:42,455 - INFO - Horaires mis en cache (1 horaires).
2025-12-03 12:29:57,428 - INFO - Génération des séances pour le jour 2025-12-03 (weekday=2)
2025-12-03 12:29:57,429 - INFO - Cache vide → récupération des horaires depuis la DB.
2025-12-03 12:29:57,476 - INFO - Horaires mis en cache (1 horaires).
2025-12-03 12:30:12,429 - INFO - Génération des séances pour le jour 2025-12-03 (weekday=2)
2025-12-03 12:30:12,430 - INFO - Cache vide → récupération des horaires depuis la DB.
2025-12-03 12:30:12,457 - INFO - Horaires mis en cache (1 horaires).
2025-12-03 12:30:27,428 - INFO - Génération des séances pour le jour 2025-12-03 (weekday=2)
2025-12-03 12:30:27,429 - INFO - Cache vide → récupération des horaires depuis la DB.
2025-12-03 12:30:27,474 - INFO - Horaires mis en cache (1 horaires).
2025-12-03 12:30:42,428 - INFO - Génération des séances pour le jour 2025-12-03 (weekday=2)
2025-12-03 12:30:42,430 - INFO - Cache vide → récupération des horaires depuis la DB.
2025-12-03 12:30:42,464 - INFO - Horaires mis en cache (1 horaires).
2025-12-03 12:30:57,428 - INFO - Génération des séances pour le jour 2025-12-03 (weekday=2)
2025-12-03 12:30:57,429 - INFO - Cache vide → récupération des horaires depuis la DB.
2025-12-03 12:30:57,475 - INFO - Horaires mis en cache (1 horaires).
2025-12-03 12:31:12,430 - INFO - Génération des séances pour le jour 2025-12-03 (weekday=2)
2025-12-03 12:31:12,432 - INFO - Cache vide → récupération des horaires depuis la DB.
2025-12-03 12:31:12,461 - INFO - Horaires mis en cache (1 horaires).
2025-12-03 12:31:27,428 - INFO - Génération des séances pour le jour 2025-12-03 (weekday=2)
2025-12-03 12:31:27,429 - INFO - Cache vide → récupération des horaires depuis la DB.
2025-12-03 12:31:27,466 - INFO - Horaires mis en cache (1 horaires).
2025-12-03 12:31:42,427 - INFO - Génération des séances pour le jour 2025-12-03 (weekday=2)
2025-12-03 12:31:42,429 - INFO - Cache vide → récupération des horaires depuis la DB.
2025-12-03 12:31:42,464 - INFO - Horaires mis en cache (1 horaires).
2025-12-03 12:31:57,430 - INFO - Génération des séances pour le jour 2025-12-03 (weekday=2)
2025-12-03 12:31:57,431 - INFO - Cache vide → récupération des horaires depuis la DB.
2025-12-03 12:31:57,469 - INFO - Horaires mis en cache (1 horaires).
2025-12-03 12:32:12,426 - INFO - Génération des séances pour le jour 2025-12-03 (weekday=2)
2025-12-03 12:32:12,427 - INFO - Cache vide → récupération des horaires depuis la DB.
2025-12-03 12:32:12,459 - INFO - Horaires mis en cache (1 horaires).
2025-12-03 12:32:27,427 - INFO - Génération des séances pour le jour 2025-12-03 (weekday=2)
2025-12-03 12:32:27,428 - INFO - Cache vide → récupération des horaires depuis la DB.
2025-12-03 12:32:27,464 - INFO - Horaires mis en cache (1 horaires).
2025-12-03 12:32:42,429 - INFO - Génération des séances pour le jour 2025-12-03 (weekday=2)
2025-12-03 12:32:42,431 - INFO - Cache vide → récupération des horaires depuis la DB.
2025-12-03 12:32:42,464 - INFO - Horaires mis en cache (1 horaires).
2025-12-03 12:32:57,430 - INFO - Génération des séances pour le jour 2025-12-03 (weekday=2)
2025-12-03 12:32:57,431 - INFO - Cache vide → récupération des horaires depuis la DB.
2025-12-03 12:32:57,474 - INFO - Horaires mis en cache (1 horaires).
2025-12-03 12:33:12,428 - INFO - Génération des séances pour le jour 2025-12-03 (weekday=2)
2025-12-03 12:33:12,429 - INFO - Cache vide → récupération des horaires depuis la DB.
2025-12-03 12:33:12,451 - INFO - Horaires mis en cache (1 horaires).
2025-12-03 12:33:27,429 - INFO - Génération des séances pour le jour 2025-12-03 (weekday=2)
2025-12-03 12:33:27,431 - INFO - Cache vide → récupération des horaires depuis la DB.
2025-12-03 12:33:27,473 - INFO - Horaires mis en cache (1 horaires).
2025-12-03 12:33:42,426 - INFO - Génération des séances pour le jour 2025-12-03 (weekday=2)
2025-12-03 12:33:42,426 - INFO - Cache vide → récupération des horaires depuis la DB.
2025-12-03 12:33:42,453 - INFO - Horaires mis en cache (1 horaires).
2025-12-03 12:33:57,430 - INFO - Génération des séances pour le jour 2025-12-03 (weekday=2)
2025-12-03 12:33:57,431 - INFO - Cache vide → récupération des horaires depuis la DB.
2025-12-03 12:33:57,472 - INFO - Horaires mis en cache (1 horaires).
2025-12-03 12:34:12,426 - INFO - Génération des séances pour le jour 2025-12-03 (weekday=2)
2025-12-03 12:34:12,427 - INFO - Cache vide → récupération des horaires depuis la DB.
2025-12-03 12:34:12,449 - INFO - Horaires mis en cache (1 horaires).
2025-12-03 12:34:27,424 - INFO - Génération des séances pour le jour 2025-12-03 (weekday=2)
2025-12-03 12:34:27,424 - INFO - Cache vide → récupération des horaires depuis la DB.
2025-12-03 12:34:27,437 - INFO - Horaires mis en cache (1 horaires).
2025-12-03 12:34:42,427 - INFO - Génération des séances pour le jour 2025-12-03 (weekday=2)
2025-12-03 12:34:42,429 - INFO - Cache vide → récupération des horaires depuis la DB.
2025-12-03 12:34:42,460 - INFO - Horaires mis en cache (1 horaires).
2025-12-03 12:34:57,428 - INFO - Génération des séances pour le jour 2025-12-03 (weekday=2)
2025-12-03 12:34:57,429 - INFO - Cache vide → récupération des horaires depuis la DB.
2025-12-03 12:34:57,464 - INFO - Horaires mis en cache (1 horaires).
2025-12-03 12:35:12,427 - INFO - Génération des séances pour le jour 2025-12-03 (weekday=2)
2025-12-03 12:35:12,428 - INFO - Cache vide → récupération des horaires depuis la DB.
2025-12-03 12:35:12,461 - INFO - Horaires mis en cache (1 horaires).
2025-12-03 12:35:27,428 - INFO - Génération des séances pour le jour 2025-12-03 (weekday=2)
2025-12-03 12:35:27,429 - INFO - Cache vide → récupération des horaires depuis la DB.
2025-12-03 12:35:27,459 - INFO - Horaires mis en cache (1 horaires).
2025-12-03 12:35:42,426 - INFO - Génération des séances pour le jour 2025-12-03 (weekday=2)
2025-12-03 12:35:42,426 - INFO - Cache vide → récupération des horaires depuis la DB.
2025-12-03 12:35:42,444 - INFO - Horaires mis en cache (1 horaires).
2025-12-03 12:35:57,424 - INFO - Génération des séances pour le jour 2025-12-03 (weekday=2)
2025-12-03 12:35:57,425 - INFO - Cache vide → récupération des horaires depuis la DB.
2025-12-03 12:35:57,435 - INFO - Horaires mis en cache (1 horaires).
2025-12-03 12:36:12,425 - INFO - Génération des séances pour le jour 2025-12-03 (weekday=2)
2025-12-03 12:36:12,426 - INFO - Cache vide → récupération des horaires depuis la DB.
2025-12-03 12:36:12,438 - INFO - Horaires mis en cache (1 horaires).
2025-12-03 12:36:27,425 - INFO - Génération des séances pour le jour 2025-12-03 (weekday=2)
2025-12-03 12:36:27,425 - INFO - Cache vide → récupération des horaires depuis la DB.
2025-12-03 12:36:27,437 - INFO - Horaires mis en cache (1 horaires).
2025-12-03 12:36:42,431 - INFO - Génération des séances pour le jour 2025-12-03 (weekday=2)
2025-12-03 12:36:42,432 - INFO - Cache vide → récupération des horaires depuis la DB.
2025-12-03 12:36:42,469 - INFO - Horaires mis en cache (1 horaires).
2025-12-03 12:36:57,431 - INFO - Génération des séances pour le jour 2025-12-03 (weekday=2)
2025-12-03 12:36:57,432 - INFO - Cache vide → récupération des horaires depuis la DB.
2025-12-03 12:36:57,477 - INFO - Horaires mis en cache (1 horaires).
2025-12-03 12:37:12,427 - INFO - Génération des séances pour le jour 2025-12-03 (weekday=2)
2025-12-03 12:37:12,428 - INFO - Cache vide → récupération des horaires depuis la DB.
2025-12-03 12:37:12,454 - INFO - Horaires mis en cache (1 horaires).
2025-12-03 12:37:27,431 - INFO - Génération des séances pour le jour 2025-12-03 (weekday=2)
2025-12-03 12:37:27,432 - INFO - Cache vide → récupération des horaires depuis la DB.
2025-12-03 12:37:27,474 - INFO - Horaires mis en cache (1 horaires).
2025-12-03 12:37:42,431 - INFO - Génération des séances pour le jour 2025-12-03 (weekday=2)
2025-12-03 12:37:42,432 - INFO - Cache vide → récupération des horaires depuis la DB.
2025-12-03 12:37:42,478 - INFO - Horaires mis en cache (1 horaires).
2025-12-03 12:37:57,425 - INFO - Génération des séances pour le jour 2025-12-03 (weekday=2)
2025-12-03 12:37:57,426 - INFO - Cache vide → récupération des horaires depuis la DB.
2025-12-03 12:37:57,436 - INFO - Horaires mis en cache (1 horaires).
2025-12-03 12:38:12,426 - INFO - Génération des séances pour le jour 2025-12-03 (weekday=2)
2025-12-03 12:38:12,426 - INFO - Cache vide → récupération des horaires depuis la DB.
2025-12-03 12:38:12,437 - INFO - Horaires mis en cache (1 horaires).
2025-12-03 12:38:27,428 - INFO - Génération des séances pour le jour 2025-12-03 (weekday=2)
2025-12-03 12:38:27,429 - INFO - Cache vide → récupération des horaires depuis la DB.
2025-12-03 12:38:27,453 - INFO - Horaires mis en cache (1 horaires).
2025-12-03 12:38:42,429 - INFO - Génération des séances pour le jour 2025-12-03 (weekday=2)
2025-12-03 12:38:42,430 - INFO - Cache vide → récupération des horaires depuis la DB.
2025-12-03 12:38:42,465 - INFO - Horaires mis en cache (1 horaires).
2025-12-03 12:38:57,432 - INFO - Génération des séances pour le jour 2025-12-03 (weekday=2)
2025-12-03 12:38:57,433 - INFO - Cache vide → récupération des horaires depuis la DB.
2025-12-03 12:38:57,477 - INFO - Horaires mis en cache (1 horaires).
2025-12-03 12:39:12,436 - INFO - Génération des séances pour le jour 2025-12-03 (weekday=2)
2025-12-03 12:39:12,436 - INFO - Cache vide → récupération des horaires depuis la DB.
2025-12-03 12:39:12,450 - INFO - Horaires mis en cache (1 horaires).
2025-12-03 12:39:27,427 - INFO - Génération des séances pour le jour 2025-12-03 (weekday=2)
2025-12-03 12:39:27,427 - INFO - Cache vide → récupération des horaires depuis la DB.
2025-12-03 12:39:27,445 - INFO - Horaires mis en cache (1 horaires).
2025-12-03 12:39:42,427 - INFO - Génération des séances pour le jour 2025-12-03 (weekday=2)
2025-12-03 12:39:42,427 - INFO - Cache vide → récupération des horaires depuis la DB.
2025-12-03 12:39:42,441 - INFO - Horaires mis en cache (1 horaires).
2025-12-03 12:39:57,427 - INFO - Génération des séances pour le jour 2025-12-03 (weekday=2)
2025-12-03 12:39:57,428 - INFO - Cache vide → récupération des horaires depuis la DB.
2025-12-03 12:39:57,450 - INFO - Horaires mis en cache (1 horaires).
2025-12-03 12:40:12,429 - INFO - Génération des séances pour le jour 2025-12-03 (weekday=2)
2025-12-03 12:40:12,432 - INFO - Cache vide → récupération des horaires depuis la DB.
2025-12-03 12:40:12,453 - INFO - Horaires mis en cache (1 horaires).
2025-12-03 12:40:27,427 - INFO - Génération des séances pour le jour 2025-12-03 (weekday=2)
2025-12-03 12:40:27,428 - INFO - Cache vide → récupération des horaires depuis la DB.
2025-12-03 12:40:27,444 - INFO - Horaires mis en cache (1 horaires).
2025-12-03 12:40:42,430 - INFO - Génération des séances pour le jour 2025-12-03 (weekday=2)
2025-12-03 12:40:42,431 - INFO - Cache vide → récupération des horaires depuis la DB.
2025-12-03 12:40:42,465 - INFO - Horaires mis en cache (1 horaires).
2025-12-03 12:40:57,433 - INFO - Génération des séances pour le jour 2025-12-03 (weekday=2)
2025-12-03 12:40:57,434 - INFO - Cache vide → récupération des horaires depuis la DB.
2025-12-03 12:40:57,472 - INFO - Horaires mis en cache (1 horaires).
2025-12-03 12:41:12,429 - INFO - Génération des séances pour le jour 2025-12-03 (weekday=2)
2025-12-03 12:41:12,430 - INFO - Cache vide → récupération des horaires depuis la DB.
2025-12-03 12:41:12,447 - INFO - Horaires mis en cache (1 horaires).
2025-12-03 12:41:27,432 - INFO - Génération des séances pour le jour 2025-12-03 (weekday=2)
2025-12-03 12:41:27,433 - INFO - Cache vide → récupération des horaires depuis la DB.
2025-12-03 12:41:27,479 - INFO - Horaires mis en cache (1 horaires).
2025-12-03 12:41:42,488 - INFO - Génération des séances pour le jour 2025-12-03 (weekday=2)
2025-12-03 12:41:42,610 - INFO - Cache vide → récupération des horaires depuis la DB.
2025-12-03 12:41:42,746 - INFO - Horaires mis en cache (1 horaires).
2025-12-03 12:41:57,431 - INFO - Génération des séances pour le jour 2025-12-03 (weekday=2)
2025-12-03 12:41:57,432 - INFO - Cache vide → récupération des horaires depuis la DB.
2025-12-03 12:41:57,453 - INFO - Horaires mis en cache (1 horaires).
2025-12-03 12:42:12,434 - INFO - Génération des séances pour le jour 2025-12-03 (weekday=2)
2025-12-03 12:42:12,434 - INFO - Cache vide → récupération des horaires depuis la DB.
2025-12-03 12:42:12,457 - INFO - Horaires mis en cache (1 horaires).
2025-12-03 12:42:27,428 - INFO - Génération des séances pour le jour 2025-12-03 (weekday=2)
2025-12-03 12:42:27,429 - INFO - Cache vide → récupération des horaires depuis la DB.
2025-12-03 12:42:27,451 - INFO - Horaires mis en cache (1 horaires).
2025-12-03 12:42:42,434 - INFO - Génération des séances pour le jour 2025-12-03 (weekday=2)
2025-12-03 12:42:42,436 - INFO - Cache vide → récupération des horaires depuis la DB.
2025-12-03 12:42:42,460 - INFO - Horaires mis en cache (1 horaires).
2025-12-03 12:42:57,433 - INFO - Génération des séances pour le jour 2025-12-03 (weekday=2)
2025-12-03 12:42:57,434 - INFO - Cache vide → récupération des horaires depuis la DB.
2025-12-03 12:42:57,463 - INFO - Horaires mis en cache (1 horaires).
2025-12-03 12:43:12,427 - INFO - Génération des séances pour le jour 2025-12-03 (weekday=2)
2025-12-03 12:43:12,427 - INFO - Cache vide → récupération des horaires depuis la DB.
2025-12-03 12:43:12,439 - INFO - Horaires mis en cache (1 horaires).
2025-12-03 12:43:27,428 - INFO - Génération des séances pour le jour 2025-12-03 (weekday=2)
2025-12-03 12:43:27,428 - INFO - Cache vide → récupération des horaires depuis la DB.
2025-12-03 12:43:27,440 - INFO - Horaires mis en cache (1 horaires).
2025-12-03 12:43:42,436 - INFO - Génération des séances pour le jour 2025-12-03 (weekday=2)
2025-12-03 12:43:42,438 - INFO - Cache vide → récupération des horaires depuis la DB.
2025-12-03 12:43:42,465 - INFO - Horaires mis en cache (1 horaires).
2025-12-03 12:43:57,433 - INFO - Génération des séances pour le jour 2025-12-03 (weekday=2)
2025-12-03 12:43:57,435 - INFO - Cache vide → récupération des horaires depuis la DB.
2025-12-03 12:43:57,475 - INFO - Horaires mis en cache (1 horaires).
2025-12-03 12:44:12,428 - INFO - Génération des séances pour le jour 2025-12-03 (weekday=2)
2025-12-03 12:44:12,428 - INFO - Cache vide → récupération des horaires depuis la DB.
2025-12-03 12:44:12,439 - INFO - Horaires mis en cache (1 horaires).
2025-12-03 12:44:27,433 - INFO - Génération des séances pour le jour 2025-12-03 (weekday=2)
2025-12-03 12:44:27,434 - INFO - Cache vide → récupération des horaires depuis la DB.
2025-12-03 12:44:27,457 - INFO - Horaires mis en cache (1 horaires).
2025-12-03 12:44:42,428 - INFO - Génération des séances pour le jour 2025-12-03 (weekday=2)
2025-12-03 12:44:42,428 - INFO - Cache vide → récupération des horaires depuis la DB.
2025-12-03 12:44:42,439 - INFO - Horaires mis en cache (1 horaires).
2025-12-03 12:44:57,428 - INFO - Génération des séances pour le jour 2025-12-03 (weekday=2)
2025-12-03 12:44:57,429 - INFO - Cache vide → récupération des horaires depuis la DB.
2025-12-03 12:44:57,439 - INFO - Horaires mis en cache (1 horaires).
2025-12-03 12:45:12,431 - INFO - Génération des séances pour le jour 2025-12-03 (weekday=2)
2025-12-03 12:45:12,431 - INFO - Cache vide → récupération des horaires depuis la DB.
2025-12-03 12:45:12,450 - INFO - Horaires mis en cache (1 horaires).
2025-12-03 12:45:27,428 - INFO - Génération des séances pour le jour 2025-12-03 (weekday=2)
2025-12-03 12:45:27,429 - INFO - Cache vide → récupération des horaires depuis la DB.
2025-12-03 12:45:27,441 - INFO - Horaires mis en cache (1 horaires).
2025-12-03 12:45:42,428 - INFO - Génération des séances pour le jour 2025-12-03 (weekday=2)
2025-12-03 12:45:42,429 - INFO - Cache vide → récupération des horaires depuis la DB.
2025-12-03 12:45:42,442 - INFO - Horaires mis en cache (1 horaires).
2025-12-03 12:45:57,428 - INFO - Génération des séances pour le jour 2025-12-03 (weekday=2)
2025-12-03 12:45:57,429 - INFO - Cache vide → récupération des horaires depuis la DB.
2025-12-03 12:45:57,440 - INFO - Horaires mis en cache (1 horaires).
2025-12-03 12:46:12,436 - INFO - Génération des séances pour le jour 2025-12-03 (weekday=2)
2025-12-03 12:46:12,437 - INFO - Cache vide → récupération des horaires depuis la DB.
2025-12-03 12:46:12,449 - INFO - Horaires mis en cache (1 horaires).
2025-12-03 12:46:27,436 - INFO - Génération des séances pour le jour 2025-12-03 (weekday=2)
2025-12-03 12:46:27,436 - INFO - Cache vide → récupération des horaires depuis la DB.
2025-12-03 12:46:27,447 - INFO - Horaires mis en cache (1 horaires).
2025-12-03 12:46:42,436 - INFO - Génération des séances pour le jour 2025-12-03 (weekday=2)
2025-12-03 12:46:42,437 - INFO - Cache vide → récupération des horaires depuis la DB.
2025-12-03 12:46:42,449 - INFO - Horaires mis en cache (1 horaires).
2025-12-03 12:46:57,428 - INFO - Génération des séances pour le jour 2025-12-03 (weekday=2)
2025-12-03 12:46:57,429 - INFO - Cache vide → récupération des horaires depuis la DB.
2025-12-03 12:46:57,440 - INFO - Horaires mis en cache (1 horaires).
2025-12-03 12:47:12,442 - INFO - Génération des séances pour le jour 2025-12-03 (weekday=2)
2025-12-03 12:47:12,443 - INFO - Cache vide → récupération des horaires depuis la DB.
2025-12-03 12:47:12,483 - INFO - Horaires mis en cache (1 horaires).
2025-12-03 12:47:27,436 - INFO - Génération des séances pour le jour 2025-12-03 (weekday=2)
2025-12-03 12:47:27,437 - INFO - Cache vide → récupération des horaires depuis la DB.
2025-12-03 12:47:27,448 - INFO - Horaires mis en cache (1 horaires).
2025-12-03 12:47:42,436 - INFO - Génération des séances pour le jour 2025-12-03 (weekday=2)
2025-12-03 12:47:42,437 - INFO - Cache vide → récupération des horaires depuis la DB.
2025-12-03 12:47:42,448 - INFO - Horaires mis en cache (1 horaires).
2025-12-03 12:47:57,442 - INFO - Génération des séances pour le jour 2025-12-03 (weekday=2)
2025-12-03 12:47:57,443 - INFO - Cache vide → récupération des horaires depuis la DB.
2025-12-03 12:47:57,464 - INFO - Horaires mis en cache (1 horaires).
2025-12-03 12:48:12,442 - INFO - Génération des séances pour le jour 2025-12-03 (weekday=2)
2025-12-03 12:48:12,444 - INFO - Cache vide → récupération des horaires depuis la DB.
2025-12-03 12:48:12,484 - INFO - Horaires mis en cache (1 horaires).
2025-12-03 12:48:27,437 - INFO - Génération des séances pour le jour 2025-12-03 (weekday=2)
2025-12-03 12:48:27,437 - INFO - Cache vide → récupération des horaires depuis la DB.
2025-12-03 12:48:27,449 - INFO - Horaires mis en cache (1 horaires).
2025-12-03 12:48:42,435 - INFO - Génération des séances pour le jour 2025-12-03 (weekday=2)
2025-12-03 12:48:42,436 - INFO - Cache vide → récupération des horaires depuis la DB.
2025-12-03 12:48:42,475 - INFO - Horaires mis en cache (1 horaires).
2025-12-03 12:48:57,442 - INFO - Génération des séances pour le jour 2025-12-03 (weekday=2)
2025-12-03 12:48:57,444 - INFO - Cache vide → récupération des horaires depuis la DB.
2025-12-03 12:48:57,485 - INFO - Horaires mis en cache (1 horaires).
2025-12-03 12:49:12,443 - INFO - Génération des séances pour le jour 2025-12-03 (weekday=2)
2025-12-03 12:49:12,445 - INFO - Cache vide → récupération des horaires depuis la DB.
2025-12-03 12:49:12,460 - INFO - Horaires mis en cache (1 horaires).
2025-12-03 12:49:27,444 - INFO - Génération des séances pour le jour 2025-12-03 (weekday=2)
2025-12-03 12:49:27,446 - INFO - Cache vide → récupération des horaires depuis la DB.
2025-12-03 12:49:27,472 - INFO - Horaires mis en cache (1 horaires).
2025-12-03 12:49:42,444 - INFO - Génération des séances pour le jour 2025-12-03 (weekday=2)
2025-12-03 12:49:42,445 - INFO - Cache vide → récupération des horaires depuis la DB.
2025-12-03 12:49:42,489 - INFO - Horaires mis en cache (1 horaires).
2025-12-03 12:49:57,444 - INFO - Génération des séances pour le jour 2025-12-03 (weekday=2)
2025-12-03 12:49:57,445 - INFO - Cache vide → récupération des horaires depuis la DB.
2025-12-03 12:49:57,492 - INFO - Horaires mis en cache (1 horaires).
2025-12-03 12:50:12,442 - INFO - Génération des séances pour le jour 2025-12-03 (weekday=2)
2025-12-03 12:50:12,444 - INFO - Cache vide → récupération des horaires depuis la DB.
2025-12-03 12:50:12,467 - INFO - Horaires mis en cache (1 horaires).
2025-12-03 12:50:27,430 - INFO - Génération des séances pour le jour 2025-12-03 (weekday=2)
2025-12-03 12:50:27,431 - INFO - Cache vide → récupération des horaires depuis la DB.
2025-12-03 12:50:27,443 - INFO - Horaires mis en cache (1 horaires).
2025-12-03 12:50:42,430 - INFO - Génération des séances pour le jour 2025-12-03 (weekday=2)
2025-12-03 12:50:42,431 - INFO - Cache vide → récupération des horaires depuis la DB.
2025-12-03 12:50:42,442 - INFO - Horaires mis en cache (1 horaires).
2025-12-03 12:50:57,438 - INFO - Génération des séances pour le jour 2025-12-03 (weekday=2)
2025-12-03 12:50:57,439 - INFO - Cache vide → récupération des horaires depuis la DB.
2025-12-03 12:50:57,455 - INFO - Horaires mis en cache (1 horaires).
2025-12-03 12:51:12,432 - INFO - Génération des séances pour le jour 2025-12-03 (weekday=2)
2025-12-03 12:51:12,432 - INFO - Cache vide → récupération des horaires depuis la DB.
2025-12-03 12:51:12,446 - INFO - Horaires mis en cache (1 horaires).
2025-12-03 12:51:27,445 - INFO - Génération des séances pour le jour 2025-12-03 (weekday=2)
2025-12-03 12:51:27,446 - INFO - Cache vide → récupération des horaires depuis la DB.
2025-12-03 12:51:27,486 - INFO - Horaires mis en cache (1 horaires).
2025-12-03 12:51:42,445 - INFO - Génération des séances pour le jour 2025-12-03 (weekday=2)
2025-12-03 12:51:42,446 - INFO - Cache vide → récupération des horaires depuis la DB.
2025-12-03 12:51:42,486 - INFO - Horaires mis en cache (1 horaires).
2025-12-03 12:51:57,437 - INFO - Génération des séances pour le jour 2025-12-03 (weekday=2)
2025-12-03 12:51:57,438 - INFO - Cache vide → récupération des horaires depuis la DB.
2025-12-03 12:51:57,475 - INFO - Horaires mis en cache (1 horaires).
2025-12-03 12:52:12,444 - INFO - Génération des séances pour le jour 2025-12-03 (weekday=2)
2025-12-03 12:52:12,445 - INFO - Cache vide → récupération des horaires depuis la DB.
2025-12-03 12:52:12,487 - INFO - Horaires mis en cache (1 horaires).
2025-12-03 12:52:27,431 - INFO - Génération des séances pour le jour 2025-12-03 (weekday=2)
2025-12-03 12:52:27,431 - INFO - Cache vide → récupération des horaires depuis la DB.
2025-12-03 12:52:27,442 - INFO - Horaires mis en cache (1 horaires).
2025-12-03 12:52:42,431 - INFO - Génération des séances pour le jour 2025-12-03 (weekday=2)
2025-12-03 12:52:42,432 - INFO - Cache vide → récupération des horaires depuis la DB.
2025-12-03 12:52:42,443 - INFO - Horaires mis en cache (1 horaires).
2025-12-03 12:52:57,444 - INFO - Génération des séances pour le jour 2025-12-03 (weekday=2)
2025-12-03 12:52:57,446 - INFO - Cache vide → récupération des horaires depuis la DB.
2025-12-03 12:52:57,491 - INFO - Horaires mis en cache (1 horaires).
2025-12-03 12:53:12,443 - INFO - Génération des séances pour le jour 2025-12-03 (weekday=2)
2025-12-03 12:53:12,445 - INFO - Cache vide → récupération des horaires depuis la DB.
2025-12-03 12:53:12,485 - INFO - Horaires mis en cache (1 horaires).
2025-12-03 12:53:27,444 - INFO - Génération des séances pour le jour 2025-12-03 (weekday=2)
2025-12-03 12:53:27,446 - INFO - Cache vide → récupération des horaires depuis la DB.
2025-12-03 12:53:27,491 - INFO - Horaires mis en cache (1 horaires).
2025-12-03 12:53:42,445 - INFO - Génération des séances pour le jour 2025-12-03 (weekday=2)
2025-12-03 12:53:42,446 - INFO - Cache vide → récupération des horaires depuis la DB.
2025-12-03 12:53:42,488 - INFO - Horaires mis en cache (1 horaires).
2025-12-03 12:53:57,445 - INFO - Génération des séances pour le jour 2025-12-03 (weekday=2)
2025-12-03 12:53:57,446 - INFO - Cache vide → récupération des horaires depuis la DB.
2025-12-03 12:53:57,460 - INFO - Horaires mis en cache (1 horaires).
2025-12-03 12:54:12,432 - INFO - Génération des séances pour le jour 2025-12-03 (weekday=2)
2025-12-03 12:54:12,432 - INFO - Cache vide → récupération des horaires depuis la DB.
2025-12-03 12:54:12,443 - INFO - Horaires mis en cache (1 horaires).
2025-12-03 12:54:27,439 - INFO - Génération des séances pour le jour 2025-12-03 (weekday=2)
2025-12-03 12:54:27,440 - INFO - Cache vide → récupération des horaires depuis la DB.
2025-12-03 12:54:27,491 - INFO - Horaires mis en cache (1 horaires).
2025-12-03 12:54:42,432 - INFO - Génération des séances pour le jour 2025-12-03 (weekday=2)
2025-12-03 12:54:42,433 - INFO - Cache vide → récupération des horaires depuis la DB.
2025-12-03 12:54:42,446 - INFO - Horaires mis en cache (1 horaires).
2025-12-03 12:54:57,432 - INFO - Génération des séances pour le jour 2025-12-03 (weekday=2)
2025-12-03 12:54:57,433 - INFO - Cache vide → récupération des horaires depuis la DB.
2025-12-03 12:54:57,449 - INFO - Horaires mis en cache (1 horaires).
2025-12-03 12:55:12,446 - INFO - Génération des séances pour le jour 2025-12-03 (weekday=2)
2025-12-03 12:55:12,447 - INFO - Cache vide → récupération des horaires depuis la DB.
2025-12-03 12:55:12,483 - INFO - Horaires mis en cache (1 horaires).
2025-12-03 12:55:27,440 - INFO - Génération des séances pour le jour 2025-12-03 (weekday=2)
2025-12-03 12:55:27,440 - INFO - Cache vide → récupération des horaires depuis la DB.
2025-12-03 12:55:27,452 - INFO - Horaires mis en cache (1 horaires).
2025-12-03 12:55:42,447 - INFO - Génération des séances pour le jour 2025-12-03 (weekday=2)
2025-12-03 12:55:42,448 - INFO - Cache vide → récupération des horaires depuis la DB.
2025-12-03 12:55:42,487 - INFO - Horaires mis en cache (1 horaires).
2025-12-03 12:55:57,446 - INFO - Génération des séances pour le jour 2025-12-03 (weekday=2)
2025-12-03 12:55:57,447 - INFO - Cache vide → récupération des horaires depuis la DB.
2025-12-03 12:55:57,492 - INFO - Horaires mis en cache (1 horaires).
2025-12-03 12:56:12,443 - INFO - Génération des séances pour le jour 2025-12-03 (weekday=2)
2025-12-03 12:56:12,445 - INFO - Cache vide → récupération des horaires depuis la DB.
2025-12-03 12:56:12,471 - INFO - Horaires mis en cache (1 horaires).
2025-12-03 12:56:27,439 - INFO - Génération des séances pour le jour 2025-12-03 (weekday=2)
2025-12-03 12:56:27,440 - INFO - Cache vide → récupération des horaires depuis la DB.
2025-12-03 12:56:27,490 - INFO - Horaires mis en cache (1 horaires).
2025-12-03 12:56:42,439 - INFO - Génération des séances pour le jour 2025-12-03 (weekday=2)
2025-12-03 12:56:42,441 - INFO - Cache vide → récupération des horaires depuis la DB.
2025-12-03 12:56:42,475 - INFO - Horaires mis en cache (1 horaires).
2025-12-03 12:56:57,441 - INFO - Génération des séances pour le jour 2025-12-03 (weekday=2)
2025-12-03 12:56:57,441 - INFO - Cache vide → récupération des horaires depuis la DB.
2025-12-03 12:56:57,452 - INFO - Horaires mis en cache (1 horaires).
2025-12-03 12:57:12,441 - INFO - Génération des séances pour le jour 2025-12-03 (weekday=2)
2025-12-03 12:57:12,441 - INFO - Cache vide → récupération des horaires depuis la DB.
2025-12-03 12:57:12,453 - INFO - Horaires mis en cache (1 horaires).
2025-12-03 12:57:27,447 - INFO - Génération des séances pour le jour 2025-12-03 (weekday=2)
2025-12-03 12:57:27,450 - INFO - Cache vide → récupération des horaires depuis la DB.
2025-12-03 12:57:27,495 - INFO - Horaires mis en cache (1 horaires).
2025-12-03 12:57:42,447 - INFO - Génération des séances pour le jour 2025-12-03 (weekday=2)
2025-12-03 12:57:42,448 - INFO - Cache vide → récupération des horaires depuis la DB.
2025-12-03 12:57:42,489 - INFO - Horaires mis en cache (1 horaires).
2025-12-03 12:57:57,440 - INFO - Génération des séances pour le jour 2025-12-03 (weekday=2)
2025-12-03 12:57:57,441 - INFO - Cache vide → récupération des horaires depuis la DB.
2025-12-03 12:57:57,492 - INFO - Horaires mis en cache (1 horaires).
2025-12-03 12:58:12,441 - INFO - Génération des séances pour le jour 2025-12-03 (weekday=2)
2025-12-03 12:58:12,442 - INFO - Cache vide → récupération des horaires depuis la DB.
2025-12-03 12:58:12,477 - INFO - Horaires mis en cache (1 horaires).
2025-12-03 12:58:27,437 - INFO - Génération des séances pour le jour 2025-12-03 (weekday=2)
2025-12-03 12:58:27,438 - INFO - Cache vide → récupération des horaires depuis la DB.
2025-12-03 12:58:27,458 - INFO - Horaires mis en cache (1 horaires).
2025-12-03 12:58:42,441 - INFO - Génération des séances pour le jour 2025-12-03 (weekday=2)
2025-12-03 12:58:42,442 - INFO - Cache vide → récupération des horaires depuis la DB.
2025-12-03 12:58:42,485 - INFO - Horaires mis en cache (1 horaires).
2025-12-03 12:58:57,442 - INFO - Génération des séances pour le jour 2025-12-03 (weekday=2)
2025-12-03 12:58:57,443 - INFO - Cache vide → récupération des horaires depuis la DB.
2025-12-03 12:58:57,455 - INFO - Horaires mis en cache (1 horaires).
2025-12-03 12:59:12,449 - INFO - Génération des séances pour le jour 2025-12-03 (weekday=2)
2025-12-03 12:59:12,450 - INFO - Cache vide → récupération des horaires depuis la DB.
2025-12-03 12:59:12,479 - INFO - Horaires mis en cache (1 horaires).
2025-12-03 12:59:27,445 - INFO - Génération des séances pour le jour 2025-12-03 (weekday=2)
2025-12-03 12:59:27,445 - INFO - Cache vide → récupération des horaires depuis la DB.
2025-12-03 12:59:27,457 - INFO - Horaires mis en cache (1 horaires).
2025-12-03 12:59:42,449 - INFO - Génération des séances pour le jour 2025-12-03 (weekday=2)
2025-12-03 12:59:42,450 - INFO - Cache vide → récupération des horaires depuis la DB.
2025-12-03 12:59:42,485 - INFO - Horaires mis en cache (1 horaires).
2025-12-03 12:59:57,442 - INFO - Génération des séances pour le jour 2025-12-03 (weekday=2)
2025-12-03 12:59:57,443 - INFO - Cache vide → récupération des horaires depuis la DB.
2025-12-03 12:59:57,454 - INFO - Horaires mis en cache (1 horaires).
2025-12-03 13:00:12,435 - INFO - Génération des séances pour le jour 2025-12-03 (weekday=2)
2025-12-03 13:00:12,435 - INFO - Cache vide → récupération des horaires depuis la DB.
2025-12-03 13:00:12,446 - INFO - Horaires mis en cache (1 horaires).
2025-12-03 13:00:27,435 - INFO - Génération des séances pour le jour 2025-12-03 (weekday=2)
2025-12-03 13:00:27,436 - INFO - Cache vide → récupération des horaires depuis la DB.
2025-12-03 13:00:27,449 - INFO - Horaires mis en cache (1 horaires).
2025-12-03 13:00:42,449 - INFO - Génération des séances pour le jour 2025-12-03 (weekday=2)
2025-12-03 13:00:42,450 - INFO - Cache vide → récupération des horaires depuis la DB.
2025-12-03 13:00:42,492 - INFO - Horaires mis en cache (1 horaires).
2025-12-03 13:00:57,449 - INFO - Génération des séances pour le jour 2025-12-03 (weekday=2)
2025-12-03 13:00:57,450 - INFO - Cache vide → récupération des horaires depuis la DB.
2025-12-03 13:00:57,492 - INFO - Horaires mis en cache (1 horaires).
2025-12-03 13:01:12,449 - INFO - Génération des séances pour le jour 2025-12-03 (weekday=2)
2025-12-03 13:01:12,451 - INFO - Cache vide → récupération des horaires depuis la DB.
2025-12-03 13:01:12,490 - INFO - Horaires mis en cache (1 horaires).
2025-12-03 13:01:27,449 - INFO - Génération des séances pour le jour 2025-12-03 (weekday=2)
2025-12-03 13:01:27,451 - INFO - Cache vide → récupération des horaires depuis la DB.
2025-12-03 13:01:27,501 - INFO - Horaires mis en cache (1 horaires).
2025-12-03 13:01:42,444 - INFO - Génération des séances pour le jour 2025-12-03 (weekday=2)
2025-12-03 13:01:42,444 - INFO - Cache vide → récupération des horaires depuis la DB.
2025-12-03 13:01:42,457 - INFO - Horaires mis en cache (1 horaires).
2025-12-03 13:01:57,451 - INFO - Génération des séances pour le jour 2025-12-03 (weekday=2)
2025-12-03 13:01:57,452 - INFO - Cache vide → récupération des horaires depuis la DB.
2025-12-03 13:01:57,494 - INFO - Horaires mis en cache (1 horaires).
2025-12-03 13:02:12,438 - INFO - Génération des séances pour le jour 2025-12-03 (weekday=2)
2025-12-03 13:02:12,438 - INFO - Cache vide → récupération des horaires depuis la DB.
2025-12-03 13:02:12,458 - INFO - Horaires mis en cache (1 horaires).
2025-12-03 13:02:27,439 - INFO - Génération des séances pour le jour 2025-12-03 (weekday=2)
2025-12-03 13:02:27,439 - INFO - Cache vide → récupération des horaires depuis la DB.
2025-12-03 13:02:27,457 - INFO - Horaires mis en cache (1 horaires).
2025-12-03 13:02:42,449 - INFO - Génération des séances pour le jour 2025-12-03 (weekday=2)
2025-12-03 13:02:42,451 - INFO - Cache vide → récupération des horaires depuis la DB.
2025-12-03 13:02:42,490 - INFO - Horaires mis en cache (1 horaires).
2025-12-03 13:02:57,446 - INFO - Génération des séances pour le jour 2025-12-03 (weekday=2)
2025-12-03 13:02:57,447 - INFO - Cache vide → récupération des horaires depuis la DB.
2025-12-03 13:02:57,458 - INFO - Horaires mis en cache (1 horaires).
2025-12-03 13:03:12,447 - INFO - Génération des séances pour le jour 2025-12-03 (weekday=2)
2025-12-03 13:03:12,448 - INFO - Cache vide → récupération des horaires depuis la DB.
2025-12-03 13:03:12,492 - INFO - Horaires mis en cache (1 horaires).
2025-12-03 13:03:27,451 - INFO - Génération des séances pour le jour 2025-12-03 (weekday=2)
2025-12-03 13:03:27,452 - INFO - Cache vide → récupération des horaires depuis la DB.
2025-12-03 13:03:27,494 - INFO - Horaires mis en cache (1 horaires).
2025-12-03 13:03:42,451 - INFO - Génération des séances pour le jour 2025-12-03 (weekday=2)
2025-12-03 13:03:42,452 - INFO - Cache vide → récupération des horaires depuis la DB.
2025-12-03 13:03:42,493 - INFO - Horaires mis en cache (1 horaires).
2025-12-03 13:03:57,437 - INFO - Génération des séances pour le jour 2025-12-03 (weekday=2)
2025-12-03 13:03:57,438 - INFO - Cache vide → récupération des horaires depuis la DB.
2025-12-03 13:03:57,450 - INFO - Horaires mis en cache (1 horaires).
2025-12-03 13:04:12,442 - INFO - Génération des séances pour le jour 2025-12-03 (weekday=2)
2025-12-03 13:04:12,444 - INFO - Cache vide → récupération des horaires depuis la DB.
2025-12-03 13:04:12,486 - INFO - Horaires mis en cache (1 horaires).
2025-12-03 13:04:27,442 - INFO - Génération des séances pour le jour 2025-12-03 (weekday=2)
2025-12-03 13:04:27,444 - INFO - Cache vide → récupération des horaires depuis la DB.
2025-12-03 13:04:27,484 - INFO - Horaires mis en cache (1 horaires).
2025-12-03 13:04:42,450 - INFO - Génération des séances pour le jour 2025-12-03 (weekday=2)
2025-12-03 13:04:42,452 - INFO - Cache vide → récupération des horaires depuis la DB.
2025-12-03 13:04:42,491 - INFO - Horaires mis en cache (1 horaires).
2025-12-03 13:04:57,450 - INFO - Génération des séances pour le jour 2025-12-03 (weekday=2)
2025-12-03 13:04:57,452 - INFO - Cache vide → récupération des horaires depuis la DB.
2025-12-03 13:04:57,497 - INFO - Horaires mis en cache (1 horaires).
2025-12-03 13:05:12,451 - INFO - Génération des séances pour le jour 2025-12-03 (weekday=2)
2025-12-03 13:05:12,452 - INFO - Cache vide → récupération des horaires depuis la DB.
2025-12-03 13:05:12,493 - INFO - Horaires mis en cache (1 horaires).
2025-12-03 13:05:27,445 - INFO - Génération des séances pour le jour 2025-12-03 (weekday=2)
2025-12-03 13:05:27,445 - INFO - Cache vide → récupération des horaires depuis la DB.
2025-12-03 13:05:27,456 - INFO - Horaires mis en cache (1 horaires).
2025-12-03 13:05:42,445 - INFO - Génération des séances pour le jour 2025-12-03 (weekday=2)
2025-12-03 13:05:42,446 - INFO - Cache vide → récupération des horaires depuis la DB.
2025-12-03 13:05:42,457 - INFO - Horaires mis en cache (1 horaires).
2025-12-03 13:05:57,443 - INFO - Génération des séances pour le jour 2025-12-03 (weekday=2)
2025-12-03 13:05:57,445 - INFO - Cache vide → récupération des horaires depuis la DB.
2025-12-03 13:05:57,490 - INFO - Horaires mis en cache (1 horaires).
2025-12-03 13:06:12,438 - INFO - Génération des séances pour le jour 2025-12-03 (weekday=2)
2025-12-03 13:06:12,438 - INFO - Cache vide → récupération des horaires depuis la DB.
2025-12-03 13:06:12,449 - INFO - Horaires mis en cache (1 horaires).
2025-12-03 13:06:27,451 - INFO - Génération des séances pour le jour 2025-12-03 (weekday=2)
2025-12-03 13:06:27,452 - INFO - Cache vide → récupération des horaires depuis la DB.
2025-12-03 13:06:27,498 - INFO - Horaires mis en cache (1 horaires).
2025-12-03 13:06:42,445 - INFO - Génération des séances pour le jour 2025-12-03 (weekday=2)
2025-12-03 13:06:42,449 - INFO - Cache vide → récupération des horaires depuis la DB.
2025-12-03 13:06:42,481 - INFO - Horaires mis en cache (1 horaires).
2025-12-03 13:06:57,446 - INFO - Génération des séances pour le jour 2025-12-03 (weekday=2)
2025-12-03 13:06:57,446 - INFO - Cache vide → récupération des horaires depuis la DB.
2025-12-03 13:06:57,458 - INFO - Horaires mis en cache (1 horaires).
2025-12-03 13:07:12,446 - INFO - Génération des séances pour le jour 2025-12-03 (weekday=2)
2025-12-03 13:07:12,446 - INFO - Cache vide → récupération des horaires depuis la DB.
2025-12-03 13:07:12,459 - INFO - Horaires mis en cache (1 horaires).
2025-12-03 13:07:27,446 - INFO - Génération des séances pour le jour 2025-12-03 (weekday=2)
2025-12-03 13:07:27,446 - INFO - Cache vide → récupération des horaires depuis la DB.
2025-12-03 13:07:27,458 - INFO - Horaires mis en cache (1 horaires).
2025-12-03 13:07:42,438 - INFO - Génération des séances pour le jour 2025-12-03 (weekday=2)
2025-12-03 13:07:42,439 - INFO - Cache vide → récupération des horaires depuis la DB.
2025-12-03 13:07:42,450 - INFO - Horaires mis en cache (1 horaires).
2025-12-03 13:07:57,438 - INFO - Génération des séances pour le jour 2025-12-03 (weekday=2)
2025-12-03 13:07:57,439 - INFO - Cache vide → récupération des horaires depuis la DB.
2025-12-03 13:07:57,449 - INFO - Horaires mis en cache (1 horaires).
2025-12-03 13:08:12,447 - INFO - Génération des séances pour le jour 2025-12-03 (weekday=2)
2025-12-03 13:08:12,447 - INFO - Cache vide → récupération des horaires depuis la DB.
2025-12-03 13:08:12,462 - INFO - Horaires mis en cache (1 horaires).
2025-12-03 13:08:27,439 - INFO - Génération des séances pour le jour 2025-12-03 (weekday=2)
2025-12-03 13:08:27,439 - INFO - Cache vide → récupération des horaires depuis la DB.
2025-12-03 13:08:27,451 - INFO - Horaires mis en cache (1 horaires).
2025-12-03 13:08:42,448 - INFO - Génération des séances pour le jour 2025-12-03 (weekday=2)
2025-12-03 13:08:42,448 - INFO - Cache vide → récupération des horaires depuis la DB.
2025-12-03 13:08:42,466 - INFO - Horaires mis en cache (1 horaires).
2025-12-03 13:08:57,447 - INFO - Génération des séances pour le jour 2025-12-03 (weekday=2)
2025-12-03 13:08:57,448 - INFO - Cache vide → récupération des horaires depuis la DB.
2025-12-03 13:08:57,463 - INFO - Horaires mis en cache (1 horaires).
2025-12-03 13:09:12,439 - INFO - Génération des séances pour le jour 2025-12-03 (weekday=2)
2025-12-03 13:09:12,439 - INFO - Cache vide → récupération des horaires depuis la DB.
2025-12-03 13:09:12,450 - INFO - Horaires mis en cache (1 horaires).
2025-12-03 13:09:27,446 - INFO - Génération des séances pour le jour 2025-12-03 (weekday=2)
2025-12-03 13:09:27,447 - INFO - Cache vide → récupération des horaires depuis la DB.
2025-12-03 13:09:27,471 - INFO - Horaires mis en cache (1 horaires).
2025-12-03 13:09:42,439 - INFO - Génération des séances pour le jour 2025-12-03 (weekday=2)
2025-12-03 13:09:42,439 - INFO - Cache vide → récupération des horaires depuis la DB.
2025-12-03 13:09:42,450 - INFO - Horaires mis en cache (1 horaires).
2025-12-03 13:09:57,446 - INFO - Génération des séances pour le jour 2025-12-03 (weekday=2)
2025-12-03 13:09:57,447 - INFO - Cache vide → récupération des horaires depuis la DB.
2025-12-03 13:09:57,459 - INFO - Horaires mis en cache (1 horaires).
2025-12-03 13:10:12,446 - INFO - Génération des séances pour le jour 2025-12-03 (weekday=2)
2025-12-03 13:10:12,447 - INFO - Cache vide → récupération des horaires depuis la DB.
2025-12-03 13:10:12,457 - INFO - Horaires mis en cache (1 horaires).
2025-12-03 13:10:27,446 - INFO - Génération des séances pour le jour 2025-12-03 (weekday=2)
2025-12-03 13:10:27,447 - INFO - Cache vide → récupération des horaires depuis la DB.
2025-12-03 13:10:27,459 - INFO - Horaires mis en cache (1 horaires).
2025-12-03 13:10:42,446 - INFO - Génération des séances pour le jour 2025-12-03 (weekday=2)
2025-12-03 13:10:42,447 - INFO - Cache vide → récupération des horaires depuis la DB.
2025-12-03 13:10:42,459 - INFO - Horaires mis en cache (1 horaires).
2025-12-03 13:10:57,446 - INFO - Génération des séances pour le jour 2025-12-03 (weekday=2)
2025-12-03 13:10:57,447 - INFO - Cache vide → récupération des horaires depuis la DB.
2025-12-03 13:10:57,458 - INFO - Horaires mis en cache (1 horaires).
2025-12-03 13:11:12,439 - INFO - Génération des séances pour le jour 2025-12-03 (weekday=2)
2025-12-03 13:11:12,440 - INFO - Cache vide → récupération des horaires depuis la DB.
2025-12-03 13:11:12,451 - INFO - Horaires mis en cache (1 horaires).
2025-12-03 13:11:27,445 - INFO - Génération des séances pour le jour 2025-12-03 (weekday=2)
2025-12-03 13:11:27,446 - INFO - Cache vide → récupération des horaires depuis la DB.
2025-12-03 13:11:27,491 - INFO - Horaires mis en cache (1 horaires).
2025-12-03 13:11:42,439 - INFO - Génération des séances pour le jour 2025-12-03 (weekday=2)
2025-12-03 13:11:42,439 - INFO - Cache vide → récupération des horaires depuis la DB.
2025-12-03 13:11:42,451 - INFO - Horaires mis en cache (1 horaires).
2025-12-03 13:11:57,439 - INFO - Génération des séances pour le jour 2025-12-03 (weekday=2)
2025-12-03 13:11:57,439 - INFO - Cache vide → récupération des horaires depuis la DB.
2025-12-03 13:11:57,451 - INFO - Horaires mis en cache (1 horaires).
2025-12-03 13:12:12,447 - INFO - Génération des séances pour le jour 2025-12-03 (weekday=2)
2025-12-03 13:12:12,447 - INFO - Cache vide → récupération des horaires depuis la DB.
2025-12-03 13:12:12,458 - INFO - Horaires mis en cache (1 horaires).
2025-12-03 13:12:27,453 - INFO - Génération des séances pour le jour 2025-12-03 (weekday=2)
2025-12-03 13:12:27,454 - INFO - Cache vide → récupération des horaires depuis la DB.
2025-12-03 13:12:27,476 - INFO - Horaires mis en cache (1 horaires).
2025-12-03 13:12:42,447 - INFO - Génération des séances pour le jour 2025-12-03 (weekday=2)
2025-12-03 13:12:42,447 - INFO - Cache vide → récupération des horaires depuis la DB.
2025-12-03 13:12:42,458 - INFO - Horaires mis en cache (1 horaires).
2025-12-03 13:12:57,447 - INFO - Génération des séances pour le jour 2025-12-03 (weekday=2)
2025-12-03 13:12:57,447 - INFO - Cache vide → récupération des horaires depuis la DB.
2025-12-03 13:12:57,459 - INFO - Horaires mis en cache (1 horaires).
2025-12-03 13:13:12,445 - INFO - Génération des séances pour le jour 2025-12-03 (weekday=2)
2025-12-03 13:13:12,446 - INFO - Cache vide → récupération des horaires depuis la DB.
2025-12-03 13:13:12,468 - INFO - Horaires mis en cache (1 horaires).
2025-12-03 13:13:27,439 - INFO - Génération des séances pour le jour 2025-12-03 (weekday=2)
2025-12-03 13:13:27,440 - INFO - Cache vide → récupération des horaires depuis la DB.
2025-12-03 13:13:27,452 - INFO - Horaires mis en cache (1 horaires).
2025-12-03 13:13:42,440 - INFO - Génération des séances pour le jour 2025-12-03 (weekday=2)
2025-12-03 13:13:42,441 - INFO - Cache vide → récupération des horaires depuis la DB.
2025-12-03 13:13:42,455 - INFO - Horaires mis en cache (1 horaires).
2025-12-03 13:13:57,453 - INFO - Génération des séances pour le jour 2025-12-03 (weekday=2)
2025-12-03 13:13:57,454 - INFO - Cache vide → récupération des horaires depuis la DB.
2025-12-03 13:13:57,500 - INFO - Horaires mis en cache (1 horaires).
2025-12-03 13:14:12,447 - INFO - Génération des séances pour le jour 2025-12-03 (weekday=2)
2025-12-03 13:14:12,448 - INFO - Cache vide → récupération des horaires depuis la DB.
2025-12-03 13:14:12,459 - INFO - Horaires mis en cache (1 horaires).
2025-12-03 13:14:27,454 - INFO - Génération des séances pour le jour 2025-12-03 (weekday=2)
2025-12-03 13:14:27,455 - INFO - Cache vide → récupération des horaires depuis la DB.
2025-12-03 13:14:27,502 - INFO - Horaires mis en cache (1 horaires).
2025-12-03 13:14:42,454 - INFO - Génération des séances pour le jour 2025-12-03 (weekday=2)
2025-12-03 13:14:42,455 - INFO - Cache vide → récupération des horaires depuis la DB.
2025-12-03 13:14:42,490 - INFO - Horaires mis en cache (1 horaires).
2025-12-03 13:14:57,454 - INFO - Génération des séances pour le jour 2025-12-03 (weekday=2)
2025-12-03 13:14:57,456 - INFO - Cache vide → récupération des horaires depuis la DB.
2025-12-03 13:14:57,500 - INFO - Horaires mis en cache (1 horaires).
2025-12-03 13:15:12,447 - INFO - Génération des séances pour le jour 2025-12-03 (weekday=2)
2025-12-03 13:15:12,449 - INFO - Cache vide → récupération des horaires depuis la DB.
2025-12-03 13:15:12,487 - INFO - Horaires mis en cache (1 horaires).
2025-12-03 13:15:27,447 - INFO - Génération des séances pour le jour 2025-12-03 (weekday=2)
2025-12-03 13:15:27,449 - INFO - Cache vide → récupération des horaires depuis la DB.
2025-12-03 13:15:27,488 - INFO - Horaires mis en cache (1 horaires).
2025-12-03 13:15:42,448 - INFO - Génération des séances pour le jour 2025-12-03 (weekday=2)
2025-12-03 13:15:42,449 - INFO - Cache vide → récupération des horaires depuis la DB.
2025-12-03 13:15:42,460 - INFO - Horaires mis en cache (1 horaires).
2025-12-03 13:15:57,448 - INFO - Génération des séances pour le jour 2025-12-03 (weekday=2)
2025-12-03 13:15:57,449 - INFO - Cache vide → récupération des horaires depuis la DB.
2025-12-03 13:15:57,461 - INFO - Horaires mis en cache (1 horaires).
2025-12-03 13:16:12,452 - INFO - Génération des séances pour le jour 2025-12-03 (weekday=2)
2025-12-03 13:16:12,453 - INFO - Cache vide → récupération des horaires depuis la DB.
2025-12-03 13:16:12,497 - INFO - Horaires mis en cache (1 horaires).
2025-12-03 13:16:27,454 - INFO - Génération des séances pour le jour 2025-12-03 (weekday=2)
2025-12-03 13:16:27,455 - INFO - Cache vide → récupération des horaires depuis la DB.
2025-12-03 13:16:27,496 - INFO - Horaires mis en cache (1 horaires).
2025-12-03 13:16:42,442 - INFO - Génération des séances pour le jour 2025-12-03 (weekday=2)
2025-12-03 13:16:42,443 - INFO - Cache vide → récupération des horaires depuis la DB.
2025-12-03 13:16:42,458 - INFO - Horaires mis en cache (1 horaires).
2025-12-03 13:16:57,441 - INFO - Génération des séances pour le jour 2025-12-03 (weekday=2)
2025-12-03 13:16:57,442 - INFO - Cache vide → récupération des horaires depuis la DB.
2025-12-03 13:16:57,452 - INFO - Horaires mis en cache (1 horaires).
2025-12-03 13:17:12,441 - INFO - Génération des séances pour le jour 2025-12-03 (weekday=2)
2025-12-03 13:17:12,442 - INFO - Cache vide → récupération des horaires depuis la DB.
2025-12-03 13:17:12,453 - INFO - Horaires mis en cache (1 horaires).
2025-12-03 13:17:27,441 - INFO - Génération des séances pour le jour 2025-12-03 (weekday=2)
2025-12-03 13:17:27,442 - INFO - Cache vide → récupération des horaires depuis la DB.
2025-12-03 13:17:27,453 - INFO - Horaires mis en cache (1 horaires).
2025-12-03 13:17:42,449 - INFO - Génération des séances pour le jour 2025-12-03 (weekday=2)
2025-12-03 13:17:42,449 - INFO - Cache vide → récupération des horaires depuis la DB.
2025-12-03 13:17:42,461 - INFO - Horaires mis en cache (1 horaires).
2025-12-03 13:17:57,449 - INFO - Génération des séances pour le jour 2025-12-03 (weekday=2)
2025-12-03 13:17:57,449 - INFO - Cache vide → récupération des horaires depuis la DB.
2025-12-03 13:17:57,461 - INFO - Horaires mis en cache (1 horaires).
2025-12-03 13:18:12,455 - INFO - Génération des séances pour le jour 2025-12-03 (weekday=2)
2025-12-03 13:18:12,456 - INFO - Cache vide → récupération des horaires depuis la DB.
2025-12-03 13:18:12,501 - INFO - Horaires mis en cache (1 horaires).
2025-12-03 13:18:27,455 - INFO - Génération des séances pour le jour 2025-12-03 (weekday=2)
2025-12-03 13:18:27,457 - INFO - Cache vide → récupération des horaires depuis la DB.
2025-12-03 13:18:27,502 - INFO - Horaires mis en cache (1 horaires).
2025-12-03 13:18:42,456 - INFO - Génération des séances pour le jour 2025-12-03 (weekday=2)
2025-12-03 13:18:42,457 - INFO - Cache vide → récupération des horaires depuis la DB.
2025-12-03 13:18:42,501 - INFO - Horaires mis en cache (1 horaires).
2025-12-03 13:18:57,448 - INFO - Génération des séances pour le jour 2025-12-03 (weekday=2)
2025-12-03 13:18:57,450 - INFO - Cache vide → récupération des horaires depuis la DB.
2025-12-03 13:18:57,492 - INFO - Horaires mis en cache (1 horaires).
2025-12-03 13:19:11,976 - ERROR - Erreur de décryptage des données: 'NoneType' object has no attribute 'encode'
2025-12-03 13:19:12,448 - INFO - Génération des séances pour le jour 2025-12-03 (weekday=2)
2025-12-03 13:19:12,449 - INFO - Cache vide → récupération des horaires depuis la DB.
2025-12-03 13:19:12,493 - INFO - Horaires mis en cache (1 horaires).
2025-12-03 13:19:27,456 - INFO - Génération des séances pour le jour 2025-12-03 (weekday=2)
2025-12-03 13:19:27,457 - INFO - Cache vide → récupération des horaires depuis la DB.
2025-12-03 13:19:27,485 - INFO - Horaires mis en cache (1 horaires).
2025-12-03 13:19:42,450 - INFO - Génération des séances pour le jour 2025-12-03 (weekday=2)
2025-12-03 13:19:42,451 - INFO - Cache vide → récupération des horaires depuis la DB.
2025-12-03 13:19:42,476 - INFO - Horaires mis en cache (1 horaires).
2025-12-03 13:19:57,450 - INFO - Génération des séances pour le jour 2025-12-03 (weekday=2)
2025-12-03 13:19:57,451 - INFO - Cache vide → récupération des horaires depuis la DB.
2025-12-03 13:19:57,463 - INFO - Horaires mis en cache (1 horaires).
2025-12-03 13:20:12,456 - INFO - Génération des séances pour le jour 2025-12-03 (weekday=2)
2025-12-03 13:20:12,458 - INFO - Cache vide → récupération des horaires depuis la DB.
2025-12-03 13:20:12,493 - INFO - Horaires mis en cache (1 horaires).
2025-12-03 13:20:27,457 - INFO - Génération des séances pour le jour 2025-12-03 (weekday=2)
2025-12-03 13:20:27,458 - INFO - Cache vide → récupération des horaires depuis la DB.
2025-12-03 13:20:27,479 - INFO - Horaires mis en cache (1 horaires).
2025-12-03 13:20:42,443 - INFO - Génération des séances pour le jour 2025-12-03 (weekday=2)
2025-12-03 13:20:42,443 - INFO - Cache vide → récupération des horaires depuis la DB.
2025-12-03 13:20:42,456 - INFO - Horaires mis en cache (1 horaires).
2025-12-03 13:20:57,449 - INFO - Génération des séances pour le jour 2025-12-03 (weekday=2)
2025-12-03 13:20:57,450 - INFO - Cache vide → récupération des horaires depuis la DB.
2025-12-03 13:20:57,490 - INFO - Horaires mis en cache (1 horaires).
2025-12-03 13:21:12,443 - INFO - Génération des séances pour le jour 2025-12-03 (weekday=2)
2025-12-03 13:21:12,444 - INFO - Cache vide → récupération des horaires depuis la DB.
2025-12-03 13:21:12,456 - INFO - Horaires mis en cache (1 horaires).
2025-12-03 13:21:25,996 - ERROR - Erreur de décryptage des données: 
2025-12-03 13:21:27,457 - INFO - Génération des séances pour le jour 2025-12-03 (weekday=2)
2025-12-03 13:21:27,459 - INFO - Cache vide → récupération des horaires depuis la DB.
2025-12-03 13:21:27,503 - INFO - Horaires mis en cache (1 horaires).
2025-12-03 13:21:28,392 - ERROR - Erreur de décryptage des données: 
2025-12-03 13:21:42,451 - INFO - Génération des séances pour le jour 2025-12-03 (weekday=2)
2025-12-03 13:21:42,451 - INFO - Cache vide → récupération des horaires depuis la DB.
2025-12-03 13:21:42,463 - INFO - Horaires mis en cache (1 horaires).
2025-12-03 13:21:57,457 - INFO - Génération des séances pour le jour 2025-12-03 (weekday=2)
2025-12-03 13:21:57,458 - INFO - Cache vide → récupération des horaires depuis la DB.
2025-12-03 13:21:57,504 - INFO - Horaires mis en cache (1 horaires).
2025-12-03 13:22:12,017 - ERROR - Erreur de décryptage des données: 
2025-12-03 13:22:12,458 - INFO - Génération des séances pour le jour 2025-12-03 (weekday=2)
2025-12-03 13:22:12,459 - INFO - Cache vide → récupération des horaires depuis la DB.
2025-12-03 13:22:12,503 - INFO - Horaires mis en cache (1 horaires).
2025-12-03 13:22:27,449 - INFO - Génération des séances pour le jour 2025-12-03 (weekday=2)
2025-12-03 13:22:27,451 - INFO - Cache vide → récupération des horaires depuis la DB.
2025-12-03 13:22:27,496 - INFO - Horaires mis en cache (1 horaires).
2025-12-03 13:22:42,450 - INFO - Génération des séances pour le jour 2025-12-03 (weekday=2)
2025-12-03 13:22:42,452 - INFO - Cache vide → récupération des horaires depuis la DB.
2025-12-03 13:22:42,492 - INFO - Horaires mis en cache (1 horaires).
2025-12-03 13:22:52,838 - ERROR - Erreur de décryptage des données: 
2025-12-03 13:22:57,450 - INFO - Génération des séances pour le jour 2025-12-03 (weekday=2)
2025-12-03 13:22:57,451 - INFO - Cache vide → récupération des horaires depuis la DB.
2025-12-03 13:22:57,492 - INFO - Horaires mis en cache (1 horaires).
2025-12-03 13:23:12,458 - INFO - Génération des séances pour le jour 2025-12-03 (weekday=2)
2025-12-03 13:23:12,460 - INFO - Cache vide → récupération des horaires depuis la DB.
2025-12-03 13:23:12,487 - INFO - Horaires mis en cache (1 horaires).
2025-12-03 13:23:19,453 - ERROR - Erreur de décryptage des données: 
2025-12-03 13:23:27,459 - INFO - Génération des séances pour le jour 2025-12-03 (weekday=2)
2025-12-03 13:23:27,461 - INFO - Cache vide → récupération des horaires depuis la DB.
2025-12-03 13:23:27,496 - INFO - Horaires mis en cache (1 horaires).
2025-12-03 13:23:42,458 - INFO - Génération des séances pour le jour 2025-12-03 (weekday=2)
2025-12-03 13:23:42,459 - INFO - Cache vide → récupération des horaires depuis la DB.
2025-12-03 13:23:42,498 - INFO - Horaires mis en cache (1 horaires).
2025-12-03 13:23:57,459 - INFO - Génération des séances pour le jour 2025-12-03 (weekday=2)
2025-12-03 13:23:57,460 - INFO - Cache vide → récupération des horaires depuis la DB.
2025-12-03 13:23:57,510 - INFO - Horaires mis en cache (1 horaires).
2025-12-03 13:24:12,458 - INFO - Génération des séances pour le jour 2025-12-03 (weekday=2)
2025-12-03 13:24:12,459 - INFO - Cache vide → récupération des horaires depuis la DB.
2025-12-03 13:24:12,499 - INFO - Horaires mis en cache (1 horaires).
2025-12-03 13:24:27,445 - INFO - Génération des séances pour le jour 2025-12-03 (weekday=2)
2025-12-03 13:24:27,445 - INFO - Cache vide → récupération des horaires depuis la DB.
2025-12-03 13:24:27,457 - INFO - Horaires mis en cache (1 horaires).
2025-12-03 13:24:42,445 - INFO - Génération des séances pour le jour 2025-12-03 (weekday=2)
2025-12-03 13:24:42,445 - INFO - Cache vide → récupération des horaires depuis la DB.
2025-12-03 13:24:42,456 - INFO - Horaires mis en cache (1 horaires).
2025-12-03 13:24:57,445 - INFO - Génération des séances pour le jour 2025-12-03 (weekday=2)
2025-12-03 13:24:57,445 - INFO - Cache vide → récupération des horaires depuis la DB.
2025-12-03 13:24:57,456 - INFO - Horaires mis en cache (1 horaires).
2025-12-03 13:25:12,456 - INFO - Génération des séances pour le jour 2025-12-03 (weekday=2)
2025-12-03 13:25:12,457 - INFO - Cache vide → récupération des horaires depuis la DB.
2025-12-03 13:25:12,498 - INFO - Horaires mis en cache (1 horaires).
2025-12-03 13:25:27,459 - INFO - Génération des séances pour le jour 2025-12-03 (weekday=2)
2025-12-03 13:25:27,460 - INFO - Cache vide → récupération des horaires depuis la DB.
2025-12-03 13:25:27,500 - INFO - Horaires mis en cache (1 horaires).
2025-12-03 13:25:42,451 - INFO - Génération des séances pour le jour 2025-12-03 (weekday=2)
2025-12-03 13:25:42,453 - INFO - Cache vide → récupération des horaires depuis la DB.
2025-12-03 13:25:42,499 - INFO - Horaires mis en cache (1 horaires).
2025-12-03 13:25:57,458 - INFO - Génération des séances pour le jour 2025-12-03 (weekday=2)
2025-12-03 13:25:57,459 - INFO - Cache vide → récupération des horaires depuis la DB.
2025-12-03 13:25:57,479 - INFO - Horaires mis en cache (1 horaires).
2025-12-03 13:26:12,445 - INFO - Génération des séances pour le jour 2025-12-03 (weekday=2)
2025-12-03 13:26:12,446 - INFO - Cache vide → récupération des horaires depuis la DB.
2025-12-03 13:26:12,457 - INFO - Horaires mis en cache (1 horaires).
2025-12-03 13:26:27,445 - INFO - Génération des séances pour le jour 2025-12-03 (weekday=2)
2025-12-03 13:26:27,446 - INFO - Cache vide → récupération des horaires depuis la DB.
2025-12-03 13:26:27,457 - INFO - Horaires mis en cache (1 horaires).
2025-12-03 13:26:42,452 - INFO - Génération des séances pour le jour 2025-12-03 (weekday=2)
2025-12-03 13:26:42,453 - INFO - Cache vide → récupération des horaires depuis la DB.
2025-12-03 13:26:42,482 - INFO - Horaires mis en cache (1 horaires).
2025-12-03 13:26:57,452 - INFO - Génération des séances pour le jour 2025-12-03 (weekday=2)
2025-12-03 13:26:57,453 - INFO - Cache vide → récupération des horaires depuis la DB.
2025-12-03 13:26:57,499 - INFO - Horaires mis en cache (1 horaires).
2025-12-03 13:27:12,460 - INFO - Génération des séances pour le jour 2025-12-03 (weekday=2)
2025-12-03 13:27:12,461 - INFO - Cache vide → récupération des horaires depuis la DB.
2025-12-03 13:27:12,505 - INFO - Horaires mis en cache (1 horaires).
2025-12-03 13:27:27,453 - INFO - Génération des séances pour le jour 2025-12-03 (weekday=2)
2025-12-03 13:27:27,454 - INFO - Cache vide → récupération des horaires depuis la DB.
2025-12-03 13:27:27,465 - INFO - Horaires mis en cache (1 horaires).
2025-12-03 13:27:42,454 - INFO - Génération des séances pour le jour 2025-12-03 (weekday=2)
2025-12-03 13:27:42,454 - INFO - Cache vide → récupération des horaires depuis la DB.
2025-12-03 13:27:42,465 - INFO - Horaires mis en cache (1 horaires).
2025-12-03 13:27:57,460 - INFO - Génération des séances pour le jour 2025-12-03 (weekday=2)
2025-12-03 13:27:57,461 - INFO - Cache vide → récupération des horaires depuis la DB.
2025-12-03 13:27:57,510 - INFO - Horaires mis en cache (1 horaires).
2025-12-03 13:28:12,454 - INFO - Génération des séances pour le jour 2025-12-03 (weekday=2)
2025-12-03 13:28:12,454 - INFO - Cache vide → récupération des horaires depuis la DB.
2025-12-03 13:28:12,466 - INFO - Horaires mis en cache (1 horaires).
2025-12-03 13:28:27,460 - INFO - Génération des séances pour le jour 2025-12-03 (weekday=2)
2025-12-03 13:28:27,461 - INFO - Cache vide → récupération des horaires depuis la DB.
2025-12-03 13:28:27,500 - INFO - Horaires mis en cache (1 horaires).
2025-12-03 13:28:42,453 - INFO - Génération des séances pour le jour 2025-12-03 (weekday=2)
2025-12-03 13:28:42,454 - INFO - Cache vide → récupération des horaires depuis la DB.
2025-12-03 13:28:42,490 - INFO - Horaires mis en cache (1 horaires).
2025-12-03 13:28:57,446 - INFO - Génération des séances pour le jour 2025-12-03 (weekday=2)
2025-12-03 13:28:57,447 - INFO - Cache vide → récupération des horaires depuis la DB.
2025-12-03 13:28:57,459 - INFO - Horaires mis en cache (1 horaires).
2025-12-03 13:29:12,453 - INFO - Génération des séances pour le jour 2025-12-03 (weekday=2)
2025-12-03 13:29:12,454 - INFO - Cache vide → récupération des horaires depuis la DB.
2025-12-03 13:29:12,492 - INFO - Horaires mis en cache (1 horaires).
2025-12-03 13:29:27,461 - INFO - Génération des séances pour le jour 2025-12-03 (weekday=2)
2025-12-03 13:29:27,462 - INFO - Cache vide → récupération des horaires depuis la DB.
2025-12-03 13:29:27,493 - INFO - Horaires mis en cache (1 horaires).
2025-12-03 13:29:42,459 - INFO - Génération des séances pour le jour 2025-12-03 (weekday=2)
2025-12-03 13:29:42,460 - INFO - Cache vide → récupération des horaires depuis la DB.
2025-12-03 13:29:42,479 - INFO - Horaires mis en cache (1 horaires).
2025-12-03 13:29:57,461 - INFO - Génération des séances pour le jour 2025-12-03 (weekday=2)
2025-12-03 13:29:57,462 - INFO - Cache vide → récupération des horaires depuis la DB.
2025-12-03 13:29:57,511 - INFO - Horaires mis en cache (1 horaires).
2025-12-03 13:30:12,457 - INFO - Génération des séances pour le jour 2025-12-03 (weekday=2)
2025-12-03 13:30:12,458 - INFO - Cache vide → récupération des horaires depuis la DB.
2025-12-03 13:30:12,485 - INFO - Horaires mis en cache (1 horaires).
2025-12-03 13:30:27,449 - INFO - Génération des séances pour le jour 2025-12-03 (weekday=2)
2025-12-03 13:30:27,450 - INFO - Cache vide → récupération des horaires depuis la DB.
2025-12-03 13:30:27,473 - INFO - Horaires mis en cache (1 horaires).
2025-12-03 13:30:42,449 - INFO - Génération des séances pour le jour 2025-12-03 (weekday=2)
2025-12-03 13:30:42,450 - INFO - Cache vide → récupération des horaires depuis la DB.
2025-12-03 13:30:42,471 - INFO - Horaires mis en cache (1 horaires).
2025-12-03 13:30:57,447 - INFO - Génération des séances pour le jour 2025-12-03 (weekday=2)
2025-12-03 13:30:57,448 - INFO - Cache vide → récupération des horaires depuis la DB.
2025-12-03 13:30:57,459 - INFO - Horaires mis en cache (1 horaires).
2025-12-03 13:31:12,448 - INFO - Génération des séances pour le jour 2025-12-03 (weekday=2)
2025-12-03 13:31:12,449 - INFO - Cache vide → récupération des horaires depuis la DB.
2025-12-03 13:31:12,467 - INFO - Horaires mis en cache (1 horaires).
2025-12-03 13:31:27,454 - INFO - Génération des séances pour le jour 2025-12-03 (weekday=2)
2025-12-03 13:31:27,455 - INFO - Cache vide → récupération des horaires depuis la DB.
2025-12-03 13:31:27,492 - INFO - Horaires mis en cache (1 horaires).
2025-12-03 13:31:42,462 - INFO - Génération des séances pour le jour 2025-12-03 (weekday=2)
2025-12-03 13:31:42,463 - INFO - Cache vide → récupération des horaires depuis la DB.
2025-12-03 13:31:42,503 - INFO - Horaires mis en cache (1 horaires).
2025-12-03 13:31:57,455 - INFO - Génération des séances pour le jour 2025-12-03 (weekday=2)
2025-12-03 13:31:57,456 - INFO - Cache vide → récupération des horaires depuis la DB.
2025-12-03 13:31:57,468 - INFO - Horaires mis en cache (1 horaires).
2025-12-03 13:32:12,455 - INFO - Génération des séances pour le jour 2025-12-03 (weekday=2)
2025-12-03 13:32:12,456 - INFO - Cache vide → récupération des horaires depuis la DB.
2025-12-03 13:32:12,470 - INFO - Horaires mis en cache (1 horaires).
2025-12-03 13:32:27,462 - INFO - Génération des séances pour le jour 2025-12-03 (weekday=2)
2025-12-03 13:32:27,464 - INFO - Cache vide → récupération des horaires depuis la DB.
2025-12-03 13:32:27,508 - INFO - Horaires mis en cache (1 horaires).
2025-12-03 13:32:42,448 - INFO - Génération des séances pour le jour 2025-12-03 (weekday=2)
2025-12-03 13:32:42,448 - INFO - Cache vide → récupération des horaires depuis la DB.
2025-12-03 13:32:42,459 - INFO - Horaires mis en cache (1 horaires).
2025-12-03 13:32:57,448 - INFO - Génération des séances pour le jour 2025-12-03 (weekday=2)
2025-12-03 13:32:57,448 - INFO - Cache vide → récupération des horaires depuis la DB.
2025-12-03 13:32:57,460 - INFO - Horaires mis en cache (1 horaires).
2025-12-03 13:33:12,454 - INFO - Génération des séances pour le jour 2025-12-03 (weekday=2)
2025-12-03 13:33:12,456 - INFO - Cache vide → récupération des horaires depuis la DB.
2025-12-03 13:33:12,492 - INFO - Horaires mis en cache (1 horaires).
2025-12-03 13:33:27,448 - INFO - Génération des séances pour le jour 2025-12-03 (weekday=2)
2025-12-03 13:33:27,449 - INFO - Cache vide → récupération des horaires depuis la DB.
2025-12-03 13:33:27,460 - INFO - Horaires mis en cache (1 horaires).
2025-12-03 13:33:42,462 - INFO - Génération des séances pour le jour 2025-12-03 (weekday=2)
2025-12-03 13:33:42,464 - INFO - Cache vide → récupération des horaires depuis la DB.
2025-12-03 13:33:42,505 - INFO - Horaires mis en cache (1 horaires).
2025-12-03 13:33:57,455 - INFO - Génération des séances pour le jour 2025-12-03 (weekday=2)
2025-12-03 13:33:57,457 - INFO - Cache vide → récupération des horaires depuis la DB.
2025-12-03 13:33:57,496 - INFO - Horaires mis en cache (1 horaires).
2025-12-03 13:34:12,463 - INFO - Génération des séances pour le jour 2025-12-03 (weekday=2)
2025-12-03 13:34:12,464 - INFO - Cache vide → récupération des horaires depuis la DB.
2025-12-03 13:34:12,510 - INFO - Horaires mis en cache (1 horaires).
2025-12-03 13:34:27,463 - INFO - Génération des séances pour le jour 2025-12-03 (weekday=2)
2025-12-03 13:34:27,465 - INFO - Cache vide → récupération des horaires depuis la DB.
2025-12-03 13:34:27,513 - INFO - Horaires mis en cache (1 horaires).
2025-12-03 13:34:42,449 - INFO - Génération des séances pour le jour 2025-12-03 (weekday=2)
2025-12-03 13:34:42,449 - INFO - Cache vide → récupération des horaires depuis la DB.
2025-12-03 13:34:42,460 - INFO - Horaires mis en cache (1 horaires).
2025-12-03 13:34:57,455 - INFO - Génération des séances pour le jour 2025-12-03 (weekday=2)
2025-12-03 13:34:57,457 - INFO - Cache vide → récupération des horaires depuis la DB.
2025-12-03 13:34:57,507 - INFO - Horaires mis en cache (1 horaires).
2025-12-03 13:35:12,451 - INFO - Génération des séances pour le jour 2025-12-03 (weekday=2)
2025-12-03 13:35:12,455 - INFO - Cache vide → récupération des horaires depuis la DB.
2025-12-03 13:35:12,468 - INFO - Horaires mis en cache (1 horaires).
2025-12-03 13:35:27,455 - INFO - Génération des séances pour le jour 2025-12-03 (weekday=2)
2025-12-03 13:35:27,457 - INFO - Cache vide → récupération des horaires depuis la DB.
2025-12-03 13:35:27,508 - INFO - Horaires mis en cache (1 horaires).
2025-12-03 13:35:42,457 - INFO - Génération des séances pour le jour 2025-12-03 (weekday=2)
2025-12-03 13:35:42,457 - INFO - Cache vide → récupération des horaires depuis la DB.
2025-12-03 13:35:42,469 - INFO - Horaires mis en cache (1 horaires).
2025-12-03 13:35:57,461 - INFO - Génération des séances pour le jour 2025-12-03 (weekday=2)
2025-12-03 13:35:57,463 - INFO - Cache vide → récupération des horaires depuis la DB.
2025-12-03 13:35:57,497 - INFO - Horaires mis en cache (1 horaires).
2025-12-03 13:36:12,463 - INFO - Génération des séances pour le jour 2025-12-03 (weekday=2)
2025-12-03 13:36:12,465 - INFO - Cache vide → récupération des horaires depuis la DB.
2025-12-03 13:36:12,505 - INFO - Horaires mis en cache (1 horaires).
2025-12-03 13:36:27,457 - INFO - Génération des séances pour le jour 2025-12-03 (weekday=2)
2025-12-03 13:36:27,458 - INFO - Cache vide → récupération des horaires depuis la DB.
2025-12-03 13:36:27,468 - INFO - Horaires mis en cache (1 horaires).
2025-12-03 13:36:42,450 - INFO - Génération des séances pour le jour 2025-12-03 (weekday=2)
2025-12-03 13:36:42,450 - INFO - Cache vide → récupération des horaires depuis la DB.
2025-12-03 13:36:42,463 - INFO - Horaires mis en cache (1 horaires).
2025-12-03 13:36:57,450 - INFO - Génération des séances pour le jour 2025-12-03 (weekday=2)
2025-12-03 13:36:57,450 - INFO - Cache vide → récupération des horaires depuis la DB.
2025-12-03 13:36:57,462 - INFO - Horaires mis en cache (1 horaires).
2025-12-03 13:37:12,450 - INFO - Génération des séances pour le jour 2025-12-03 (weekday=2)
2025-12-03 13:37:12,450 - INFO - Cache vide → récupération des horaires depuis la DB.
2025-12-03 13:37:12,461 - INFO - Horaires mis en cache (1 horaires).
2025-12-03 13:37:27,456 - INFO - Génération des séances pour le jour 2025-12-03 (weekday=2)
2025-12-03 13:37:27,457 - INFO - Cache vide → récupération des horaires depuis la DB.
2025-12-03 13:37:27,502 - INFO - Horaires mis en cache (1 horaires).
2025-12-03 13:37:42,464 - INFO - Génération des séances pour le jour 2025-12-03 (weekday=2)
2025-12-03 13:37:42,465 - INFO - Cache vide → récupération des horaires depuis la DB.
2025-12-03 13:37:42,509 - INFO - Horaires mis en cache (1 horaires).
2025-12-03 13:37:57,458 - INFO - Génération des séances pour le jour 2025-12-03 (weekday=2)
2025-12-03 13:37:57,458 - INFO - Cache vide → récupération des horaires depuis la DB.
2025-12-03 13:37:57,471 - INFO - Horaires mis en cache (1 horaires).
2025-12-03 13:38:12,458 - INFO - Génération des séances pour le jour 2025-12-03 (weekday=2)
2025-12-03 13:38:12,458 - INFO - Cache vide → récupération des horaires depuis la DB.
2025-12-03 13:38:12,470 - INFO - Horaires mis en cache (1 horaires).
2025-12-03 13:38:27,463 - INFO - Génération des séances pour le jour 2025-12-03 (weekday=2)
2025-12-03 13:38:27,465 - INFO - Cache vide → récupération des horaires depuis la DB.
2025-12-03 13:38:27,506 - INFO - Horaires mis en cache (1 horaires).
2025-12-03 13:38:42,454 - INFO - Génération des séances pour le jour 2025-12-03 (weekday=2)
2025-12-03 13:38:42,458 - INFO - Cache vide → récupération des horaires depuis la DB.
2025-12-03 13:38:42,475 - INFO - Horaires mis en cache (1 horaires).
2025-12-03 13:38:57,450 - INFO - Génération des séances pour le jour 2025-12-03 (weekday=2)
2025-12-03 13:38:57,451 - INFO - Cache vide → récupération des horaires depuis la DB.
2025-12-03 13:38:57,462 - INFO - Horaires mis en cache (1 horaires).
2025-12-03 13:39:12,456 - INFO - Génération des séances pour le jour 2025-12-03 (weekday=2)
2025-12-03 13:39:12,457 - INFO - Cache vide → récupération des horaires depuis la DB.
2025-12-03 13:39:12,479 - INFO - Horaires mis en cache (1 horaires).
2025-12-03 13:39:27,452 - INFO - Génération des séances pour le jour 2025-12-03 (weekday=2)
2025-12-03 13:39:27,453 - INFO - Cache vide → récupération des horaires depuis la DB.
2025-12-03 13:39:27,475 - INFO - Horaires mis en cache (1 horaires).
2025-12-03 13:39:42,466 - INFO - Génération des séances pour le jour 2025-12-03 (weekday=2)
2025-12-03 13:39:42,469 - INFO - Cache vide → récupération des horaires depuis la DB.
2025-12-03 13:39:42,491 - INFO - Horaires mis en cache (1 horaires).
2025-12-03 13:39:57,458 - INFO - Génération des séances pour le jour 2025-12-03 (weekday=2)
2025-12-03 13:39:57,459 - INFO - Cache vide → récupération des horaires depuis la DB.
2025-12-03 13:39:57,470 - INFO - Horaires mis en cache (1 horaires).
2025-12-03 13:40:12,464 - INFO - Génération des séances pour le jour 2025-12-03 (weekday=2)
2025-12-03 13:40:12,465 - INFO - Cache vide → récupération des horaires depuis la DB.
2025-12-03 13:40:12,505 - INFO - Horaires mis en cache (1 horaires).
2025-12-03 13:40:27,458 - INFO - Génération des séances pour le jour 2025-12-03 (weekday=2)
2025-12-03 13:40:27,459 - INFO - Cache vide → récupération des horaires depuis la DB.
2025-12-03 13:40:27,508 - INFO - Horaires mis en cache (1 horaires).
2025-12-03 13:40:42,457 - INFO - Génération des séances pour le jour 2025-12-03 (weekday=2)
2025-12-03 13:40:42,459 - INFO - Cache vide → récupération des horaires depuis la DB.
2025-12-03 13:40:42,495 - INFO - Horaires mis en cache (1 horaires).
2025-12-03 13:40:57,451 - INFO - Génération des séances pour le jour 2025-12-03 (weekday=2)
2025-12-03 13:40:57,452 - INFO - Cache vide → récupération des horaires depuis la DB.
2025-12-03 13:40:57,463 - INFO - Horaires mis en cache (1 horaires).
2025-12-03 13:41:12,451 - INFO - Génération des séances pour le jour 2025-12-03 (weekday=2)
2025-12-03 13:41:12,452 - INFO - Cache vide → récupération des horaires depuis la DB.
2025-12-03 13:41:12,463 - INFO - Horaires mis en cache (1 horaires).
2025-12-03 13:41:27,458 - INFO - Génération des séances pour le jour 2025-12-03 (weekday=2)
2025-12-03 13:41:27,459 - INFO - Cache vide → récupération des horaires depuis la DB.
2025-12-03 13:41:27,503 - INFO - Horaires mis en cache (1 horaires).
2025-12-03 13:41:42,459 - INFO - Génération des séances pour le jour 2025-12-03 (weekday=2)
2025-12-03 13:41:42,460 - INFO - Cache vide → récupération des horaires depuis la DB.
2025-12-03 13:41:42,472 - INFO - Horaires mis en cache (1 horaires).
2025-12-03 13:41:57,462 - INFO - Génération des séances pour le jour 2025-12-03 (weekday=2)
2025-12-03 13:41:57,463 - INFO - Cache vide → récupération des horaires depuis la DB.
2025-12-03 13:41:57,490 - INFO - Horaires mis en cache (1 horaires).
2025-12-03 13:42:04,467 - WARNING - Étudiant introuvable: matricule={'matricule': '987654', 'nom': 'denis', 'postnom': 'denis', 'classe': 1}
2025-12-03 13:42:12,467 - INFO - Génération des séances pour le jour 2025-12-03 (weekday=2)
2025-12-03 13:42:12,468 - INFO - Cache vide → récupération des horaires depuis la DB.
2025-12-03 13:42:12,511 - INFO - Horaires mis en cache (1 horaires).
2025-12-03 13:42:27,459 - INFO - Génération des séances pour le jour 2025-12-03 (weekday=2)
2025-12-03 13:42:27,460 - INFO - Cache vide → récupération des horaires depuis la DB.
2025-12-03 13:42:27,472 - INFO - Horaires mis en cache (1 horaires).
2025-12-03 13:42:42,458 - INFO - Génération des séances pour le jour 2025-12-03 (weekday=2)
2025-12-03 13:42:42,460 - INFO - Cache vide → récupération des horaires depuis la DB.
2025-12-03 13:42:42,501 - INFO - Horaires mis en cache (1 horaires).
2025-12-03 13:42:57,454 - INFO - Génération des séances pour le jour 2025-12-03 (weekday=2)
2025-12-03 13:42:57,454 - INFO - Cache vide → récupération des horaires depuis la DB.
2025-12-03 13:42:57,476 - INFO - Horaires mis en cache (1 horaires).
2025-12-03 13:43:12,459 - INFO - Génération des séances pour le jour 2025-12-03 (weekday=2)
2025-12-03 13:43:12,460 - INFO - Cache vide → récupération des horaires depuis la DB.
2025-12-03 13:43:12,499 - INFO - Horaires mis en cache (1 horaires).
2025-12-03 13:43:27,452 - INFO - Génération des séances pour le jour 2025-12-03 (weekday=2)
2025-12-03 13:43:27,453 - INFO - Cache vide → récupération des horaires depuis la DB.
2025-12-03 13:43:27,464 - INFO - Horaires mis en cache (1 horaires).
2025-12-03 13:43:42,459 - INFO - Génération des séances pour le jour 2025-12-03 (weekday=2)
2025-12-03 13:43:42,461 - INFO - Cache vide → récupération des horaires depuis la DB.
2025-12-03 13:43:42,500 - INFO - Horaires mis en cache (1 horaires).
2025-12-03 13:43:57,467 - INFO - Génération des séances pour le jour 2025-12-03 (weekday=2)
2025-12-03 13:43:57,468 - INFO - Cache vide → récupération des horaires depuis la DB.
2025-12-03 13:43:57,504 - INFO - Horaires mis en cache (1 horaires).
2025-12-03 13:44:12,458 - INFO - Génération des séances pour le jour 2025-12-03 (weekday=2)
2025-12-03 13:44:12,460 - INFO - Cache vide → récupération des horaires depuis la DB.
2025-12-03 13:44:12,506 - INFO - Horaires mis en cache (1 horaires).
2025-12-03 13:44:27,467 - INFO - Génération des séances pour le jour 2025-12-03 (weekday=2)
2025-12-03 13:44:27,469 - INFO - Cache vide → récupération des horaires depuis la DB.
2025-12-03 13:44:27,507 - INFO - Horaires mis en cache (1 horaires).
2025-12-03 13:44:42,453 - INFO - Génération des séances pour le jour 2025-12-03 (weekday=2)
2025-12-03 13:44:42,453 - INFO - Cache vide → récupération des horaires depuis la DB.
2025-12-03 13:44:42,466 - INFO - Horaires mis en cache (1 horaires).
2025-12-03 13:44:57,459 - INFO - Génération des séances pour le jour 2025-12-03 (weekday=2)
2025-12-03 13:44:57,461 - INFO - Cache vide → récupération des horaires depuis la DB.
2025-12-03 13:44:57,498 - INFO - Horaires mis en cache (1 horaires).
2025-12-03 13:45:12,459 - INFO - Génération des séances pour le jour 2025-12-03 (weekday=2)
2025-12-03 13:45:12,460 - INFO - Cache vide → récupération des horaires depuis la DB.
2025-12-03 13:45:12,505 - INFO - Horaires mis en cache (1 horaires).
2025-12-03 13:45:27,460 - INFO - Génération des séances pour le jour 2025-12-03 (weekday=2)
2025-12-03 13:45:27,461 - INFO - Cache vide → récupération des horaires depuis la DB.
2025-12-03 13:45:27,512 - INFO - Horaires mis en cache (1 horaires).
2025-12-03 13:45:42,460 - INFO - Génération des séances pour le jour 2025-12-03 (weekday=2)
2025-12-03 13:45:42,461 - INFO - Cache vide → récupération des horaires depuis la DB.
2025-12-03 13:45:42,498 - INFO - Horaires mis en cache (1 horaires).
2025-12-03 13:45:57,460 - INFO - Génération des séances pour le jour 2025-12-03 (weekday=2)
2025-12-03 13:45:57,461 - INFO - Cache vide → récupération des horaires depuis la DB.
2025-12-03 13:45:57,502 - INFO - Horaires mis en cache (1 horaires).
2025-12-03 13:46:12,467 - INFO - Génération des séances pour le jour 2025-12-03 (weekday=2)
2025-12-03 13:46:12,469 - INFO - Cache vide → récupération des horaires depuis la DB.
2025-12-03 13:46:12,507 - INFO - Horaires mis en cache (1 horaires).
2025-12-03 13:46:27,468 - INFO - Génération des séances pour le jour 2025-12-03 (weekday=2)
2025-12-03 13:46:27,470 - INFO - Cache vide → récupération des horaires depuis la DB.
2025-12-03 13:46:27,500 - INFO - Horaires mis en cache (1 horaires).
2025-12-03 13:46:42,462 - INFO - Génération des séances pour le jour 2025-12-03 (weekday=2)
2025-12-03 13:46:42,462 - INFO - Cache vide → récupération des horaires depuis la DB.
2025-12-03 13:46:42,474 - INFO - Horaires mis en cache (1 horaires).
2025-12-03 13:46:57,462 - INFO - Génération des séances pour le jour 2025-12-03 (weekday=2)
2025-12-03 13:46:57,463 - INFO - Cache vide → récupération des horaires depuis la DB.
2025-12-03 13:46:57,510 - INFO - Horaires mis en cache (1 horaires).
2025-12-03 13:47:12,457 - INFO - Génération des séances pour le jour 2025-12-03 (weekday=2)
2025-12-03 13:47:12,458 - INFO - Cache vide → récupération des horaires depuis la DB.
2025-12-03 13:47:12,476 - INFO - Horaires mis en cache (1 horaires).
2025-12-03 13:47:27,455 - INFO - Génération des séances pour le jour 2025-12-03 (weekday=2)
2025-12-03 13:47:27,456 - INFO - Cache vide → récupération des horaires depuis la DB.
2025-12-03 13:47:27,470 - INFO - Horaires mis en cache (1 horaires).
2025-12-03 13:47:42,461 - INFO - Génération des séances pour le jour 2025-12-03 (weekday=2)
2025-12-03 13:47:42,462 - INFO - Cache vide → récupération des horaires depuis la DB.
2025-12-03 13:47:42,513 - INFO - Horaires mis en cache (1 horaires).
2025-12-03 13:47:57,455 - INFO - Génération des séances pour le jour 2025-12-03 (weekday=2)
2025-12-03 13:47:57,455 - INFO - Cache vide → récupération des horaires depuis la DB.
2025-12-03 13:47:57,466 - INFO - Horaires mis en cache (1 horaires).
2025-12-03 13:48:12,461 - INFO - Génération des séances pour le jour 2025-12-03 (weekday=2)
2025-12-03 13:48:12,463 - INFO - Cache vide → récupération des horaires depuis la DB.
2025-12-03 13:48:12,505 - INFO - Horaires mis en cache (1 horaires).
2025-12-03 13:48:27,468 - INFO - Génération des séances pour le jour 2025-12-03 (weekday=2)
2025-12-03 13:48:27,470 - INFO - Cache vide → récupération des horaires depuis la DB.
2025-12-03 13:48:27,515 - INFO - Horaires mis en cache (1 horaires).
2025-12-03 13:48:42,469 - INFO - Génération des séances pour le jour 2025-12-03 (weekday=2)
2025-12-03 13:48:42,470 - INFO - Cache vide → récupération des horaires depuis la DB.
2025-12-03 13:48:42,520 - INFO - Horaires mis en cache (1 horaires).
2025-12-03 13:48:57,469 - INFO - Génération des séances pour le jour 2025-12-03 (weekday=2)
2025-12-03 13:48:57,471 - INFO - Cache vide → récupération des horaires depuis la DB.
2025-12-03 13:48:57,519 - INFO - Horaires mis en cache (1 horaires).
2025-12-03 13:49:12,456 - INFO - Génération des séances pour le jour 2025-12-03 (weekday=2)
2025-12-03 13:49:12,456 - INFO - Cache vide → récupération des horaires depuis la DB.
2025-12-03 13:49:12,469 - INFO - Horaires mis en cache (1 horaires).
2025-12-03 13:49:27,462 - INFO - Génération des séances pour le jour 2025-12-03 (weekday=2)
2025-12-03 13:49:27,464 - INFO - Cache vide → récupération des horaires depuis la DB.
2025-12-03 13:49:27,497 - INFO - Horaires mis en cache (1 horaires).
2025-12-03 13:49:42,462 - INFO - Génération des séances pour le jour 2025-12-03 (weekday=2)
2025-12-03 13:49:42,463 - INFO - Cache vide → récupération des horaires depuis la DB.
2025-12-03 13:49:42,488 - INFO - Horaires mis en cache (1 horaires).
2025-12-03 13:49:57,462 - INFO - Génération des séances pour le jour 2025-12-03 (weekday=2)
2025-12-03 13:49:57,464 - INFO - Cache vide → récupération des horaires depuis la DB.
2025-12-03 13:49:57,505 - INFO - Horaires mis en cache (1 horaires).
2025-12-03 13:50:12,463 - INFO - Génération des séances pour le jour 2025-12-03 (weekday=2)
2025-12-03 13:50:12,464 - INFO - Cache vide → récupération des horaires depuis la DB.
2025-12-03 13:50:12,496 - INFO - Horaires mis en cache (1 horaires).
2025-12-03 13:50:27,463 - INFO - Génération des séances pour le jour 2025-12-03 (weekday=2)
2025-12-03 13:50:27,464 - INFO - Cache vide → récupération des horaires depuis la DB.
2025-12-03 13:50:27,508 - INFO - Horaires mis en cache (1 horaires).
2025-12-03 13:50:42,470 - INFO - Génération des séances pour le jour 2025-12-03 (weekday=2)
2025-12-03 13:50:42,472 - INFO - Cache vide → récupération des horaires depuis la DB.
2025-12-03 13:50:42,515 - INFO - Horaires mis en cache (1 horaires).
2025-12-03 13:50:57,472 - INFO - Génération des séances pour le jour 2025-12-03 (weekday=2)
2025-12-03 13:50:57,474 - INFO - Cache vide → récupération des horaires depuis la DB.
2025-12-03 13:50:57,499 - INFO - Horaires mis en cache (1 horaires).
2025-12-03 13:51:12,471 - INFO - Génération des séances pour le jour 2025-12-03 (weekday=2)
2025-12-03 13:51:12,472 - INFO - Cache vide → récupération des horaires depuis la DB.
2025-12-03 13:51:12,513 - INFO - Horaires mis en cache (1 horaires).
2025-12-03 13:51:27,463 - INFO - Génération des séances pour le jour 2025-12-03 (weekday=2)
2025-12-03 13:51:27,465 - INFO - Cache vide → récupération des horaires depuis la DB.
2025-12-03 13:51:27,507 - INFO - Horaires mis en cache (1 horaires).
2025-12-03 13:51:42,464 - INFO - Génération des séances pour le jour 2025-12-03 (weekday=2)
2025-12-03 13:51:42,465 - INFO - Cache vide → récupération des horaires depuis la DB.
2025-12-03 13:51:42,504 - INFO - Horaires mis en cache (1 horaires).
2025-12-03 13:51:57,464 - INFO - Génération des séances pour le jour 2025-12-03 (weekday=2)
2025-12-03 13:51:57,465 - INFO - Cache vide → récupération des horaires depuis la DB.
2025-12-03 13:51:57,511 - INFO - Horaires mis en cache (1 horaires).
2025-12-03 13:52:12,464 - INFO - Génération des séances pour le jour 2025-12-03 (weekday=2)
2025-12-03 13:52:12,465 - INFO - Cache vide → récupération des horaires depuis la DB.
2025-12-03 13:52:12,506 - INFO - Horaires mis en cache (1 horaires).
2025-12-03 13:52:27,464 - INFO - Génération des séances pour le jour 2025-12-03 (weekday=2)
2025-12-03 13:52:27,465 - INFO - Cache vide → récupération des horaires depuis la DB.
2025-12-03 13:52:27,506 - INFO - Horaires mis en cache (1 horaires).
2025-12-03 13:52:42,464 - INFO - Génération des séances pour le jour 2025-12-03 (weekday=2)
2025-12-03 13:52:42,466 - INFO - Cache vide → récupération des horaires depuis la DB.
2025-12-03 13:52:42,496 - INFO - Horaires mis en cache (1 horaires).
2025-12-03 13:52:57,464 - INFO - Génération des séances pour le jour 2025-12-03 (weekday=2)
2025-12-03 13:52:57,466 - INFO - Cache vide → récupération des horaires depuis la DB.
2025-12-03 13:52:57,512 - INFO - Horaires mis en cache (1 horaires).
2025-12-03 13:53:12,466 - INFO - Génération des séances pour le jour 2025-12-03 (weekday=2)
2025-12-03 13:53:12,466 - INFO - Cache vide → récupération des horaires depuis la DB.
2025-12-03 13:53:12,479 - INFO - Horaires mis en cache (1 horaires).
2025-12-03 13:53:27,473 - INFO - Génération des séances pour le jour 2025-12-03 (weekday=2)
2025-12-03 13:53:27,474 - INFO - Cache vide → récupération des horaires depuis la DB.
2025-12-03 13:53:27,525 - INFO - Horaires mis en cache (1 horaires).
2025-12-03 13:53:42,458 - INFO - Génération des séances pour le jour 2025-12-03 (weekday=2)
2025-12-03 13:53:42,459 - INFO - Cache vide → récupération des horaires depuis la DB.
2025-12-03 13:53:42,470 - INFO - Horaires mis en cache (1 horaires).
2025-12-03 13:53:57,465 - INFO - Génération des séances pour le jour 2025-12-03 (weekday=2)
2025-12-03 13:53:57,466 - INFO - Cache vide → récupération des horaires depuis la DB.
2025-12-03 13:53:57,509 - INFO - Horaires mis en cache (1 horaires).
2025-12-03 13:54:12,465 - INFO - Génération des séances pour le jour 2025-12-03 (weekday=2)
2025-12-03 13:54:12,466 - INFO - Cache vide → récupération des horaires depuis la DB.
2025-12-03 13:54:12,512 - INFO - Horaires mis en cache (1 horaires).
2025-12-03 13:54:27,465 - INFO - Génération des séances pour le jour 2025-12-03 (weekday=2)
2025-12-03 13:54:27,466 - INFO - Cache vide → récupération des horaires depuis la DB.
2025-12-03 13:54:27,515 - INFO - Horaires mis en cache (1 horaires).
2025-12-03 13:54:42,466 - INFO - Génération des séances pour le jour 2025-12-03 (weekday=2)
2025-12-03 13:54:42,467 - INFO - Cache vide → récupération des horaires depuis la DB.
2025-12-03 13:54:42,499 - INFO - Horaires mis en cache (1 horaires).
2025-12-03 13:54:57,465 - INFO - Génération des séances pour le jour 2025-12-03 (weekday=2)
2025-12-03 13:54:57,467 - INFO - Cache vide → récupération des horaires depuis la DB.
2025-12-03 13:54:57,509 - INFO - Horaires mis en cache (1 horaires).
2025-12-03 13:55:12,465 - INFO - Génération des séances pour le jour 2025-12-03 (weekday=2)
2025-12-03 13:55:12,467 - INFO - Cache vide → récupération des horaires depuis la DB.
2025-12-03 13:55:12,513 - INFO - Horaires mis en cache (1 horaires).
2025-12-03 13:55:27,466 - INFO - Génération des séances pour le jour 2025-12-03 (weekday=2)
2025-12-03 13:55:27,467 - INFO - Cache vide → récupération des horaires depuis la DB.
2025-12-03 13:55:27,497 - INFO - Horaires mis en cache (1 horaires).
2025-12-03 13:55:42,466 - INFO - Génération des séances pour le jour 2025-12-03 (weekday=2)
2025-12-03 13:55:42,467 - INFO - Cache vide → récupération des horaires depuis la DB.
2025-12-03 13:55:42,516 - INFO - Horaires mis en cache (1 horaires).
2025-12-03 13:55:57,474 - INFO - Génération des séances pour le jour 2025-12-03 (weekday=2)
2025-12-03 13:55:57,476 - INFO - Cache vide → récupération des horaires depuis la DB.
2025-12-03 13:55:57,522 - INFO - Horaires mis en cache (1 horaires).
2025-12-03 13:56:12,466 - INFO - Génération des séances pour le jour 2025-12-03 (weekday=2)
2025-12-03 13:56:12,467 - INFO - Cache vide → récupération des horaires depuis la DB.
2025-12-03 13:56:12,511 - INFO - Horaires mis en cache (1 horaires).
2025-12-03 13:56:27,467 - INFO - Génération des séances pour le jour 2025-12-03 (weekday=2)
2025-12-03 13:56:27,468 - INFO - Cache vide → récupération des horaires depuis la DB.
2025-12-03 13:56:27,514 - INFO - Horaires mis en cache (1 horaires).
2025-12-03 13:56:42,466 - INFO - Génération des séances pour le jour 2025-12-03 (weekday=2)
2025-12-03 13:56:42,468 - INFO - Cache vide → récupération des horaires depuis la DB.
2025-12-03 13:56:42,509 - INFO - Horaires mis en cache (1 horaires).
2025-12-03 13:56:57,465 - INFO - Génération des séances pour le jour 2025-12-03 (weekday=2)
2025-12-03 13:56:57,466 - INFO - Cache vide → récupération des horaires depuis la DB.
2025-12-03 13:56:57,487 - INFO - Horaires mis en cache (1 horaires).
2025-12-03 13:57:12,474 - INFO - Génération des séances pour le jour 2025-12-03 (weekday=2)
2025-12-03 13:57:12,476 - INFO - Cache vide → récupération des horaires depuis la DB.
2025-12-03 13:57:12,526 - INFO - Horaires mis en cache (1 horaires).
2025-12-03 13:57:27,474 - INFO - Génération des séances pour le jour 2025-12-03 (weekday=2)
2025-12-03 13:57:27,475 - INFO - Cache vide → récupération des horaires depuis la DB.
2025-12-03 13:57:27,504 - INFO - Horaires mis en cache (1 horaires).
2025-12-03 13:57:42,461 - INFO - Génération des séances pour le jour 2025-12-03 (weekday=2)
2025-12-03 13:57:42,461 - INFO - Cache vide → récupération des horaires depuis la DB.
2025-12-03 13:57:42,473 - INFO - Horaires mis en cache (1 horaires).
2025-12-03 13:57:57,468 - INFO - Génération des séances pour le jour 2025-12-03 (weekday=2)
2025-12-03 13:57:57,469 - INFO - Cache vide → récupération des horaires depuis la DB.
2025-12-03 13:57:57,512 - INFO - Horaires mis en cache (1 horaires).
2025-12-03 13:58:12,467 - INFO - Génération des séances pour le jour 2025-12-03 (weekday=2)
2025-12-03 13:58:12,469 - INFO - Cache vide → récupération des horaires depuis la DB.
2025-12-03 13:58:12,512 - INFO - Horaires mis en cache (1 horaires).
2025-12-03 13:58:27,467 - INFO - Génération des séances pour le jour 2025-12-03 (weekday=2)
2025-12-03 13:58:27,469 - INFO - Cache vide → récupération des horaires depuis la DB.
2025-12-03 13:58:27,514 - INFO - Horaires mis en cache (1 horaires).
2025-12-03 13:58:42,469 - INFO - Génération des séances pour le jour 2025-12-03 (weekday=2)
2025-12-03 13:58:42,470 - INFO - Cache vide → récupération des horaires depuis la DB.
2025-12-03 13:58:42,516 - INFO - Horaires mis en cache (1 horaires).
2025-12-03 13:58:57,464 - INFO - Génération des séances pour le jour 2025-12-03 (weekday=2)
2025-12-03 13:58:57,465 - INFO - Cache vide → récupération des horaires depuis la DB.
2025-12-03 13:58:57,492 - INFO - Horaires mis en cache (1 horaires).
2025-12-03 13:59:12,468 - INFO - Génération des séances pour le jour 2025-12-03 (weekday=2)
2025-12-03 13:59:12,469 - INFO - Cache vide → récupération des horaires depuis la DB.
2025-12-03 13:59:12,509 - INFO - Horaires mis en cache (1 horaires).
2025-12-03 13:59:27,468 - INFO - Génération des séances pour le jour 2025-12-03 (weekday=2)
2025-12-03 13:59:27,469 - INFO - Cache vide → récupération des horaires depuis la DB.
2025-12-03 13:59:27,517 - INFO - Horaires mis en cache (1 horaires).
2025-12-03 13:59:42,471 - INFO - Génération des séances pour le jour 2025-12-03 (weekday=2)
2025-12-03 13:59:42,471 - INFO - Cache vide → récupération des horaires depuis la DB.
2025-12-03 13:59:42,490 - INFO - Horaires mis en cache (1 horaires).
2025-12-03 13:59:57,476 - INFO - Génération des séances pour le jour 2025-12-03 (weekday=2)
2025-12-03 13:59:57,477 - INFO - Cache vide → récupération des horaires depuis la DB.
2025-12-03 13:59:57,523 - INFO - Horaires mis en cache (1 horaires).
2025-12-03 14:00:12,476 - INFO - Génération des séances pour le jour 2025-12-03 (weekday=2)
2025-12-03 14:00:12,478 - INFO - Cache vide → récupération des horaires depuis la DB.
2025-12-03 14:00:12,512 - INFO - Horaires mis en cache (1 horaires).
2025-12-03 14:00:27,464 - INFO - Génération des séances pour le jour 2025-12-03 (weekday=2)
2025-12-03 14:00:27,464 - INFO - Cache vide → récupération des horaires depuis la DB.
2025-12-03 14:00:27,480 - INFO - Horaires mis en cache (1 horaires).
2025-12-03 14:00:42,462 - INFO - Génération des séances pour le jour 2025-12-03 (weekday=2)
2025-12-03 14:00:42,463 - INFO - Cache vide → récupération des horaires depuis la DB.
2025-12-03 14:00:42,475 - INFO - Horaires mis en cache (1 horaires).
2025-12-03 14:00:57,469 - INFO - Génération des séances pour le jour 2025-12-03 (weekday=2)
2025-12-03 14:00:57,470 - INFO - Cache vide → récupération des horaires depuis la DB.
2025-12-03 14:00:57,508 - INFO - Horaires mis en cache (1 horaires).
2025-12-03 14:01:12,469 - INFO - Génération des séances pour le jour 2025-12-03 (weekday=2)
2025-12-03 14:01:12,470 - INFO - Cache vide → récupération des horaires depuis la DB.
2025-12-03 14:01:12,512 - INFO - Horaires mis en cache (1 horaires).
2025-12-03 14:01:27,469 - INFO - Génération des séances pour le jour 2025-12-03 (weekday=2)
2025-12-03 14:01:27,470 - INFO - Cache vide → récupération des horaires depuis la DB.
2025-12-03 14:01:27,513 - INFO - Horaires mis en cache (1 horaires).
2025-12-03 14:01:42,467 - INFO - Génération des séances pour le jour 2025-12-03 (weekday=2)
2025-12-03 14:01:42,468 - INFO - Cache vide → récupération des horaires depuis la DB.
2025-12-03 14:01:42,504 - INFO - Horaires mis en cache (1 horaires).
2025-12-03 14:01:57,477 - INFO - Génération des séances pour le jour 2025-12-03 (weekday=2)
2025-12-03 14:01:57,478 - INFO - Cache vide → récupération des horaires depuis la DB.
2025-12-03 14:01:57,512 - INFO - Horaires mis en cache (1 horaires).
2025-12-03 14:02:12,477 - INFO - Génération des séances pour le jour 2025-12-03 (weekday=2)
2025-12-03 14:02:12,479 - INFO - Cache vide → récupération des horaires depuis la DB.
2025-12-03 14:02:12,523 - INFO - Horaires mis en cache (1 horaires).
2025-12-03 14:02:27,470 - INFO - Génération des séances pour le jour 2025-12-03 (weekday=2)
2025-12-03 14:02:27,471 - INFO - Cache vide → récupération des horaires depuis la DB.
2025-12-03 14:02:27,513 - INFO - Horaires mis en cache (1 horaires).
2025-12-03 14:02:42,471 - INFO - Génération des séances pour le jour 2025-12-03 (weekday=2)
2025-12-03 14:02:42,472 - INFO - Cache vide → récupération des horaires depuis la DB.
2025-12-03 14:02:42,512 - INFO - Horaires mis en cache (1 horaires).
2025-12-03 14:02:57,470 - INFO - Génération des séances pour le jour 2025-12-03 (weekday=2)
2025-12-03 14:02:57,471 - INFO - Cache vide → récupération des horaires depuis la DB.
2025-12-03 14:02:57,504 - INFO - Horaires mis en cache (1 horaires).
2025-12-03 14:03:12,469 - INFO - Génération des séances pour le jour 2025-12-03 (weekday=2)
2025-12-03 14:03:12,471 - INFO - Cache vide → récupération des horaires depuis la DB.
2025-12-03 14:03:12,517 - INFO - Horaires mis en cache (1 horaires).
2025-12-03 14:03:27,464 - INFO - Génération des séances pour le jour 2025-12-03 (weekday=2)
2025-12-03 14:03:27,465 - INFO - Cache vide → récupération des horaires depuis la DB.
2025-12-03 14:03:27,476 - INFO - Horaires mis en cache (1 horaires).
2025-12-03 14:03:42,470 - INFO - Génération des séances pour le jour 2025-12-03 (weekday=2)
2025-12-03 14:03:42,471 - INFO - Cache vide → récupération des horaires depuis la DB.
2025-12-03 14:03:42,516 - INFO - Horaires mis en cache (1 horaires).
2025-12-03 14:03:57,478 - INFO - Génération des séances pour le jour 2025-12-03 (weekday=2)
2025-12-03 14:03:57,480 - INFO - Cache vide → récupération des horaires depuis la DB.
2025-12-03 14:03:57,527 - INFO - Horaires mis en cache (1 horaires).
2025-12-03 14:04:12,481 - INFO - Génération des séances pour le jour 2025-12-03 (weekday=2)
2025-12-03 14:04:12,482 - INFO - Cache vide → récupération des horaires depuis la DB.
2025-12-03 14:04:12,508 - INFO - Horaires mis en cache (1 horaires).
2025-12-03 14:04:27,466 - INFO - Génération des séances pour le jour 2025-12-03 (weekday=2)
2025-12-03 14:04:27,467 - INFO - Cache vide → récupération des horaires depuis la DB.
2025-12-03 14:04:27,486 - INFO - Horaires mis en cache (1 horaires).
2025-12-03 14:04:42,464 - INFO - Génération des séances pour le jour 2025-12-03 (weekday=2)
2025-12-03 14:04:42,465 - INFO - Cache vide → récupération des horaires depuis la DB.
2025-12-03 14:04:42,477 - INFO - Horaires mis en cache (1 horaires).
2025-12-03 14:04:57,470 - INFO - Génération des séances pour le jour 2025-12-03 (weekday=2)
2025-12-03 14:04:57,471 - INFO - Cache vide → récupération des horaires depuis la DB.
2025-12-03 14:04:57,517 - INFO - Horaires mis en cache (1 horaires).
2025-12-03 14:05:12,465 - INFO - Génération des séances pour le jour 2025-12-03 (weekday=2)
2025-12-03 14:05:12,465 - INFO - Cache vide → récupération des horaires depuis la DB.
2025-12-03 14:05:12,476 - INFO - Horaires mis en cache (1 horaires).
2025-12-03 14:05:27,470 - INFO - Génération des séances pour le jour 2025-12-03 (weekday=2)
2025-12-03 14:05:27,472 - INFO - Cache vide → récupération des horaires depuis la DB.
2025-12-03 14:05:27,493 - INFO - Horaires mis en cache (1 horaires).
2025-12-03 14:05:42,467 - INFO - Génération des séances pour le jour 2025-12-03 (weekday=2)
2025-12-03 14:05:42,468 - INFO - Cache vide → récupération des horaires depuis la DB.
2025-12-03 14:05:42,492 - INFO - Horaires mis en cache (1 horaires).
2025-12-03 14:05:57,471 - INFO - Génération des séances pour le jour 2025-12-03 (weekday=2)
2025-12-03 14:05:57,472 - INFO - Cache vide → récupération des horaires depuis la DB.
2025-12-03 14:05:57,518 - INFO - Horaires mis en cache (1 horaires).
2025-12-03 14:06:12,478 - INFO - Génération des séances pour le jour 2025-12-03 (weekday=2)
2025-12-03 14:06:12,480 - INFO - Cache vide → récupération des horaires depuis la DB.
2025-12-03 14:06:12,525 - INFO - Horaires mis en cache (1 horaires).
2025-12-03 14:06:27,473 - INFO - Génération des séances pour le jour 2025-12-03 (weekday=2)
2025-12-03 14:06:27,474 - INFO - Cache vide → récupération des horaires depuis la DB.
2025-12-03 14:06:27,486 - INFO - Horaires mis en cache (1 horaires).
2025-12-03 14:06:42,471 - INFO - Génération des séances pour le jour 2025-12-03 (weekday=2)
2025-12-03 14:06:42,472 - INFO - Cache vide → récupération des horaires depuis la DB.
2025-12-03 14:06:42,511 - INFO - Horaires mis en cache (1 horaires).
2025-12-03 14:06:57,472 - INFO - Génération des séances pour le jour 2025-12-03 (weekday=2)
2025-12-03 14:06:57,473 - INFO - Cache vide → récupération des horaires depuis la DB.
2025-12-03 14:06:57,524 - INFO - Horaires mis en cache (1 horaires).
2025-12-03 14:07:12,472 - INFO - Génération des séances pour le jour 2025-12-03 (weekday=2)
2025-12-03 14:07:12,473 - INFO - Cache vide → récupération des horaires depuis la DB.
2025-12-03 14:07:12,514 - INFO - Horaires mis en cache (1 horaires).
2025-12-03 14:07:27,472 - INFO - Génération des séances pour le jour 2025-12-03 (weekday=2)
2025-12-03 14:07:27,474 - INFO - Cache vide → récupération des horaires depuis la DB.
2025-12-03 14:07:27,524 - INFO - Horaires mis en cache (1 horaires).
2025-12-03 14:07:42,472 - INFO - Génération des séances pour le jour 2025-12-03 (weekday=2)
2025-12-03 14:07:42,473 - INFO - Cache vide → récupération des horaires depuis la DB.
2025-12-03 14:07:42,518 - INFO - Horaires mis en cache (1 horaires).
2025-12-03 14:07:57,467 - INFO - Génération des séances pour le jour 2025-12-03 (weekday=2)
2025-12-03 14:07:57,468 - INFO - Cache vide → récupération des horaires depuis la DB.
2025-12-03 14:07:57,480 - INFO - Horaires mis en cache (1 horaires).
2025-12-03 14:08:12,480 - INFO - Génération des séances pour le jour 2025-12-03 (weekday=2)
2025-12-03 14:08:12,482 - INFO - Cache vide → récupération des horaires depuis la DB.
2025-12-03 14:08:12,526 - INFO - Horaires mis en cache (1 horaires).
2025-12-03 14:08:27,473 - INFO - Génération des séances pour le jour 2025-12-03 (weekday=2)
2025-12-03 14:08:27,474 - INFO - Cache vide → récupération des horaires depuis la DB.
2025-12-03 14:08:27,515 - INFO - Horaires mis en cache (1 horaires).
2025-12-03 14:08:42,473 - INFO - Génération des séances pour le jour 2025-12-03 (weekday=2)
2025-12-03 14:08:42,474 - INFO - Cache vide → récupération des horaires depuis la DB.
2025-12-03 14:08:42,515 - INFO - Horaires mis en cache (1 horaires).
2025-12-03 14:08:57,467 - INFO - Génération des séances pour le jour 2025-12-03 (weekday=2)
2025-12-03 14:08:57,467 - INFO - Cache vide → récupération des horaires depuis la DB.
2025-12-03 14:08:57,478 - INFO - Horaires mis en cache (1 horaires).
2025-12-03 14:09:12,474 - INFO - Génération des séances pour le jour 2025-12-03 (weekday=2)
2025-12-03 14:09:12,475 - INFO - Cache vide → récupération des horaires depuis la DB.
2025-12-03 14:09:12,518 - INFO - Horaires mis en cache (1 horaires).
2025-12-03 14:09:27,473 - INFO - Génération des séances pour le jour 2025-12-03 (weekday=2)
2025-12-03 14:09:27,474 - INFO - Cache vide → récupération des horaires depuis la DB.
2025-12-03 14:09:27,519 - INFO - Horaires mis en cache (1 horaires).
2025-12-03 14:09:42,473 - INFO - Génération des séances pour le jour 2025-12-03 (weekday=2)
2025-12-03 14:09:42,475 - INFO - Cache vide → récupération des horaires depuis la DB.
2025-12-03 14:09:42,523 - INFO - Horaires mis en cache (1 horaires).
2025-12-03 14:09:57,481 - INFO - Génération des séances pour le jour 2025-12-03 (weekday=2)
2025-12-03 14:09:57,483 - INFO - Cache vide → récupération des horaires depuis la DB.
2025-12-03 14:09:57,515 - INFO - Horaires mis en cache (1 horaires).
2025-12-03 14:10:12,482 - INFO - Génération des séances pour le jour 2025-12-03 (weekday=2)
2025-12-03 14:10:12,483 - INFO - Cache vide → récupération des horaires depuis la DB.
2025-12-03 14:10:12,535 - INFO - Horaires mis en cache (1 horaires).
2025-12-03 14:10:27,468 - INFO - Génération des séances pour le jour 2025-12-03 (weekday=2)
2025-12-03 14:10:27,469 - INFO - Cache vide → récupération des horaires depuis la DB.
2025-12-03 14:10:27,481 - INFO - Horaires mis en cache (1 horaires).
2025-12-03 14:10:42,474 - INFO - Génération des séances pour le jour 2025-12-03 (weekday=2)
2025-12-03 14:10:42,475 - INFO - Cache vide → récupération des horaires depuis la DB.
2025-12-03 14:10:42,521 - INFO - Horaires mis en cache (1 horaires).
2025-12-03 14:10:57,473 - INFO - Génération des séances pour le jour 2025-12-03 (weekday=2)
2025-12-03 14:10:57,475 - INFO - Cache vide → récupération des horaires depuis la DB.
2025-12-03 14:10:57,520 - INFO - Horaires mis en cache (1 horaires).
2025-12-03 14:11:12,474 - INFO - Génération des séances pour le jour 2025-12-03 (weekday=2)
2025-12-03 14:11:12,476 - INFO - Cache vide → récupération des horaires depuis la DB.
2025-12-03 14:11:12,518 - INFO - Horaires mis en cache (1 horaires).
2025-12-03 14:11:27,470 - INFO - Génération des séances pour le jour 2025-12-03 (weekday=2)
2025-12-03 14:11:27,471 - INFO - Cache vide → récupération des horaires depuis la DB.
2025-12-03 14:11:27,491 - INFO - Horaires mis en cache (1 horaires).
2025-12-03 14:11:42,476 - INFO - Génération des séances pour le jour 2025-12-03 (weekday=2)
2025-12-03 14:11:42,476 - INFO - Cache vide → récupération des horaires depuis la DB.
2025-12-03 14:11:42,488 - INFO - Horaires mis en cache (1 horaires).
2025-12-03 14:11:57,482 - INFO - Génération des séances pour le jour 2025-12-03 (weekday=2)
2025-12-03 14:11:57,483 - INFO - Cache vide → récupération des horaires depuis la DB.
2025-12-03 14:11:57,529 - INFO - Horaires mis en cache (1 horaires).
2025-12-03 14:12:12,469 - INFO - Génération des séances pour le jour 2025-12-03 (weekday=2)
2025-12-03 14:12:12,469 - INFO - Cache vide → récupération des horaires depuis la DB.
2025-12-03 14:12:12,481 - INFO - Horaires mis en cache (1 horaires).
2025-12-03 14:12:27,474 - INFO - Génération des séances pour le jour 2025-12-03 (weekday=2)
2025-12-03 14:12:27,475 - INFO - Cache vide → récupération des horaires depuis la DB.
2025-12-03 14:12:27,496 - INFO - Horaires mis en cache (1 horaires).
2025-12-03 14:12:42,469 - INFO - Génération des séances pour le jour 2025-12-03 (weekday=2)
2025-12-03 14:12:42,469 - INFO - Cache vide → récupération des horaires depuis la DB.
2025-12-03 14:12:42,480 - INFO - Horaires mis en cache (1 horaires).
2025-12-03 14:12:57,474 - INFO - Génération des séances pour le jour 2025-12-03 (weekday=2)
2025-12-03 14:12:57,475 - INFO - Cache vide → récupération des horaires depuis la DB.
2025-12-03 14:12:57,512 - INFO - Horaires mis en cache (1 horaires).
2025-12-03 14:13:12,469 - INFO - Génération des séances pour le jour 2025-12-03 (weekday=2)
2025-12-03 14:13:12,469 - INFO - Cache vide → récupération des horaires depuis la DB.
2025-12-03 14:13:12,481 - INFO - Horaires mis en cache (1 horaires).
2025-12-03 14:13:27,475 - INFO - Génération des séances pour le jour 2025-12-03 (weekday=2)
2025-12-03 14:13:27,477 - INFO - Cache vide → récupération des horaires depuis la DB.
2025-12-03 14:13:27,520 - INFO - Horaires mis en cache (1 horaires).
2025-12-03 14:13:42,483 - INFO - Génération des séances pour le jour 2025-12-03 (weekday=2)
2025-12-03 14:13:42,484 - INFO - Cache vide → récupération des horaires depuis la DB.
2025-12-03 14:13:42,528 - INFO - Horaires mis en cache (1 horaires).
2025-12-03 14:13:57,469 - INFO - Génération des séances pour le jour 2025-12-03 (weekday=2)
2025-12-03 14:13:57,470 - INFO - Cache vide → récupération des horaires depuis la DB.
2025-12-03 14:13:57,481 - INFO - Horaires mis en cache (1 horaires).
2025-12-03 14:14:12,476 - INFO - Génération des séances pour le jour 2025-12-03 (weekday=2)
2025-12-03 14:14:12,477 - INFO - Cache vide → récupération des horaires depuis la DB.
2025-12-03 14:14:12,519 - INFO - Horaires mis en cache (1 horaires).
2025-12-03 14:14:27,470 - INFO - Génération des séances pour le jour 2025-12-03 (weekday=2)
2025-12-03 14:14:27,470 - INFO - Cache vide → récupération des horaires depuis la DB.
2025-12-03 14:14:27,482 - INFO - Horaires mis en cache (1 horaires).
2025-12-03 14:14:42,476 - INFO - Génération des séances pour le jour 2025-12-03 (weekday=2)
2025-12-03 14:14:42,477 - INFO - Cache vide → récupération des horaires depuis la DB.
2025-12-03 14:14:42,499 - INFO - Horaires mis en cache (1 horaires).
2025-12-03 14:14:57,470 - INFO - Génération des séances pour le jour 2025-12-03 (weekday=2)
2025-12-03 14:14:57,471 - INFO - Cache vide → récupération des horaires depuis la DB.
2025-12-03 14:14:57,484 - INFO - Horaires mis en cache (1 horaires).
2025-12-03 14:15:12,470 - INFO - Génération des séances pour le jour 2025-12-03 (weekday=2)
2025-12-03 14:15:12,471 - INFO - Cache vide → récupération des horaires depuis la DB.
2025-12-03 14:15:12,487 - INFO - Horaires mis en cache (1 horaires).
2025-12-03 14:15:27,476 - INFO - Génération des séances pour le jour 2025-12-03 (weekday=2)
2025-12-03 14:15:27,478 - INFO - Cache vide → récupération des horaires depuis la DB.
2025-12-03 14:15:27,513 - INFO - Horaires mis en cache (1 horaires).
2025-12-03 14:15:42,485 - INFO - Génération des séances pour le jour 2025-12-03 (weekday=2)
2025-12-03 14:15:42,486 - INFO - Cache vide → récupération des horaires depuis la DB.
2025-12-03 14:15:42,528 - INFO - Horaires mis en cache (1 horaires).
2025-12-03 14:15:57,484 - INFO - Génération des séances pour le jour 2025-12-03 (weekday=2)
2025-12-03 14:15:57,485 - INFO - Cache vide → récupération des horaires depuis la DB.
2025-12-03 14:15:57,536 - INFO - Horaires mis en cache (1 horaires).
2025-12-03 14:16:12,475 - INFO - Génération des séances pour le jour 2025-12-03 (weekday=2)
2025-12-03 14:16:12,476 - INFO - Cache vide → récupération des horaires depuis la DB.
2025-12-03 14:16:12,498 - INFO - Horaires mis en cache (1 horaires).
2025-12-03 14:16:27,471 - INFO - Génération des séances pour le jour 2025-12-03 (weekday=2)
2025-12-03 14:16:27,472 - INFO - Cache vide → récupération des horaires depuis la DB.
2025-12-03 14:16:27,484 - INFO - Horaires mis en cache (1 horaires).
2025-12-03 14:16:42,477 - INFO - Génération des séances pour le jour 2025-12-03 (weekday=2)
2025-12-03 14:16:42,478 - INFO - Cache vide → récupération des horaires depuis la DB.
2025-12-03 14:16:42,522 - INFO - Horaires mis en cache (1 horaires).
2025-12-03 14:16:57,477 - INFO - Génération des séances pour le jour 2025-12-03 (weekday=2)
2025-12-03 14:16:57,479 - INFO - Cache vide → récupération des horaires depuis la DB.
2025-12-03 14:16:57,523 - INFO - Horaires mis en cache (1 horaires).
2025-12-03 14:17:12,471 - INFO - Génération des séances pour le jour 2025-12-03 (weekday=2)
2025-12-03 14:17:12,472 - INFO - Cache vide → récupération des horaires depuis la DB.
2025-12-03 14:17:12,484 - INFO - Horaires mis en cache (1 horaires).
2025-12-03 14:17:27,477 - INFO - Génération des séances pour le jour 2025-12-03 (weekday=2)
2025-12-03 14:17:27,479 - INFO - Cache vide → récupération des horaires depuis la DB.
2025-12-03 14:17:27,513 - INFO - Horaires mis en cache (1 horaires).
2025-12-03 14:17:42,483 - INFO - Génération des séances pour le jour 2025-12-03 (weekday=2)
2025-12-03 14:17:42,484 - INFO - Cache vide → récupération des horaires depuis la DB.
2025-12-03 14:17:42,501 - INFO - Horaires mis en cache (1 horaires).
2025-12-03 14:17:57,485 - INFO - Génération des séances pour le jour 2025-12-03 (weekday=2)
2025-12-03 14:17:57,487 - INFO - Cache vide → récupération des horaires depuis la DB.
2025-12-03 14:17:57,533 - INFO - Horaires mis en cache (1 horaires).
2025-12-03 14:18:12,478 - INFO - Génération des séances pour le jour 2025-12-03 (weekday=2)
2025-12-03 14:18:12,480 - INFO - Cache vide → récupération des horaires depuis la DB.
2025-12-03 14:18:12,519 - INFO - Horaires mis en cache (1 horaires).
2025-12-03 14:18:27,475 - INFO - Génération des séances pour le jour 2025-12-03 (weekday=2)
2025-12-03 14:18:27,476 - INFO - Cache vide → récupération des horaires depuis la DB.
2025-12-03 14:18:27,506 - INFO - Horaires mis en cache (1 horaires).
2025-12-03 14:18:42,478 - INFO - Génération des séances pour le jour 2025-12-03 (weekday=2)
2025-12-03 14:18:42,480 - INFO - Cache vide → récupération des horaires depuis la DB.
2025-12-03 14:18:42,519 - INFO - Horaires mis en cache (1 horaires).
2025-12-03 14:18:57,473 - INFO - Génération des séances pour le jour 2025-12-03 (weekday=2)
2025-12-03 14:18:57,474 - INFO - Cache vide → récupération des horaires depuis la DB.
2025-12-03 14:18:57,492 - INFO - Horaires mis en cache (1 horaires).
2025-12-03 14:19:12,478 - INFO - Génération des séances pour le jour 2025-12-03 (weekday=2)
2025-12-03 14:19:12,480 - INFO - Cache vide → récupération des horaires depuis la DB.
2025-12-03 14:19:12,520 - INFO - Horaires mis en cache (1 horaires).
2025-12-03 14:19:27,478 - INFO - Génération des séances pour le jour 2025-12-03 (weekday=2)
2025-12-03 14:19:27,479 - INFO - Cache vide → récupération des horaires depuis la DB.
2025-12-03 14:19:27,507 - INFO - Horaires mis en cache (1 horaires).
2025-12-03 14:19:42,480 - INFO - Génération des séances pour le jour 2025-12-03 (weekday=2)
2025-12-03 14:19:42,481 - INFO - Cache vide → récupération des horaires depuis la DB.
2025-12-03 14:19:42,492 - INFO - Horaires mis en cache (1 horaires).
2025-12-03 14:19:57,487 - INFO - Génération des séances pour le jour 2025-12-03 (weekday=2)
2025-12-03 14:19:57,488 - INFO - Cache vide → récupération des horaires depuis la DB.
2025-12-03 14:19:57,535 - INFO - Horaires mis en cache (1 horaires).
2025-12-03 14:20:12,479 - INFO - Génération des séances pour le jour 2025-12-03 (weekday=2)
2025-12-03 14:20:12,480 - INFO - Cache vide → récupération des horaires depuis la DB.
2025-12-03 14:20:12,502 - INFO - Horaires mis en cache (1 horaires).
2025-12-03 14:20:27,474 - INFO - Génération des séances pour le jour 2025-12-03 (weekday=2)
2025-12-03 14:20:27,475 - INFO - Cache vide → récupération des horaires depuis la DB.
2025-12-03 14:20:27,493 - INFO - Horaires mis en cache (1 horaires).
2025-12-03 14:20:42,479 - INFO - Génération des séances pour le jour 2025-12-03 (weekday=2)
2025-12-03 14:20:42,480 - INFO - Cache vide → récupération des horaires depuis la DB.
2025-12-03 14:20:42,503 - INFO - Horaires mis en cache (1 horaires).
2025-12-03 14:20:57,480 - INFO - Génération des séances pour le jour 2025-12-03 (weekday=2)
2025-12-03 14:20:57,481 - INFO - Cache vide → récupération des horaires depuis la DB.
2025-12-03 14:20:57,513 - INFO - Horaires mis en cache (1 horaires).
2025-12-03 14:21:12,477 - INFO - Génération des séances pour le jour 2025-12-03 (weekday=2)
2025-12-03 14:21:12,477 - INFO - Cache vide → récupération des horaires depuis la DB.
2025-12-03 14:21:12,507 - INFO - Horaires mis en cache (1 horaires).
2025-12-03 14:21:27,480 - INFO - Génération des séances pour le jour 2025-12-03 (weekday=2)
2025-12-03 14:21:27,481 - INFO - Cache vide → récupération des horaires depuis la DB.
2025-12-03 14:21:27,524 - INFO - Horaires mis en cache (1 horaires).
2025-12-03 14:21:42,482 - INFO - Génération des séances pour le jour 2025-12-03 (weekday=2)
2025-12-03 14:21:42,483 - INFO - Cache vide → récupération des horaires depuis la DB.
2025-12-03 14:21:42,503 - INFO - Horaires mis en cache (1 horaires).
2025-12-03 14:21:57,488 - INFO - Génération des séances pour le jour 2025-12-03 (weekday=2)
2025-12-03 14:21:57,489 - INFO - Cache vide → récupération des horaires depuis la DB.
2025-12-03 14:21:57,535 - INFO - Horaires mis en cache (1 horaires).
2025-12-03 14:22:12,475 - INFO - Génération des séances pour le jour 2025-12-03 (weekday=2)
2025-12-03 14:22:12,475 - INFO - Cache vide → récupération des horaires depuis la DB.
2025-12-03 14:22:12,489 - INFO - Horaires mis en cache (1 horaires).
2025-12-03 14:22:27,481 - INFO - Génération des séances pour le jour 2025-12-03 (weekday=2)
2025-12-03 14:22:27,482 - INFO - Cache vide → récupération des horaires depuis la DB.
2025-12-03 14:22:27,528 - INFO - Horaires mis en cache (1 horaires).
2025-12-03 14:22:42,481 - INFO - Génération des séances pour le jour 2025-12-03 (weekday=2)
2025-12-03 14:22:42,482 - INFO - Cache vide → récupération des horaires depuis la DB.
2025-12-03 14:22:42,529 - INFO - Horaires mis en cache (1 horaires).
2025-12-03 14:22:57,480 - INFO - Génération des séances pour le jour 2025-12-03 (weekday=2)
2025-12-03 14:22:57,482 - INFO - Cache vide → récupération des horaires depuis la DB.
2025-12-03 14:22:57,512 - INFO - Horaires mis en cache (1 horaires).
2025-12-03 14:23:12,481 - INFO - Génération des séances pour le jour 2025-12-03 (weekday=2)
2025-12-03 14:23:12,482 - INFO - Cache vide → récupération des horaires depuis la DB.
2025-12-03 14:23:12,521 - INFO - Horaires mis en cache (1 horaires).
2025-12-03 14:23:27,481 - INFO - Génération des séances pour le jour 2025-12-03 (weekday=2)
2025-12-03 14:23:27,482 - INFO - Cache vide → récupération des horaires depuis la DB.
2025-12-03 14:23:27,528 - INFO - Horaires mis en cache (1 horaires).
2025-12-03 14:23:42,475 - INFO - Génération des séances pour le jour 2025-12-03 (weekday=2)
2025-12-03 14:23:42,476 - INFO - Cache vide → récupération des horaires depuis la DB.
2025-12-03 14:23:42,497 - INFO - Horaires mis en cache (1 horaires).
2025-12-03 14:23:57,489 - INFO - Génération des séances pour le jour 2025-12-03 (weekday=2)
2025-12-03 14:23:57,490 - INFO - Cache vide → récupération des horaires depuis la DB.
2025-12-03 14:23:57,535 - INFO - Horaires mis en cache (1 horaires).
2025-12-03 14:24:12,482 - INFO - Génération des séances pour le jour 2025-12-03 (weekday=2)
2025-12-03 14:24:12,483 - INFO - Cache vide → récupération des horaires depuis la DB.
2025-12-03 14:24:12,517 - INFO - Horaires mis en cache (1 horaires).
2025-12-03 14:24:27,476 - INFO - Génération des séances pour le jour 2025-12-03 (weekday=2)
2025-12-03 14:24:27,477 - INFO - Cache vide → récupération des horaires depuis la DB.
2025-12-03 14:24:27,495 - INFO - Horaires mis en cache (1 horaires).
2025-12-03 14:24:42,482 - INFO - Génération des séances pour le jour 2025-12-03 (weekday=2)
2025-12-03 14:24:42,483 - INFO - Cache vide → récupération des horaires depuis la DB.
2025-12-03 14:24:42,523 - INFO - Horaires mis en cache (1 horaires).
2025-12-03 14:24:57,476 - INFO - Génération des séances pour le jour 2025-12-03 (weekday=2)
2025-12-03 14:24:57,476 - INFO - Cache vide → récupération des horaires depuis la DB.
2025-12-03 14:24:57,490 - INFO - Horaires mis en cache (1 horaires).
2025-12-03 14:25:12,482 - INFO - Génération des séances pour le jour 2025-12-03 (weekday=2)
2025-12-03 14:25:12,483 - INFO - Cache vide → récupération des horaires depuis la DB.
2025-12-03 14:25:12,526 - INFO - Horaires mis en cache (1 horaires).
2025-12-03 14:25:27,476 - INFO - Génération des séances pour le jour 2025-12-03 (weekday=2)
2025-12-03 14:25:27,477 - INFO - Cache vide → récupération des horaires depuis la DB.
2025-12-03 14:25:27,490 - INFO - Horaires mis en cache (1 horaires).
2025-12-03 14:25:42,482 - INFO - Génération des séances pour le jour 2025-12-03 (weekday=2)
2025-12-03 14:25:42,483 - INFO - Cache vide → récupération des horaires depuis la DB.
2025-12-03 14:25:42,536 - INFO - Horaires mis en cache (1 horaires).
2025-12-03 14:25:57,480 - INFO - Génération des séances pour le jour 2025-12-03 (weekday=2)
2025-12-03 14:25:57,481 - INFO - Cache vide → récupération des horaires depuis la DB.
2025-12-03 14:25:57,501 - INFO - Horaires mis en cache (1 horaires).
2025-12-03 14:26:12,477 - INFO - Génération des séances pour le jour 2025-12-03 (weekday=2)
2025-12-03 14:26:12,477 - INFO - Cache vide → récupération des horaires depuis la DB.
2025-12-03 14:26:12,491 - INFO - Horaires mis en cache (1 horaires).
2025-12-03 14:26:27,490 - INFO - Génération des séances pour le jour 2025-12-03 (weekday=2)
2025-12-03 14:26:27,491 - INFO - Cache vide → récupération des horaires depuis la DB.
2025-12-03 14:26:27,529 - INFO - Horaires mis en cache (1 horaires).
2025-12-03 14:26:42,479 - INFO - Génération des séances pour le jour 2025-12-03 (weekday=2)
2025-12-03 14:26:42,480 - INFO - Cache vide → récupération des horaires depuis la DB.
2025-12-03 14:26:42,497 - INFO - Horaires mis en cache (1 horaires).
2025-12-03 14:26:57,477 - INFO - Génération des séances pour le jour 2025-12-03 (weekday=2)
2025-12-03 14:26:57,478 - INFO - Cache vide → récupération des horaires depuis la DB.
2025-12-03 14:26:57,490 - INFO - Horaires mis en cache (1 horaires).
2025-12-03 14:27:12,483 - INFO - Génération des séances pour le jour 2025-12-03 (weekday=2)
2025-12-03 14:27:12,484 - INFO - Cache vide → récupération des horaires depuis la DB.
2025-12-03 14:27:12,529 - INFO - Horaires mis en cache (1 horaires).
2025-12-03 14:27:27,483 - INFO - Génération des séances pour le jour 2025-12-03 (weekday=2)
2025-12-03 14:27:27,485 - INFO - Cache vide → récupération des horaires depuis la DB.
2025-12-03 14:27:27,523 - INFO - Horaires mis en cache (1 horaires).
2025-12-03 14:27:42,477 - INFO - Génération des séances pour le jour 2025-12-03 (weekday=2)
2025-12-03 14:27:42,478 - INFO - Cache vide → récupération des horaires depuis la DB.
2025-12-03 14:27:42,493 - INFO - Horaires mis en cache (1 horaires).
2025-12-03 14:27:57,483 - INFO - Génération des séances pour le jour 2025-12-03 (weekday=2)
2025-12-03 14:27:57,485 - INFO - Cache vide → récupération des horaires depuis la DB.
2025-12-03 14:27:57,530 - INFO - Horaires mis en cache (1 horaires).
2025-12-03 14:28:12,483 - INFO - Génération des séances pour le jour 2025-12-03 (weekday=2)
2025-12-03 14:28:12,484 - INFO - Cache vide → récupération des horaires depuis la DB.
2025-12-03 14:28:12,535 - INFO - Horaires mis en cache (1 horaires).
2025-12-03 14:28:27,489 - INFO - Génération des séances pour le jour 2025-12-03 (weekday=2)
2025-12-03 14:28:27,489 - INFO - Cache vide → récupération des horaires depuis la DB.
2025-12-03 14:28:27,507 - INFO - Horaires mis en cache (1 horaires).
2025-12-03 14:28:42,491 - INFO - Génération des séances pour le jour 2025-12-03 (weekday=2)
2025-12-03 14:28:42,492 - INFO - Cache vide → récupération des horaires depuis la DB.
2025-12-03 14:28:42,544 - INFO - Horaires mis en cache (1 horaires).
2025-12-03 14:28:57,484 - INFO - Génération des séances pour le jour 2025-12-03 (weekday=2)
2025-12-03 14:28:57,485 - INFO - Cache vide → récupération des horaires depuis la DB.
2025-12-03 14:28:57,524 - INFO - Horaires mis en cache (1 horaires).
2025-12-03 14:29:12,480 - INFO - Génération des séances pour le jour 2025-12-03 (weekday=2)
2025-12-03 14:29:12,480 - INFO - Cache vide → récupération des horaires depuis la DB.
2025-12-03 14:29:12,494 - INFO - Horaires mis en cache (1 horaires).
2025-12-03 14:29:27,484 - INFO - Génération des séances pour le jour 2025-12-03 (weekday=2)
2025-12-03 14:29:27,485 - INFO - Cache vide → récupération des horaires depuis la DB.
2025-12-03 14:29:27,530 - INFO - Horaires mis en cache (1 horaires).
2025-12-03 14:29:42,484 - INFO - Génération des séances pour le jour 2025-12-03 (weekday=2)
2025-12-03 14:29:42,486 - INFO - Cache vide → récupération des horaires depuis la DB.
2025-12-03 14:29:42,524 - INFO - Horaires mis en cache (1 horaires).
2025-12-03 14:29:57,479 - INFO - Génération des séances pour le jour 2025-12-03 (weekday=2)
2025-12-03 14:29:57,479 - INFO - Cache vide → récupération des horaires depuis la DB.
2025-12-03 14:29:57,497 - INFO - Horaires mis en cache (1 horaires).
2025-12-03 14:30:12,482 - INFO - Génération des séances pour le jour 2025-12-03 (weekday=2)
2025-12-03 14:30:12,483 - INFO - Cache vide → récupération des horaires depuis la DB.
2025-12-03 14:30:12,522 - INFO - Horaires mis en cache (1 horaires).
2025-12-03 14:30:27,492 - INFO - Génération des séances pour le jour 2025-12-03 (weekday=2)
2025-12-03 14:30:27,493 - INFO - Cache vide → récupération des horaires depuis la DB.
2025-12-03 14:30:27,535 - INFO - Horaires mis en cache (1 horaires).
2025-12-03 14:30:42,485 - INFO - Génération des séances pour le jour 2025-12-03 (weekday=2)
2025-12-03 14:30:42,487 - INFO - Cache vide → récupération des horaires depuis la DB.
2025-12-03 14:30:42,531 - INFO - Horaires mis en cache (1 horaires).
2025-12-03 14:30:57,480 - INFO - Génération des séances pour le jour 2025-12-03 (weekday=2)
2025-12-03 14:30:57,481 - INFO - Cache vide → récupération des horaires depuis la DB.
2025-12-03 14:30:57,501 - INFO - Horaires mis en cache (1 horaires).
2025-12-03 14:31:12,485 - INFO - Génération des séances pour le jour 2025-12-03 (weekday=2)
2025-12-03 14:31:12,487 - INFO - Cache vide → récupération des horaires depuis la DB.
2025-12-03 14:31:12,518 - INFO - Horaires mis en cache (1 horaires).
2025-12-03 14:31:27,485 - INFO - Génération des séances pour le jour 2025-12-03 (weekday=2)
2025-12-03 14:31:27,486 - INFO - Cache vide → récupération des horaires depuis la DB.
2025-12-03 14:31:27,524 - INFO - Horaires mis en cache (1 horaires).
2025-12-03 14:31:42,484 - INFO - Génération des séances pour le jour 2025-12-03 (weekday=2)
2025-12-03 14:31:42,484 - INFO - Cache vide → récupération des horaires depuis la DB.
2025-12-03 14:31:42,504 - INFO - Horaires mis en cache (1 horaires).
2025-12-03 14:31:57,486 - INFO - Génération des séances pour le jour 2025-12-03 (weekday=2)
2025-12-03 14:31:57,487 - INFO - Cache vide → récupération des horaires depuis la DB.
2025-12-03 14:31:57,530 - INFO - Horaires mis en cache (1 horaires).
2025-12-03 14:32:12,485 - INFO - Génération des séances pour le jour 2025-12-03 (weekday=2)
2025-12-03 14:32:12,487 - INFO - Cache vide → récupération des horaires depuis la DB.
2025-12-03 14:32:12,531 - INFO - Horaires mis en cache (1 horaires).
2025-12-03 14:32:27,487 - INFO - Génération des séances pour le jour 2025-12-03 (weekday=2)
2025-12-03 14:32:27,487 - INFO - Cache vide → récupération des horaires depuis la DB.
2025-12-03 14:32:27,499 - INFO - Horaires mis en cache (1 horaires).
2025-12-03 14:32:42,486 - INFO - Génération des séances pour le jour 2025-12-03 (weekday=2)
2025-12-03 14:32:42,487 - INFO - Cache vide → récupération des horaires depuis la DB.
2025-12-03 14:32:42,532 - INFO - Horaires mis en cache (1 horaires).
2025-12-03 14:32:57,486 - INFO - Génération des séances pour le jour 2025-12-03 (weekday=2)
2025-12-03 14:32:57,487 - INFO - Cache vide → récupération des horaires depuis la DB.
2025-12-03 14:32:57,530 - INFO - Horaires mis en cache (1 horaires).
2025-12-03 14:33:12,481 - INFO - Génération des séances pour le jour 2025-12-03 (weekday=2)
2025-12-03 14:33:12,481 - INFO - Cache vide → récupération des horaires depuis la DB.
2025-12-03 14:33:12,495 - INFO - Horaires mis en cache (1 horaires).
2025-12-03 14:33:27,486 - INFO - Génération des séances pour le jour 2025-12-03 (weekday=2)
2025-12-03 14:33:27,488 - INFO - Cache vide → récupération des horaires depuis la DB.
2025-12-03 14:33:27,537 - INFO - Horaires mis en cache (1 horaires).
2025-12-03 14:33:42,486 - INFO - Génération des séances pour le jour 2025-12-03 (weekday=2)
2025-12-03 14:33:42,488 - INFO - Cache vide → récupération des horaires depuis la DB.
2025-12-03 14:33:42,527 - INFO - Horaires mis en cache (1 horaires).
2025-12-03 14:33:57,486 - INFO - Génération des séances pour le jour 2025-12-03 (weekday=2)
2025-12-03 14:33:57,488 - INFO - Cache vide → récupération des horaires depuis la DB.
2025-12-03 14:33:57,522 - INFO - Horaires mis en cache (1 horaires).
2025-12-03 14:34:12,481 - INFO - Génération des séances pour le jour 2025-12-03 (weekday=2)
2025-12-03 14:34:12,481 - INFO - Cache vide → récupération des horaires depuis la DB.
2025-12-03 14:34:12,497 - INFO - Horaires mis en cache (1 horaires).
2025-12-03 14:34:27,481 - INFO - Génération des séances pour le jour 2025-12-03 (weekday=2)
2025-12-03 14:34:27,481 - INFO - Cache vide → récupération des horaires depuis la DB.
2025-12-03 14:34:27,502 - INFO - Horaires mis en cache (1 horaires).
2025-12-03 14:34:42,494 - INFO - Génération des séances pour le jour 2025-12-03 (weekday=2)
2025-12-03 14:34:42,496 - INFO - Cache vide → récupération des horaires depuis la DB.
2025-12-03 14:34:42,538 - INFO - Horaires mis en cache (1 horaires).
2025-12-03 14:34:57,487 - INFO - Génération des séances pour le jour 2025-12-03 (weekday=2)
2025-12-03 14:34:57,488 - INFO - Cache vide → récupération des horaires depuis la DB.
2025-12-03 14:34:57,534 - INFO - Horaires mis en cache (1 horaires).
2025-12-03 14:35:12,481 - INFO - Génération des séances pour le jour 2025-12-03 (weekday=2)
2025-12-03 14:35:12,482 - INFO - Cache vide → récupération des horaires depuis la DB.
2025-12-03 14:35:12,497 - INFO - Horaires mis en cache (1 horaires).
2025-12-03 14:35:27,487 - INFO - Génération des séances pour le jour 2025-12-03 (weekday=2)
2025-12-03 14:35:27,488 - INFO - Cache vide → récupération des horaires depuis la DB.
2025-12-03 14:35:27,534 - INFO - Horaires mis en cache (1 horaires).
2025-12-03 14:35:42,487 - INFO - Génération des séances pour le jour 2025-12-03 (weekday=2)
2025-12-03 14:35:42,488 - INFO - Cache vide → récupération des horaires depuis la DB.
2025-12-03 14:35:42,537 - INFO - Horaires mis en cache (1 horaires).
2025-12-03 14:35:57,482 - INFO - Génération des séances pour le jour 2025-12-03 (weekday=2)
2025-12-03 14:35:57,482 - INFO - Cache vide → récupération des horaires depuis la DB.
2025-12-03 14:35:57,496 - INFO - Horaires mis en cache (1 horaires).
2025-12-03 14:36:12,487 - INFO - Génération des séances pour le jour 2025-12-03 (weekday=2)
2025-12-03 14:36:12,489 - INFO - Cache vide → récupération des horaires depuis la DB.
2025-12-03 14:36:12,531 - INFO - Horaires mis en cache (1 horaires).
2025-12-03 14:36:27,485 - INFO - Génération des séances pour le jour 2025-12-03 (weekday=2)
2025-12-03 14:36:27,486 - INFO - Cache vide → récupération des horaires depuis la DB.
2025-12-03 14:36:27,504 - INFO - Horaires mis en cache (1 horaires).
2025-12-03 14:36:42,495 - INFO - Génération des séances pour le jour 2025-12-03 (weekday=2)
2025-12-03 14:36:42,497 - INFO - Cache vide → récupération des horaires depuis la DB.
2025-12-03 14:36:42,539 - INFO - Horaires mis en cache (1 horaires).
2025-12-03 14:36:57,488 - INFO - Génération des séances pour le jour 2025-12-03 (weekday=2)
2025-12-03 14:36:57,489 - INFO - Cache vide → récupération des horaires depuis la DB.
2025-12-03 14:36:57,536 - INFO - Horaires mis en cache (1 horaires).
2025-12-03 14:37:12,488 - INFO - Génération des séances pour le jour 2025-12-03 (weekday=2)
2025-12-03 14:37:12,489 - INFO - Cache vide → récupération des horaires depuis la DB.
2025-12-03 14:37:12,529 - INFO - Horaires mis en cache (1 horaires).
2025-12-03 14:37:27,484 - INFO - Génération des séances pour le jour 2025-12-03 (weekday=2)
2025-12-03 14:37:27,485 - INFO - Cache vide → récupération des horaires depuis la DB.
2025-12-03 14:37:27,510 - INFO - Horaires mis en cache (1 horaires).
2025-12-03 14:37:42,488 - INFO - Génération des séances pour le jour 2025-12-03 (weekday=2)
2025-12-03 14:37:42,490 - INFO - Cache vide → récupération des horaires depuis la DB.
2025-12-03 14:37:42,538 - INFO - Horaires mis en cache (1 horaires).
2025-12-03 14:37:57,485 - INFO - Génération des séances pour le jour 2025-12-03 (weekday=2)
2025-12-03 14:37:57,485 - INFO - Cache vide → récupération des horaires depuis la DB.
2025-12-03 14:37:57,503 - INFO - Horaires mis en cache (1 horaires).
2025-12-03 14:38:12,489 - INFO - Génération des séances pour le jour 2025-12-03 (weekday=2)
2025-12-03 14:38:12,490 - INFO - Cache vide → récupération des horaires depuis la DB.
2025-12-03 14:38:12,533 - INFO - Horaires mis en cache (1 horaires).
2025-12-03 14:38:27,489 - INFO - Génération des séances pour le jour 2025-12-03 (weekday=2)
2025-12-03 14:38:27,490 - INFO - Cache vide → récupération des horaires depuis la DB.
2025-12-03 14:38:27,536 - INFO - Horaires mis en cache (1 horaires).
2025-12-03 14:38:42,497 - INFO - Génération des séances pour le jour 2025-12-03 (weekday=2)
2025-12-03 14:38:42,498 - INFO - Cache vide → récupération des horaires depuis la DB.
2025-12-03 14:38:42,531 - INFO - Horaires mis en cache (1 horaires).
2025-12-03 14:38:57,483 - INFO - Génération des séances pour le jour 2025-12-03 (weekday=2)
2025-12-03 14:38:57,484 - INFO - Cache vide → récupération des horaires depuis la DB.
2025-12-03 14:38:57,497 - INFO - Horaires mis en cache (1 horaires).
2025-12-03 14:39:12,484 - INFO - Génération des séances pour le jour 2025-12-03 (weekday=2)
2025-12-03 14:39:12,485 - INFO - Cache vide → récupération des horaires depuis la DB.
2025-12-03 14:39:12,506 - INFO - Horaires mis en cache (1 horaires).
2025-12-03 14:39:27,484 - INFO - Génération des séances pour le jour 2025-12-03 (weekday=2)
2025-12-03 14:39:27,484 - INFO - Cache vide → récupération des horaires depuis la DB.
2025-12-03 14:39:27,498 - INFO - Horaires mis en cache (1 horaires).
2025-12-03 14:39:42,489 - INFO - Génération des séances pour le jour 2025-12-03 (weekday=2)
2025-12-03 14:39:42,491 - INFO - Cache vide → récupération des horaires depuis la DB.
2025-12-03 14:39:42,532 - INFO - Horaires mis en cache (1 horaires).
2025-12-03 14:39:57,484 - INFO - Génération des séances pour le jour 2025-12-03 (weekday=2)
2025-12-03 14:39:57,484 - INFO - Cache vide → récupération des horaires depuis la DB.
2025-12-03 14:39:57,499 - INFO - Horaires mis en cache (1 horaires).
2025-12-03 14:40:12,485 - INFO - Génération des séances pour le jour 2025-12-03 (weekday=2)
2025-12-03 14:40:12,486 - INFO - Cache vide → récupération des horaires depuis la DB.
2025-12-03 14:40:12,511 - INFO - Horaires mis en cache (1 horaires).
2025-12-03 14:40:27,489 - INFO - Génération des séances pour le jour 2025-12-03 (weekday=2)
2025-12-03 14:40:27,491 - INFO - Cache vide → récupération des horaires depuis la DB.
2025-12-03 14:40:27,535 - INFO - Horaires mis en cache (1 horaires).
2025-12-03 14:40:42,490 - INFO - Génération des séances pour le jour 2025-12-03 (weekday=2)
2025-12-03 14:40:42,493 - INFO - Cache vide → récupération des horaires depuis la DB.
2025-12-03 14:40:42,526 - INFO - Horaires mis en cache (1 horaires).
2025-12-03 14:40:57,490 - INFO - Génération des séances pour le jour 2025-12-03 (weekday=2)
2025-12-03 14:40:57,491 - INFO - Cache vide → récupération des horaires depuis la DB.
2025-12-03 14:40:57,537 - INFO - Horaires mis en cache (1 horaires).
2025-12-03 14:41:12,490 - INFO - Génération des séances pour le jour 2025-12-03 (weekday=2)
2025-12-03 14:41:12,491 - INFO - Cache vide → récupération des horaires depuis la DB.
2025-12-03 14:41:12,529 - INFO - Horaires mis en cache (1 horaires).
2025-12-03 14:41:27,490 - INFO - Génération des séances pour le jour 2025-12-03 (weekday=2)
2025-12-03 14:41:27,491 - INFO - Cache vide → récupération des horaires depuis la DB.
2025-12-03 14:41:27,534 - INFO - Horaires mis en cache (1 horaires).
2025-12-03 14:41:42,490 - INFO - Génération des séances pour le jour 2025-12-03 (weekday=2)
2025-12-03 14:41:42,491 - INFO - Cache vide → récupération des horaires depuis la DB.
2025-12-03 14:41:42,537 - INFO - Horaires mis en cache (1 horaires).
2025-12-03 14:41:57,490 - INFO - Génération des séances pour le jour 2025-12-03 (weekday=2)
2025-12-03 14:41:57,492 - INFO - Cache vide → récupération des horaires depuis la DB.
2025-12-03 14:41:57,531 - INFO - Horaires mis en cache (1 horaires).
2025-12-03 14:42:12,490 - INFO - Génération des séances pour le jour 2025-12-03 (weekday=2)
2025-12-03 14:42:12,492 - INFO - Cache vide → récupération des horaires depuis la DB.
2025-12-03 14:42:12,538 - INFO - Horaires mis en cache (1 horaires).
2025-12-03 14:42:27,498 - INFO - Génération des séances pour le jour 2025-12-03 (weekday=2)
2025-12-03 14:42:27,500 - INFO - Cache vide → récupération des horaires depuis la DB.
2025-12-03 14:42:27,542 - INFO - Horaires mis en cache (1 horaires).
2025-12-03 14:42:42,491 - INFO - Génération des séances pour le jour 2025-12-03 (weekday=2)
2025-12-03 14:42:42,493 - INFO - Cache vide → récupération des horaires depuis la DB.
2025-12-03 14:42:42,538 - INFO - Horaires mis en cache (1 horaires).
2025-12-03 14:42:57,490 - INFO - Génération des séances pour le jour 2025-12-03 (weekday=2)
2025-12-03 14:42:57,491 - INFO - Cache vide → récupération des horaires depuis la DB.
2025-12-03 14:42:57,529 - INFO - Horaires mis en cache (1 horaires).
2025-12-03 14:43:12,491 - INFO - Génération des séances pour le jour 2025-12-03 (weekday=2)
2025-12-03 14:43:12,493 - INFO - Cache vide → récupération des horaires depuis la DB.
2025-12-03 14:43:12,539 - INFO - Horaires mis en cache (1 horaires).
2025-12-03 14:43:27,491 - INFO - Génération des séances pour le jour 2025-12-03 (weekday=2)
2025-12-03 14:43:27,492 - INFO - Cache vide → récupération des horaires depuis la DB.
2025-12-03 14:43:27,535 - INFO - Horaires mis en cache (1 horaires).
2025-12-03 14:43:42,491 - INFO - Génération des séances pour le jour 2025-12-03 (weekday=2)
2025-12-03 14:43:42,493 - INFO - Cache vide → récupération des horaires depuis la DB.
2025-12-03 14:43:42,534 - INFO - Horaires mis en cache (1 horaires).
2025-12-03 14:43:57,488 - INFO - Génération des séances pour le jour 2025-12-03 (weekday=2)
2025-12-03 14:43:57,489 - INFO - Cache vide → récupération des horaires depuis la DB.
2025-12-03 14:43:57,515 - INFO - Horaires mis en cache (1 horaires).
2025-12-03 14:44:12,499 - INFO - Génération des séances pour le jour 2025-12-03 (weekday=2)
2025-12-03 14:44:12,501 - INFO - Cache vide → récupération des horaires depuis la DB.
2025-12-03 14:44:12,527 - INFO - Horaires mis en cache (1 horaires).
2025-12-03 14:44:27,492 - INFO - Génération des séances pour le jour 2025-12-03 (weekday=2)
2025-12-03 14:44:27,493 - INFO - Cache vide → récupération des horaires depuis la DB.
2025-12-03 14:44:27,534 - INFO - Horaires mis en cache (1 horaires).
2025-12-03 14:44:42,492 - INFO - Génération des séances pour le jour 2025-12-03 (weekday=2)
2025-12-03 14:44:42,493 - INFO - Cache vide → récupération des horaires depuis la DB.
2025-12-03 14:44:42,537 - INFO - Horaires mis en cache (1 horaires).
2025-12-03 14:44:57,493 - INFO - Génération des séances pour le jour 2025-12-03 (weekday=2)
2025-12-03 14:44:57,494 - INFO - Cache vide → récupération des horaires depuis la DB.
2025-12-03 14:44:57,536 - INFO - Horaires mis en cache (1 horaires).
2025-12-03 14:45:12,492 - INFO - Génération des séances pour le jour 2025-12-03 (weekday=2)
2025-12-03 14:45:12,494 - INFO - Cache vide → récupération des horaires depuis la DB.
2025-12-03 14:45:12,545 - INFO - Horaires mis en cache (1 horaires).
2025-12-03 14:45:27,492 - INFO - Génération des séances pour le jour 2025-12-03 (weekday=2)
2025-12-03 14:45:27,494 - INFO - Cache vide → récupération des horaires depuis la DB.
2025-12-03 14:45:27,543 - INFO - Horaires mis en cache (1 horaires).
2025-12-03 14:45:42,493 - INFO - Génération des séances pour le jour 2025-12-03 (weekday=2)
2025-12-03 14:45:42,494 - INFO - Cache vide → récupération des horaires depuis la DB.
2025-12-03 14:45:42,537 - INFO - Horaires mis en cache (1 horaires).
2025-12-03 14:45:57,487 - INFO - Génération des séances pour le jour 2025-12-03 (weekday=2)
2025-12-03 14:45:57,487 - INFO - Cache vide → récupération des horaires depuis la DB.
2025-12-03 14:45:57,499 - INFO - Horaires mis en cache (1 horaires).
2025-12-03 14:46:12,492 - INFO - Génération des séances pour le jour 2025-12-03 (weekday=2)
2025-12-03 14:46:12,493 - INFO - Cache vide → récupération des horaires depuis la DB.
2025-12-03 14:46:12,539 - INFO - Horaires mis en cache (1 horaires).
2025-12-03 14:46:27,487 - INFO - Génération des séances pour le jour 2025-12-03 (weekday=2)
2025-12-03 14:46:27,487 - INFO - Cache vide → récupération des horaires depuis la DB.
2025-12-03 14:46:27,503 - INFO - Horaires mis en cache (1 horaires).
2025-12-03 14:46:42,492 - INFO - Génération des séances pour le jour 2025-12-03 (weekday=2)
2025-12-03 14:46:42,493 - INFO - Cache vide → récupération des horaires depuis la DB.
2025-12-03 14:46:42,539 - INFO - Horaires mis en cache (1 horaires).
2025-12-03 14:46:57,492 - INFO - Génération des séances pour le jour 2025-12-03 (weekday=2)
2025-12-03 14:46:57,493 - INFO - Cache vide → récupération des horaires depuis la DB.
2025-12-03 14:46:57,533 - INFO - Horaires mis en cache (1 horaires).
2025-12-03 14:47:12,493 - INFO - Génération des séances pour le jour 2025-12-03 (weekday=2)
2025-12-03 14:47:12,494 - INFO - Cache vide → récupération des horaires depuis la DB.
2025-12-03 14:47:12,539 - INFO - Horaires mis en cache (1 horaires).
2025-12-03 14:47:27,493 - INFO - Génération des séances pour le jour 2025-12-03 (weekday=2)
2025-12-03 14:47:27,494 - INFO - Cache vide → récupération des horaires depuis la DB.
2025-12-03 14:47:27,539 - INFO - Horaires mis en cache (1 horaires).
2025-12-03 14:47:42,487 - INFO - Génération des séances pour le jour 2025-12-03 (weekday=2)
2025-12-03 14:47:42,488 - INFO - Cache vide → récupération des horaires depuis la DB.
2025-12-03 14:47:42,500 - INFO - Horaires mis en cache (1 horaires).
2025-12-03 14:47:57,493 - INFO - Génération des séances pour le jour 2025-12-03 (weekday=2)
2025-12-03 14:47:57,495 - INFO - Cache vide → récupération des horaires depuis la DB.
2025-12-03 14:47:57,532 - INFO - Horaires mis en cache (1 horaires).
2025-12-03 14:48:12,493 - INFO - Génération des séances pour le jour 2025-12-03 (weekday=2)
2025-12-03 14:48:12,494 - INFO - Cache vide → récupération des horaires depuis la DB.
2025-12-03 14:48:12,540 - INFO - Horaires mis en cache (1 horaires).
2025-12-03 14:48:27,494 - INFO - Génération des séances pour le jour 2025-12-03 (weekday=2)
2025-12-03 14:48:27,495 - INFO - Cache vide → récupération des horaires depuis la DB.
2025-12-03 14:48:27,533 - INFO - Horaires mis en cache (1 horaires).
2025-12-03 14:48:42,493 - INFO - Génération des séances pour le jour 2025-12-03 (weekday=2)
2025-12-03 14:48:42,495 - INFO - Cache vide → récupération des horaires depuis la DB.
2025-12-03 14:48:42,540 - INFO - Horaires mis en cache (1 horaires).
2025-12-03 14:48:57,493 - INFO - Génération des séances pour le jour 2025-12-03 (weekday=2)
2025-12-03 14:48:57,495 - INFO - Cache vide → récupération des horaires depuis la DB.
2025-12-03 14:48:57,540 - INFO - Horaires mis en cache (1 horaires).
2025-12-03 14:49:12,488 - INFO - Génération des séances pour le jour 2025-12-03 (weekday=2)
2025-12-03 14:49:12,488 - INFO - Cache vide → récupération des horaires depuis la DB.
2025-12-03 14:49:12,500 - INFO - Horaires mis en cache (1 horaires).
2025-12-03 14:49:27,494 - INFO - Génération des séances pour le jour 2025-12-03 (weekday=2)
2025-12-03 14:49:27,495 - INFO - Cache vide → récupération des horaires depuis la DB.
2025-12-03 14:49:27,541 - INFO - Horaires mis en cache (1 horaires).
2025-12-03 14:49:42,494 - INFO - Génération des séances pour le jour 2025-12-03 (weekday=2)
2025-12-03 14:49:42,495 - INFO - Cache vide → récupération des horaires depuis la DB.
2025-12-03 14:49:42,536 - INFO - Horaires mis en cache (1 horaires).
2025-12-03 14:49:57,488 - INFO - Génération des séances pour le jour 2025-12-03 (weekday=2)
2025-12-03 14:49:57,489 - INFO - Cache vide → récupération des horaires depuis la DB.
2025-12-03 14:49:57,499 - INFO - Horaires mis en cache (1 horaires).
2025-12-03 14:50:12,494 - INFO - Génération des séances pour le jour 2025-12-03 (weekday=2)
2025-12-03 14:50:12,495 - INFO - Cache vide → récupération des horaires depuis la DB.
2025-12-03 14:50:12,541 - INFO - Horaires mis en cache (1 horaires).
2025-12-03 14:50:27,488 - INFO - Génération des séances pour le jour 2025-12-03 (weekday=2)
2025-12-03 14:50:27,489 - INFO - Cache vide → récupération des horaires depuis la DB.
2025-12-03 14:50:27,499 - INFO - Horaires mis en cache (1 horaires).
2025-12-03 14:50:42,494 - INFO - Génération des séances pour le jour 2025-12-03 (weekday=2)
2025-12-03 14:50:42,496 - INFO - Cache vide → récupération des horaires depuis la DB.
2025-12-03 14:50:42,511 - INFO - Horaires mis en cache (1 horaires).
2025-12-03 14:50:57,494 - INFO - Génération des séances pour le jour 2025-12-03 (weekday=2)
2025-12-03 14:50:57,495 - INFO - Cache vide → récupération des horaires depuis la DB.
2025-12-03 14:50:57,538 - INFO - Horaires mis en cache (1 horaires).
2025-12-03 14:51:12,494 - INFO - Génération des séances pour le jour 2025-12-03 (weekday=2)
2025-12-03 14:51:12,496 - INFO - Cache vide → récupération des horaires depuis la DB.
2025-12-03 14:51:12,541 - INFO - Horaires mis en cache (1 horaires).
2025-12-03 14:51:27,495 - INFO - Génération des séances pour le jour 2025-12-03 (weekday=2)
2025-12-03 14:51:27,497 - INFO - Cache vide → récupération des horaires depuis la DB.
2025-12-03 14:51:27,536 - INFO - Horaires mis en cache (1 horaires).
2025-12-03 14:51:42,495 - INFO - Génération des séances pour le jour 2025-12-03 (weekday=2)
2025-12-03 14:51:42,497 - INFO - Cache vide → récupération des horaires depuis la DB.
2025-12-03 14:51:42,532 - INFO - Horaires mis en cache (1 horaires).
2025-12-03 14:51:57,496 - INFO - Génération des séances pour le jour 2025-12-03 (weekday=2)
2025-12-03 14:51:57,497 - INFO - Cache vide → récupération des horaires depuis la DB.
2025-12-03 14:51:57,538 - INFO - Horaires mis en cache (1 horaires).
2025-12-03 14:52:12,496 - INFO - Génération des séances pour le jour 2025-12-03 (weekday=2)
2025-12-03 14:52:12,498 - INFO - Cache vide → récupération des horaires depuis la DB.
2025-12-03 14:52:12,543 - INFO - Horaires mis en cache (1 horaires).
2025-12-03 14:52:27,495 - INFO - Génération des séances pour le jour 2025-12-03 (weekday=2)
2025-12-03 14:52:27,497 - INFO - Cache vide → récupération des horaires depuis la DB.
2025-12-03 14:52:27,537 - INFO - Horaires mis en cache (1 horaires).
2025-12-03 14:52:42,496 - INFO - Génération des séances pour le jour 2025-12-03 (weekday=2)
2025-12-03 14:52:42,498 - INFO - Cache vide → récupération des horaires depuis la DB.
2025-12-03 14:52:42,529 - INFO - Horaires mis en cache (1 horaires).
2025-12-03 14:52:57,490 - INFO - Génération des séances pour le jour 2025-12-03 (weekday=2)
2025-12-03 14:52:57,491 - INFO - Cache vide → récupération des horaires depuis la DB.
2025-12-03 14:52:57,504 - INFO - Horaires mis en cache (1 horaires).
2025-12-03 14:53:12,497 - INFO - Génération des séances pour le jour 2025-12-03 (weekday=2)
2025-12-03 14:53:12,498 - INFO - Cache vide → récupération des horaires depuis la DB.
2025-12-03 14:53:12,540 - INFO - Horaires mis en cache (1 horaires).
2025-12-03 14:53:27,497 - INFO - Génération des séances pour le jour 2025-12-03 (weekday=2)
2025-12-03 14:53:27,499 - INFO - Cache vide → récupération des horaires depuis la DB.
2025-12-03 14:53:27,541 - INFO - Horaires mis en cache (1 horaires).
2025-12-03 14:53:42,497 - INFO - Génération des séances pour le jour 2025-12-03 (weekday=2)
2025-12-03 14:53:42,498 - INFO - Cache vide → récupération des horaires depuis la DB.
2025-12-03 14:53:42,538 - INFO - Horaires mis en cache (1 horaires).
2025-12-03 14:53:57,497 - INFO - Génération des séances pour le jour 2025-12-03 (weekday=2)
2025-12-03 14:53:57,499 - INFO - Cache vide → récupération des horaires depuis la DB.
2025-12-03 14:53:57,543 - INFO - Horaires mis en cache (1 horaires).
2025-12-03 14:54:12,497 - INFO - Génération des séances pour le jour 2025-12-03 (weekday=2)
2025-12-03 14:54:12,499 - INFO - Cache vide → récupération des horaires depuis la DB.
2025-12-03 14:54:12,545 - INFO - Horaires mis en cache (1 horaires).
2025-12-03 14:54:27,497 - INFO - Génération des séances pour le jour 2025-12-03 (weekday=2)
2025-12-03 14:54:27,498 - INFO - Cache vide → récupération des horaires depuis la DB.
2025-12-03 14:54:27,543 - INFO - Horaires mis en cache (1 horaires).
2025-12-03 14:54:42,497 - INFO - Génération des séances pour le jour 2025-12-03 (weekday=2)
2025-12-03 14:54:42,498 - INFO - Cache vide → récupération des horaires depuis la DB.
2025-12-03 14:54:42,544 - INFO - Horaires mis en cache (1 horaires).
2025-12-03 14:54:57,497 - INFO - Génération des séances pour le jour 2025-12-03 (weekday=2)
2025-12-03 14:54:57,498 - INFO - Cache vide → récupération des horaires depuis la DB.
2025-12-03 14:54:57,544 - INFO - Horaires mis en cache (1 horaires).
2025-12-03 14:55:12,497 - INFO - Génération des séances pour le jour 2025-12-03 (weekday=2)
2025-12-03 14:55:12,498 - INFO - Cache vide → récupération des horaires depuis la DB.
2025-12-03 14:55:12,544 - INFO - Horaires mis en cache (1 horaires).
2025-12-03 14:55:27,492 - INFO - Génération des séances pour le jour 2025-12-03 (weekday=2)
2025-12-03 14:55:27,492 - INFO - Cache vide → récupération des horaires depuis la DB.
2025-12-03 14:55:27,509 - INFO - Horaires mis en cache (1 horaires).
2025-12-03 14:55:42,498 - INFO - Génération des séances pour le jour 2025-12-03 (weekday=2)
2025-12-03 14:55:42,499 - INFO - Cache vide → récupération des horaires depuis la DB.
2025-12-03 14:55:42,545 - INFO - Horaires mis en cache (1 horaires).
2025-12-03 14:55:57,497 - INFO - Génération des séances pour le jour 2025-12-03 (weekday=2)
2025-12-03 14:55:57,499 - INFO - Cache vide → récupération des horaires depuis la DB.
2025-12-03 14:55:57,540 - INFO - Horaires mis en cache (1 horaires).
2025-12-03 14:56:12,498 - INFO - Génération des séances pour le jour 2025-12-03 (weekday=2)
2025-12-03 14:56:12,499 - INFO - Cache vide → récupération des horaires depuis la DB.
2025-12-03 14:56:12,544 - INFO - Horaires mis en cache (1 horaires).
2025-12-03 14:56:27,498 - INFO - Génération des séances pour le jour 2025-12-03 (weekday=2)
2025-12-03 14:56:27,499 - INFO - Cache vide → récupération des horaires depuis la DB.
2025-12-03 14:56:27,539 - INFO - Horaires mis en cache (1 horaires).
2025-12-03 14:56:42,498 - INFO - Génération des séances pour le jour 2025-12-03 (weekday=2)
2025-12-03 14:56:42,499 - INFO - Cache vide → récupération des horaires depuis la DB.
2025-12-03 14:56:42,544 - INFO - Horaires mis en cache (1 horaires).
2025-12-03 14:56:57,498 - INFO - Génération des séances pour le jour 2025-12-03 (weekday=2)
2025-12-03 14:56:57,499 - INFO - Cache vide → récupération des horaires depuis la DB.
2025-12-03 14:56:57,545 - INFO - Horaires mis en cache (1 horaires).
2025-12-03 14:57:12,498 - INFO - Génération des séances pour le jour 2025-12-03 (weekday=2)
2025-12-03 14:57:12,499 - INFO - Cache vide → récupération des horaires depuis la DB.
2025-12-03 14:57:12,536 - INFO - Horaires mis en cache (1 horaires).
2025-12-03 14:57:27,498 - INFO - Génération des séances pour le jour 2025-12-03 (weekday=2)
2025-12-03 14:57:27,500 - INFO - Cache vide → récupération des horaires depuis la DB.
2025-12-03 14:57:27,545 - INFO - Horaires mis en cache (1 horaires).
2025-12-03 14:57:42,498 - INFO - Génération des séances pour le jour 2025-12-03 (weekday=2)
2025-12-03 14:57:42,500 - INFO - Cache vide → récupération des horaires depuis la DB.
2025-12-03 14:57:42,545 - INFO - Horaires mis en cache (1 horaires).
2025-12-03 14:57:57,498 - INFO - Génération des séances pour le jour 2025-12-03 (weekday=2)
2025-12-03 14:57:57,500 - INFO - Cache vide → récupération des horaires depuis la DB.
2025-12-03 14:57:57,545 - INFO - Horaires mis en cache (1 horaires).
2025-12-03 14:58:12,499 - INFO - Génération des séances pour le jour 2025-12-03 (weekday=2)
2025-12-03 14:58:12,500 - INFO - Cache vide → récupération des horaires depuis la DB.
2025-12-03 14:58:12,545 - INFO - Horaires mis en cache (1 horaires).
2025-12-03 14:58:27,500 - INFO - Génération des séances pour le jour 2025-12-03 (weekday=2)
2025-12-03 14:58:27,501 - INFO - Cache vide → récupération des horaires depuis la DB.
2025-12-03 14:58:27,547 - INFO - Horaires mis en cache (1 horaires).
2025-12-03 14:58:42,494 - INFO - Génération des séances pour le jour 2025-12-03 (weekday=2)
2025-12-03 14:58:42,494 - INFO - Cache vide → récupération des horaires depuis la DB.
2025-12-03 14:58:42,505 - INFO - Horaires mis en cache (1 horaires).
2025-12-03 14:58:57,499 - INFO - Génération des séances pour le jour 2025-12-03 (weekday=2)
2025-12-03 14:58:57,500 - INFO - Cache vide → récupération des horaires depuis la DB.
2025-12-03 14:58:57,541 - INFO - Horaires mis en cache (1 horaires).
2025-12-03 14:59:12,499 - INFO - Génération des séances pour le jour 2025-12-03 (weekday=2)
2025-12-03 14:59:12,500 - INFO - Cache vide → récupération des horaires depuis la DB.
2025-12-03 14:59:12,536 - INFO - Horaires mis en cache (1 horaires).
2025-12-03 14:59:27,494 - INFO - Génération des séances pour le jour 2025-12-03 (weekday=2)
2025-12-03 14:59:27,494 - INFO - Cache vide → récupération des horaires depuis la DB.
2025-12-03 14:59:27,508 - INFO - Horaires mis en cache (1 horaires).
2025-12-03 14:59:42,499 - INFO - Génération des séances pour le jour 2025-12-03 (weekday=2)
2025-12-03 14:59:42,501 - INFO - Cache vide → récupération des horaires depuis la DB.
2025-12-03 14:59:42,541 - INFO - Horaires mis en cache (1 horaires).
2025-12-03 14:59:57,500 - INFO - Génération des séances pour le jour 2025-12-03 (weekday=2)
2025-12-03 14:59:57,501 - INFO - Cache vide → récupération des horaires depuis la DB.
2025-12-03 14:59:57,546 - INFO - Horaires mis en cache (1 horaires).
2025-12-03 15:00:12,500 - INFO - Génération des séances pour le jour 2025-12-03 (weekday=2)
2025-12-03 15:00:12,501 - INFO - Cache vide → récupération des horaires depuis la DB.
2025-12-03 15:00:12,546 - INFO - Horaires mis en cache (1 horaires).
2025-12-03 15:00:27,500 - INFO - Génération des séances pour le jour 2025-12-03 (weekday=2)
2025-12-03 15:00:27,501 - INFO - Cache vide → récupération des horaires depuis la DB.
2025-12-03 15:00:27,547 - INFO - Horaires mis en cache (1 horaires).
2025-12-03 15:00:42,500 - INFO - Génération des séances pour le jour 2025-12-03 (weekday=2)
2025-12-03 15:00:42,501 - INFO - Cache vide → récupération des horaires depuis la DB.
2025-12-03 15:00:42,537 - INFO - Horaires mis en cache (1 horaires).
2025-12-03 15:00:57,494 - INFO - Génération des séances pour le jour 2025-12-03 (weekday=2)
2025-12-03 15:00:57,495 - INFO - Cache vide → récupération des horaires depuis la DB.
2025-12-03 15:00:57,506 - INFO - Horaires mis en cache (1 horaires).
2025-12-03 15:01:12,494 - INFO - Génération des séances pour le jour 2025-12-03 (weekday=2)
2025-12-03 15:01:12,495 - INFO - Cache vide → récupération des horaires depuis la DB.
2025-12-03 15:01:12,506 - INFO - Horaires mis en cache (1 horaires).
2025-12-03 15:01:27,500 - INFO - Génération des séances pour le jour 2025-12-03 (weekday=2)
2025-12-03 15:01:27,501 - INFO - Cache vide → récupération des horaires depuis la DB.
2025-12-03 15:01:27,542 - INFO - Horaires mis en cache (1 horaires).
2025-12-03 15:01:42,495 - INFO - Génération des séances pour le jour 2025-12-03 (weekday=2)
2025-12-03 15:01:42,495 - INFO - Cache vide → récupération des horaires depuis la DB.
2025-12-03 15:01:42,506 - INFO - Horaires mis en cache (1 horaires).
2025-12-03 15:01:57,500 - INFO - Génération des séances pour le jour 2025-12-03 (weekday=2)
2025-12-03 15:01:57,502 - INFO - Cache vide → récupération des horaires depuis la DB.
2025-12-03 15:01:57,547 - INFO - Horaires mis en cache (1 horaires).
2025-12-03 15:02:12,501 - INFO - Génération des séances pour le jour 2025-12-03 (weekday=2)
2025-12-03 15:02:12,502 - INFO - Cache vide → récupération des horaires depuis la DB.
2025-12-03 15:02:12,543 - INFO - Horaires mis en cache (1 horaires).
2025-12-03 15:02:27,501 - INFO - Génération des séances pour le jour 2025-12-03 (weekday=2)
2025-12-03 15:02:27,502 - INFO - Cache vide → récupération des horaires depuis la DB.
2025-12-03 15:02:27,548 - INFO - Horaires mis en cache (1 horaires).
2025-12-03 15:02:42,501 - INFO - Génération des séances pour le jour 2025-12-03 (weekday=2)
2025-12-03 15:02:42,502 - INFO - Cache vide → récupération des horaires depuis la DB.
2025-12-03 15:02:42,548 - INFO - Horaires mis en cache (1 horaires).
2025-12-03 15:02:57,501 - INFO - Génération des séances pour le jour 2025-12-03 (weekday=2)
2025-12-03 15:02:57,502 - INFO - Cache vide → récupération des horaires depuis la DB.
2025-12-03 15:02:57,547 - INFO - Horaires mis en cache (1 horaires).
2025-12-03 15:03:12,501 - INFO - Génération des séances pour le jour 2025-12-03 (weekday=2)
2025-12-03 15:03:12,502 - INFO - Cache vide → récupération des horaires depuis la DB.
2025-12-03 15:03:12,537 - INFO - Horaires mis en cache (1 horaires).
2025-12-03 15:03:27,502 - INFO - Génération des séances pour le jour 2025-12-03 (weekday=2)
2025-12-03 15:03:27,504 - INFO - Cache vide → récupération des horaires depuis la DB.
2025-12-03 15:03:27,554 - INFO - Horaires mis en cache (1 horaires).
2025-12-03 15:03:42,503 - INFO - Génération des séances pour le jour 2025-12-03 (weekday=2)
2025-12-03 15:03:42,504 - INFO - Cache vide → récupération des horaires depuis la DB.
2025-12-03 15:03:42,553 - INFO - Horaires mis en cache (1 horaires).
2025-12-03 15:03:57,497 - INFO - Génération des séances pour le jour 2025-12-03 (weekday=2)
2025-12-03 15:03:57,497 - INFO - Cache vide → récupération des horaires depuis la DB.
2025-12-03 15:03:57,513 - INFO - Horaires mis en cache (1 horaires).
2025-12-03 15:04:12,503 - INFO - Génération des séances pour le jour 2025-12-03 (weekday=2)
2025-12-03 15:04:12,512 - INFO - Cache vide → récupération des horaires depuis la DB.
2025-12-03 15:04:12,557 - INFO - Horaires mis en cache (1 horaires).
2025-12-03 15:04:27,499 - INFO - Génération des séances pour le jour 2025-12-03 (weekday=2)
2025-12-03 15:04:27,500 - INFO - Cache vide → récupération des horaires depuis la DB.
2025-12-03 15:04:27,522 - INFO - Horaires mis en cache (1 horaires).
2025-12-03 15:04:42,503 - INFO - Génération des séances pour le jour 2025-12-03 (weekday=2)
2025-12-03 15:04:42,504 - INFO - Cache vide → récupération des horaires depuis la DB.
2025-12-03 15:04:42,548 - INFO - Horaires mis en cache (1 horaires).
2025-12-03 15:04:57,499 - INFO - Génération des séances pour le jour 2025-12-03 (weekday=2)
2025-12-03 15:04:57,500 - INFO - Cache vide → récupération des horaires depuis la DB.
2025-12-03 15:04:57,528 - INFO - Horaires mis en cache (1 horaires).
2025-12-03 15:05:12,503 - INFO - Génération des séances pour le jour 2025-12-03 (weekday=2)
2025-12-03 15:05:12,504 - INFO - Cache vide → récupération des horaires depuis la DB.
2025-12-03 15:05:12,555 - INFO - Horaires mis en cache (1 horaires).
2025-12-03 15:05:27,497 - INFO - Génération des séances pour le jour 2025-12-03 (weekday=2)
2025-12-03 15:05:27,497 - INFO - Cache vide → récupération des horaires depuis la DB.
2025-12-03 15:05:27,508 - INFO - Horaires mis en cache (1 horaires).
2025-12-03 15:05:42,503 - INFO - Génération des séances pour le jour 2025-12-03 (weekday=2)
2025-12-03 15:05:42,505 - INFO - Cache vide → récupération des horaires depuis la DB.
2025-12-03 15:05:42,548 - INFO - Horaires mis en cache (1 horaires).
2025-12-03 15:05:57,502 - INFO - Génération des séances pour le jour 2025-12-03 (weekday=2)
2025-12-03 15:05:57,503 - INFO - Cache vide → récupération des horaires depuis la DB.
2025-12-03 15:05:57,535 - INFO - Horaires mis en cache (1 horaires).
2025-12-03 15:06:12,504 - INFO - Génération des séances pour le jour 2025-12-03 (weekday=2)
2025-12-03 15:06:12,505 - INFO - Cache vide → récupération des horaires depuis la DB.
2025-12-03 15:06:12,543 - INFO - Horaires mis en cache (1 horaires).
2025-12-03 15:06:27,504 - INFO - Génération des séances pour le jour 2025-12-03 (weekday=2)
2025-12-03 15:06:27,505 - INFO - Cache vide → récupération des horaires depuis la DB.
2025-12-03 15:06:27,554 - INFO - Horaires mis en cache (1 horaires).
2025-12-03 15:06:42,503 - INFO - Génération des séances pour le jour 2025-12-03 (weekday=2)
2025-12-03 15:06:42,504 - INFO - Cache vide → récupération des horaires depuis la DB.
2025-12-03 15:06:42,550 - INFO - Horaires mis en cache (1 horaires).
2025-12-03 15:06:57,498 - INFO - Génération des séances pour le jour 2025-12-03 (weekday=2)
2025-12-03 15:06:57,498 - INFO - Cache vide → récupération des horaires depuis la DB.
2025-12-03 15:06:57,510 - INFO - Horaires mis en cache (1 horaires).
2025-12-03 15:07:12,498 - INFO - Génération des séances pour le jour 2025-12-03 (weekday=2)
2025-12-03 15:07:12,498 - INFO - Cache vide → récupération des horaires depuis la DB.
2025-12-03 15:07:12,511 - INFO - Horaires mis en cache (1 horaires).
2025-12-03 15:07:27,503 - INFO - Génération des séances pour le jour 2025-12-03 (weekday=2)
2025-12-03 15:07:27,505 - INFO - Cache vide → récupération des horaires depuis la DB.
2025-12-03 15:07:27,550 - INFO - Horaires mis en cache (1 horaires).
2025-12-03 15:07:42,498 - INFO - Génération des séances pour le jour 2025-12-03 (weekday=2)
2025-12-03 15:07:42,498 - INFO - Cache vide → récupération des horaires depuis la DB.
2025-12-03 15:07:42,510 - INFO - Horaires mis en cache (1 horaires).
2025-12-03 15:07:57,498 - INFO - Génération des séances pour le jour 2025-12-03 (weekday=2)
2025-12-03 15:07:57,498 - INFO - Cache vide → récupération des horaires depuis la DB.
2025-12-03 15:07:57,509 - INFO - Horaires mis en cache (1 horaires).
2025-12-03 15:08:12,504 - INFO - Génération des séances pour le jour 2025-12-03 (weekday=2)
2025-12-03 15:08:12,505 - INFO - Cache vide → récupération des horaires depuis la DB.
2025-12-03 15:08:12,541 - INFO - Horaires mis en cache (1 horaires).
2025-12-03 15:08:27,503 - INFO - Génération des séances pour le jour 2025-12-03 (weekday=2)
2025-12-03 15:08:27,504 - INFO - Cache vide → récupération des horaires depuis la DB.
2025-12-03 15:08:27,539 - INFO - Horaires mis en cache (1 horaires).
2025-12-03 15:08:42,504 - INFO - Génération des séances pour le jour 2025-12-03 (weekday=2)
2025-12-03 15:08:42,505 - INFO - Cache vide → récupération des horaires depuis la DB.
2025-12-03 15:08:42,544 - INFO - Horaires mis en cache (1 horaires).
2025-12-03 15:08:57,503 - INFO - Génération des séances pour le jour 2025-12-03 (weekday=2)
2025-12-03 15:08:57,504 - INFO - Cache vide → récupération des horaires depuis la DB.
2025-12-03 15:08:57,539 - INFO - Horaires mis en cache (1 horaires).
2025-12-03 15:09:12,499 - INFO - Génération des séances pour le jour 2025-12-03 (weekday=2)
2025-12-03 15:09:12,499 - INFO - Cache vide → récupération des horaires depuis la DB.
2025-12-03 15:09:12,511 - INFO - Horaires mis en cache (1 horaires).
2025-12-03 15:09:27,504 - INFO - Génération des séances pour le jour 2025-12-03 (weekday=2)
2025-12-03 15:09:27,506 - INFO - Cache vide → récupération des horaires depuis la DB.
2025-12-03 15:09:27,551 - INFO - Horaires mis en cache (1 horaires).
2025-12-03 15:09:42,501 - INFO - Génération des séances pour le jour 2025-12-03 (weekday=2)
2025-12-03 15:09:42,501 - INFO - Cache vide → récupération des horaires depuis la DB.
2025-12-03 15:09:42,522 - INFO - Horaires mis en cache (1 horaires).
2025-12-03 15:09:57,501 - INFO - Génération des séances pour le jour 2025-12-03 (weekday=2)
2025-12-03 15:09:57,502 - INFO - Cache vide → récupération des horaires depuis la DB.
2025-12-03 15:09:57,525 - INFO - Horaires mis en cache (1 horaires).
2025-12-03 15:10:12,500 - INFO - Génération des séances pour le jour 2025-12-03 (weekday=2)
2025-12-03 15:10:12,501 - INFO - Cache vide → récupération des horaires depuis la DB.
2025-12-03 15:10:12,521 - INFO - Horaires mis en cache (1 horaires).
2025-12-03 15:10:27,504 - INFO - Génération des séances pour le jour 2025-12-03 (weekday=2)
2025-12-03 15:10:27,505 - INFO - Cache vide → récupération des horaires depuis la DB.
2025-12-03 15:10:27,548 - INFO - Horaires mis en cache (1 horaires).
2025-12-03 15:10:42,501 - INFO - Génération des séances pour le jour 2025-12-03 (weekday=2)
2025-12-03 15:10:42,502 - INFO - Cache vide → récupération des horaires depuis la DB.
2025-12-03 15:10:42,525 - INFO - Horaires mis en cache (1 horaires).
2025-12-03 15:10:57,501 - INFO - Génération des séances pour le jour 2025-12-03 (weekday=2)
2025-12-03 15:10:57,501 - INFO - Cache vide → récupération des horaires depuis la DB.
2025-12-03 15:10:57,520 - INFO - Horaires mis en cache (1 horaires).
2025-12-03 15:11:12,501 - INFO - Génération des séances pour le jour 2025-12-03 (weekday=2)
2025-12-03 15:11:12,501 - INFO - Cache vide → récupération des horaires depuis la DB.
2025-12-03 15:11:12,520 - INFO - Horaires mis en cache (1 horaires).
2025-12-03 15:11:27,499 - INFO - Génération des séances pour le jour 2025-12-03 (weekday=2)
2025-12-03 15:11:27,500 - INFO - Cache vide → récupération des horaires depuis la DB.
2025-12-03 15:11:27,511 - INFO - Horaires mis en cache (1 horaires).
2025-12-03 15:11:42,501 - INFO - Génération des séances pour le jour 2025-12-03 (weekday=2)
2025-12-03 15:11:42,501 - INFO - Cache vide → récupération des horaires depuis la DB.
2025-12-03 15:11:42,520 - INFO - Horaires mis en cache (1 horaires).
2025-12-03 15:11:57,502 - INFO - Génération des séances pour le jour 2025-12-03 (weekday=2)
2025-12-03 15:11:57,502 - INFO - Cache vide → récupération des horaires depuis la DB.
2025-12-03 15:11:57,526 - INFO - Horaires mis en cache (1 horaires).
2025-12-03 15:12:12,506 - INFO - Génération des séances pour le jour 2025-12-03 (weekday=2)
2025-12-03 15:12:12,508 - INFO - Cache vide → récupération des horaires depuis la DB.
2025-12-03 15:12:12,546 - INFO - Horaires mis en cache (1 horaires).
2025-12-03 15:12:27,500 - INFO - Génération des séances pour le jour 2025-12-03 (weekday=2)
2025-12-03 15:12:27,500 - INFO - Cache vide → récupération des horaires depuis la DB.
2025-12-03 15:12:27,511 - INFO - Horaires mis en cache (1 horaires).
2025-12-03 15:12:42,500 - INFO - Génération des séances pour le jour 2025-12-03 (weekday=2)
2025-12-03 15:12:42,500 - INFO - Cache vide → récupération des horaires depuis la DB.
2025-12-03 15:12:42,513 - INFO - Horaires mis en cache (1 horaires).
2025-12-03 15:12:57,500 - INFO - Génération des séances pour le jour 2025-12-03 (weekday=2)
2025-12-03 15:12:57,500 - INFO - Cache vide → récupération des horaires depuis la DB.
2025-12-03 15:12:57,513 - INFO - Horaires mis en cache (1 horaires).
2025-12-03 15:13:12,500 - INFO - Génération des séances pour le jour 2025-12-03 (weekday=2)
2025-12-03 15:13:12,501 - INFO - Cache vide → récupération des horaires depuis la DB.
2025-12-03 15:13:12,514 - INFO - Horaires mis en cache (1 horaires).
2025-12-03 15:13:27,500 - INFO - Génération des séances pour le jour 2025-12-03 (weekday=2)
2025-12-03 15:13:27,500 - INFO - Cache vide → récupération des horaires depuis la DB.
2025-12-03 15:13:27,513 - INFO - Horaires mis en cache (1 horaires).
2025-12-03 15:13:42,500 - INFO - Génération des séances pour le jour 2025-12-03 (weekday=2)
2025-12-03 15:13:42,500 - INFO - Cache vide → récupération des horaires depuis la DB.
2025-12-03 15:13:42,511 - INFO - Horaires mis en cache (1 horaires).
2025-12-03 15:13:57,501 - INFO - Génération des séances pour le jour 2025-12-03 (weekday=2)
2025-12-03 15:13:57,501 - INFO - Cache vide → récupération des horaires depuis la DB.
2025-12-03 15:13:57,515 - INFO - Horaires mis en cache (1 horaires).
2025-12-03 15:14:12,500 - INFO - Génération des séances pour le jour 2025-12-03 (weekday=2)
2025-12-03 15:14:12,501 - INFO - Cache vide → récupération des horaires depuis la DB.
2025-12-03 15:14:12,514 - INFO - Horaires mis en cache (1 horaires).
2025-12-03 15:14:27,500 - INFO - Génération des séances pour le jour 2025-12-03 (weekday=2)
2025-12-03 15:14:27,501 - INFO - Cache vide → récupération des horaires depuis la DB.
2025-12-03 15:14:27,514 - INFO - Horaires mis en cache (1 horaires).
2025-12-03 15:14:42,501 - INFO - Génération des séances pour le jour 2025-12-03 (weekday=2)
2025-12-03 15:14:42,503 - INFO - Cache vide → récupération des horaires depuis la DB.
2025-12-03 15:14:42,524 - INFO - Horaires mis en cache (1 horaires).
2025-12-03 15:14:57,501 - INFO - Génération des séances pour le jour 2025-12-03 (weekday=2)
2025-12-03 15:14:57,502 - INFO - Cache vide → récupération des horaires depuis la DB.
2025-12-03 15:14:57,525 - INFO - Horaires mis en cache (1 horaires).
2025-12-03 15:15:12,500 - INFO - Génération des séances pour le jour 2025-12-03 (weekday=2)
2025-12-03 15:15:12,500 - INFO - Cache vide → récupération des horaires depuis la DB.
2025-12-03 15:15:12,513 - INFO - Horaires mis en cache (1 horaires).
2025-12-03 15:15:27,500 - INFO - Génération des séances pour le jour 2025-12-03 (weekday=2)
2025-12-03 15:15:27,500 - INFO - Cache vide → récupération des horaires depuis la DB.
2025-12-03 15:15:27,512 - INFO - Horaires mis en cache (1 horaires).
2025-12-03 15:15:42,500 - INFO - Génération des séances pour le jour 2025-12-03 (weekday=2)
2025-12-03 15:15:42,501 - INFO - Cache vide → récupération des horaires depuis la DB.
2025-12-03 15:15:42,515 - INFO - Horaires mis en cache (1 horaires).
2025-12-03 15:15:57,501 - INFO - Génération des séances pour le jour 2025-12-03 (weekday=2)
2025-12-03 15:15:57,501 - INFO - Cache vide → récupération des horaires depuis la DB.
2025-12-03 15:15:57,515 - INFO - Horaires mis en cache (1 horaires).
2025-12-03 15:16:12,501 - INFO - Génération des séances pour le jour 2025-12-03 (weekday=2)
2025-12-03 15:16:12,501 - INFO - Cache vide → récupération des horaires depuis la DB.
2025-12-03 15:16:12,517 - INFO - Horaires mis en cache (1 horaires).
2025-12-03 15:16:27,500 - INFO - Génération des séances pour le jour 2025-12-03 (weekday=2)
2025-12-03 15:16:27,501 - INFO - Cache vide → récupération des horaires depuis la DB.
2025-12-03 15:16:27,512 - INFO - Horaires mis en cache (1 horaires).
2025-12-03 15:16:42,508 - INFO - Génération des séances pour le jour 2025-12-03 (weekday=2)
2025-12-03 15:16:42,509 - INFO - Cache vide → récupération des horaires depuis la DB.
2025-12-03 15:16:42,521 - INFO - Horaires mis en cache (1 horaires).
2025-12-03 15:16:57,508 - INFO - Génération des séances pour le jour 2025-12-03 (weekday=2)
2025-12-03 15:16:57,509 - INFO - Cache vide → récupération des horaires depuis la DB.
2025-12-03 15:16:57,524 - INFO - Horaires mis en cache (1 horaires).
2025-12-03 15:17:12,508 - INFO - Génération des séances pour le jour 2025-12-03 (weekday=2)
2025-12-03 15:17:12,509 - INFO - Cache vide → récupération des horaires depuis la DB.
2025-12-03 15:17:12,521 - INFO - Horaires mis en cache (1 horaires).
2025-12-03 15:17:27,501 - INFO - Génération des séances pour le jour 2025-12-03 (weekday=2)
2025-12-03 15:17:27,501 - INFO - Cache vide → récupération des horaires depuis la DB.
2025-12-03 15:17:27,514 - INFO - Horaires mis en cache (1 horaires).
2025-12-03 15:17:42,508 - INFO - Génération des séances pour le jour 2025-12-03 (weekday=2)
2025-12-03 15:17:42,509 - INFO - Cache vide → récupération des horaires depuis la DB.
2025-12-03 15:17:42,521 - INFO - Horaires mis en cache (1 horaires).
2025-12-03 15:17:57,508 - INFO - Génération des séances pour le jour 2025-12-03 (weekday=2)
2025-12-03 15:17:57,509 - INFO - Cache vide → récupération des horaires depuis la DB.
2025-12-03 15:17:57,532 - INFO - Horaires mis en cache (1 horaires).
2025-12-03 15:18:12,508 - INFO - Génération des séances pour le jour 2025-12-03 (weekday=2)
2025-12-03 15:18:12,509 - INFO - Cache vide → récupération des horaires depuis la DB.
2025-12-03 15:18:12,522 - INFO - Horaires mis en cache (1 horaires).
2025-12-03 15:18:27,509 - INFO - Génération des séances pour le jour 2025-12-03 (weekday=2)
2025-12-03 15:18:27,509 - INFO - Cache vide → récupération des horaires depuis la DB.
2025-12-03 15:18:27,522 - INFO - Horaires mis en cache (1 horaires).
2025-12-03 15:18:42,509 - INFO - Génération des séances pour le jour 2025-12-03 (weekday=2)
2025-12-03 15:18:42,509 - INFO - Cache vide → récupération des horaires depuis la DB.
2025-12-03 15:18:42,523 - INFO - Horaires mis en cache (1 horaires).
2025-12-03 15:18:57,501 - INFO - Génération des séances pour le jour 2025-12-03 (weekday=2)
2025-12-03 15:18:57,502 - INFO - Cache vide → récupération des horaires depuis la DB.
2025-12-03 15:18:57,515 - INFO - Horaires mis en cache (1 horaires).
2025-12-03 15:19:12,501 - INFO - Génération des séances pour le jour 2025-12-03 (weekday=2)
2025-12-03 15:19:12,501 - INFO - Cache vide → récupération des horaires depuis la DB.
2025-12-03 15:19:12,514 - INFO - Horaires mis en cache (1 horaires).
2025-12-03 15:19:27,509 - INFO - Génération des séances pour le jour 2025-12-03 (weekday=2)
2025-12-03 15:19:27,509 - INFO - Cache vide → récupération des horaires depuis la DB.
2025-12-03 15:19:27,522 - INFO - Horaires mis en cache (1 horaires).
2025-12-03 15:19:42,509 - INFO - Génération des séances pour le jour 2025-12-03 (weekday=2)
2025-12-03 15:19:42,509 - INFO - Cache vide → récupération des horaires depuis la DB.
2025-12-03 15:19:42,524 - INFO - Horaires mis en cache (1 horaires).
2025-12-03 15:19:57,509 - INFO - Génération des séances pour le jour 2025-12-03 (weekday=2)
2025-12-03 15:19:57,509 - INFO - Cache vide → récupération des horaires depuis la DB.
2025-12-03 15:19:57,523 - INFO - Horaires mis en cache (1 horaires).
2025-12-03 15:20:12,509 - INFO - Génération des séances pour le jour 2025-12-03 (weekday=2)
2025-12-03 15:20:12,510 - INFO - Cache vide → récupération des horaires depuis la DB.
2025-12-03 15:20:12,522 - INFO - Horaires mis en cache (1 horaires).
2025-12-03 15:20:27,509 - INFO - Génération des séances pour le jour 2025-12-03 (weekday=2)
2025-12-03 15:20:27,510 - INFO - Cache vide → récupération des horaires depuis la DB.
2025-12-03 15:20:27,524 - INFO - Horaires mis en cache (1 horaires).
2025-12-03 15:20:42,502 - INFO - Génération des séances pour le jour 2025-12-03 (weekday=2)
2025-12-03 15:20:42,503 - INFO - Cache vide → récupération des horaires depuis la DB.
2025-12-03 15:20:42,518 - INFO - Horaires mis en cache (1 horaires).
2025-12-03 15:20:57,502 - INFO - Génération des séances pour le jour 2025-12-03 (weekday=2)
2025-12-03 15:20:57,502 - INFO - Cache vide → récupération des horaires depuis la DB.
2025-12-03 15:20:57,516 - INFO - Horaires mis en cache (1 horaires).
2025-12-03 15:21:12,510 - INFO - Génération des séances pour le jour 2025-12-03 (weekday=2)
2025-12-03 15:21:12,510 - INFO - Cache vide → récupération des horaires depuis la DB.
2025-12-03 15:21:12,524 - INFO - Horaires mis en cache (1 horaires).
2025-12-03 15:21:27,502 - INFO - Génération des séances pour le jour 2025-12-03 (weekday=2)
2025-12-03 15:21:27,502 - INFO - Cache vide → récupération des horaires depuis la DB.
2025-12-03 15:21:27,516 - INFO - Horaires mis en cache (1 horaires).
2025-12-03 15:21:42,510 - INFO - Génération des séances pour le jour 2025-12-03 (weekday=2)
2025-12-03 15:21:42,510 - INFO - Cache vide → récupération des horaires depuis la DB.
2025-12-03 15:21:42,523 - INFO - Horaires mis en cache (1 horaires).
2025-12-03 15:21:57,510 - INFO - Génération des séances pour le jour 2025-12-03 (weekday=2)
2025-12-03 15:21:57,510 - INFO - Cache vide → récupération des horaires depuis la DB.
2025-12-03 15:21:57,524 - INFO - Horaires mis en cache (1 horaires).
2025-12-03 15:22:12,509 - INFO - Génération des séances pour le jour 2025-12-03 (weekday=2)
2025-12-03 15:22:12,510 - INFO - Cache vide → récupération des horaires depuis la DB.
2025-12-03 15:22:12,521 - INFO - Horaires mis en cache (1 horaires).
2025-12-03 15:22:27,506 - INFO - Génération des séances pour le jour 2025-12-03 (weekday=2)
2025-12-03 15:22:27,506 - INFO - Cache vide → récupération des horaires depuis la DB.
2025-12-03 15:22:27,518 - INFO - Horaires mis en cache (1 horaires).
2025-12-03 15:22:42,502 - INFO - Génération des séances pour le jour 2025-12-03 (weekday=2)
2025-12-03 15:22:42,502 - INFO - Cache vide → récupération des horaires depuis la DB.
2025-12-03 15:22:42,515 - INFO - Horaires mis en cache (1 horaires).
2025-12-03 15:22:57,502 - INFO - Génération des séances pour le jour 2025-12-03 (weekday=2)
2025-12-03 15:22:57,502 - INFO - Cache vide → récupération des horaires depuis la DB.
2025-12-03 15:22:57,513 - INFO - Horaires mis en cache (1 horaires).
2025-12-03 15:23:12,512 - INFO - Génération des séances pour le jour 2025-12-03 (weekday=2)
2025-12-03 15:23:12,513 - INFO - Cache vide → récupération des horaires depuis la DB.
2025-12-03 15:23:12,528 - INFO - Horaires mis en cache (1 horaires).
2025-12-03 15:23:27,510 - INFO - Génération des séances pour le jour 2025-12-03 (weekday=2)
2025-12-03 15:23:27,511 - INFO - Cache vide → récupération des horaires depuis la DB.
2025-12-03 15:23:27,525 - INFO - Horaires mis en cache (1 horaires).
2025-12-03 15:23:42,510 - INFO - Génération des séances pour le jour 2025-12-03 (weekday=2)
2025-12-03 15:23:42,511 - INFO - Cache vide → récupération des horaires depuis la DB.
2025-12-03 15:23:42,527 - INFO - Horaires mis en cache (1 horaires).
2025-12-03 15:23:57,509 - INFO - Génération des séances pour le jour 2025-12-03 (weekday=2)
2025-12-03 15:23:57,510 - INFO - Cache vide → récupération des horaires depuis la DB.
2025-12-03 15:23:57,521 - INFO - Horaires mis en cache (1 horaires).
2025-12-03 15:24:12,512 - INFO - Génération des séances pour le jour 2025-12-03 (weekday=2)
2025-12-03 15:24:12,512 - INFO - Cache vide → récupération des horaires depuis la DB.
2025-12-03 15:24:12,528 - INFO - Horaires mis en cache (1 horaires).
2025-12-03 15:24:27,511 - INFO - Génération des séances pour le jour 2025-12-03 (weekday=2)
2025-12-03 15:24:27,512 - INFO - Cache vide → récupération des horaires depuis la DB.
2025-12-03 15:24:27,527 - INFO - Horaires mis en cache (1 horaires).
2025-12-03 15:24:42,508 - INFO - Génération des séances pour le jour 2025-12-03 (weekday=2)
2025-12-03 15:24:42,509 - INFO - Cache vide → récupération des horaires depuis la DB.
2025-12-03 15:24:42,530 - INFO - Horaires mis en cache (1 horaires).
2025-12-03 15:24:57,508 - INFO - Génération des séances pour le jour 2025-12-03 (weekday=2)
2025-12-03 15:24:57,509 - INFO - Cache vide → récupération des horaires depuis la DB.
2025-12-03 15:24:57,530 - INFO - Horaires mis en cache (1 horaires).
2025-12-03 15:25:12,505 - INFO - Génération des séances pour le jour 2025-12-03 (weekday=2)
2025-12-03 15:25:12,507 - INFO - Cache vide → récupération des horaires depuis la DB.
2025-12-03 15:25:12,526 - INFO - Horaires mis en cache (1 horaires).
2025-12-03 15:25:27,512 - INFO - Génération des séances pour le jour 2025-12-03 (weekday=2)
2025-12-03 15:25:27,512 - INFO - Cache vide → récupération des horaires depuis la DB.
2025-12-03 15:25:27,533 - INFO - Horaires mis en cache (1 horaires).
2025-12-03 15:25:42,512 - INFO - Génération des séances pour le jour 2025-12-03 (weekday=2)
2025-12-03 15:25:42,512 - INFO - Cache vide → récupération des horaires depuis la DB.
2025-12-03 15:25:42,530 - INFO - Horaires mis en cache (1 horaires).
2025-12-03 15:25:57,511 - INFO - Génération des séances pour le jour 2025-12-03 (weekday=2)
2025-12-03 15:25:57,511 - INFO - Cache vide → récupération des horaires depuis la DB.
2025-12-03 15:25:57,525 - INFO - Horaires mis en cache (1 horaires).
2025-12-03 15:26:12,511 - INFO - Génération des séances pour le jour 2025-12-03 (weekday=2)
2025-12-03 15:26:12,512 - INFO - Cache vide → récupération des horaires depuis la DB.
2025-12-03 15:26:12,531 - INFO - Horaires mis en cache (1 horaires).
2025-12-03 15:26:27,511 - INFO - Génération des séances pour le jour 2025-12-03 (weekday=2)
2025-12-03 15:26:27,512 - INFO - Cache vide → récupération des horaires depuis la DB.
2025-12-03 15:26:27,530 - INFO - Horaires mis en cache (1 horaires).
2025-12-03 15:26:42,512 - INFO - Génération des séances pour le jour 2025-12-03 (weekday=2)
2025-12-03 15:26:42,512 - INFO - Cache vide → récupération des horaires depuis la DB.
2025-12-03 15:26:42,530 - INFO - Horaires mis en cache (1 horaires).
2025-12-03 15:26:57,512 - INFO - Génération des séances pour le jour 2025-12-03 (weekday=2)
2025-12-03 15:26:57,513 - INFO - Cache vide → récupération des horaires depuis la DB.
2025-12-03 15:26:57,529 - INFO - Horaires mis en cache (1 horaires).
2025-12-03 15:27:12,505 - INFO - Génération des séances pour le jour 2025-12-03 (weekday=2)
2025-12-03 15:27:12,506 - INFO - Cache vide → récupération des horaires depuis la DB.
2025-12-03 15:27:12,523 - INFO - Horaires mis en cache (1 horaires).
2025-12-03 15:27:27,503 - INFO - Génération des séances pour le jour 2025-12-03 (weekday=2)
2025-12-03 15:27:27,503 - INFO - Cache vide → récupération des horaires depuis la DB.
2025-12-03 15:27:27,515 - INFO - Horaires mis en cache (1 horaires).
2025-12-03 15:27:42,505 - INFO - Génération des séances pour le jour 2025-12-03 (weekday=2)
2025-12-03 15:27:42,506 - INFO - Cache vide → récupération des horaires depuis la DB.
2025-12-03 15:27:42,525 - INFO - Horaires mis en cache (1 horaires).
2025-12-03 15:27:57,512 - INFO - Génération des séances pour le jour 2025-12-03 (weekday=2)
2025-12-03 15:27:57,513 - INFO - Cache vide → récupération des horaires depuis la DB.
2025-12-03 15:27:57,532 - INFO - Horaires mis en cache (1 horaires).
2025-12-03 15:28:12,513 - INFO - Génération des séances pour le jour 2025-12-03 (weekday=2)
2025-12-03 15:28:12,513 - INFO - Cache vide → récupération des horaires depuis la DB.
2025-12-03 15:28:12,529 - INFO - Horaires mis en cache (1 horaires).
2025-12-03 15:28:27,513 - INFO - Génération des séances pour le jour 2025-12-03 (weekday=2)
2025-12-03 15:28:27,514 - INFO - Cache vide → récupération des horaires depuis la DB.
2025-12-03 15:28:27,535 - INFO - Horaires mis en cache (1 horaires).
2025-12-03 15:28:42,512 - INFO - Génération des séances pour le jour 2025-12-03 (weekday=2)
2025-12-03 15:28:42,513 - INFO - Cache vide → récupération des horaires depuis la DB.
2025-12-03 15:28:42,527 - INFO - Horaires mis en cache (1 horaires).
2025-12-03 15:28:57,512 - INFO - Génération des séances pour le jour 2025-12-03 (weekday=2)
2025-12-03 15:28:57,513 - INFO - Cache vide → récupération des horaires depuis la DB.
2025-12-03 15:28:57,532 - INFO - Horaires mis en cache (1 horaires).
2025-12-03 15:29:12,514 - INFO - Génération des séances pour le jour 2025-12-03 (weekday=2)
2025-12-03 15:29:12,514 - INFO - Cache vide → récupération des horaires depuis la DB.
2025-12-03 15:29:12,534 - INFO - Horaires mis en cache (1 horaires).
2025-12-03 15:29:27,517 - INFO - Génération des séances pour le jour 2025-12-03 (weekday=2)
2025-12-03 15:29:27,519 - INFO - Cache vide → récupération des horaires depuis la DB.
2025-12-03 15:29:27,546 - INFO - Horaires mis en cache (1 horaires).
2025-12-03 15:29:42,510 - INFO - Génération des séances pour le jour 2025-12-03 (weekday=2)
2025-12-03 15:29:42,511 - INFO - Cache vide → récupération des horaires depuis la DB.
2025-12-03 15:29:42,544 - INFO - Horaires mis en cache (1 horaires).
2025-12-03 15:29:57,510 - INFO - Génération des séances pour le jour 2025-12-03 (weekday=2)
2025-12-03 15:29:57,512 - INFO - Cache vide → récupération des horaires depuis la DB.
2025-12-03 15:29:57,545 - INFO - Horaires mis en cache (1 horaires).
2025-12-03 15:30:12,518 - INFO - Génération des séances pour le jour 2025-12-03 (weekday=2)
2025-12-03 15:30:12,519 - INFO - Cache vide → récupération des horaires depuis la DB.
2025-12-03 15:30:12,548 - INFO - Horaires mis en cache (1 horaires).
2025-12-03 15:30:27,519 - INFO - Génération des séances pour le jour 2025-12-03 (weekday=2)
2025-12-03 15:30:27,520 - INFO - Cache vide → récupération des horaires depuis la DB.
2025-12-03 15:30:27,552 - INFO - Horaires mis en cache (1 horaires).
2025-12-03 15:30:42,518 - INFO - Génération des séances pour le jour 2025-12-03 (weekday=2)
2025-12-03 15:30:42,519 - INFO - Cache vide → récupération des horaires depuis la DB.
2025-12-03 15:30:42,575 - INFO - Horaires mis en cache (1 horaires).
2025-12-03 15:30:57,507 - INFO - Génération des séances pour le jour 2025-12-03 (weekday=2)
2025-12-03 15:30:57,508 - INFO - Cache vide → récupération des horaires depuis la DB.
2025-12-03 15:30:57,535 - INFO - Horaires mis en cache (1 horaires).
2025-12-03 15:31:12,518 - INFO - Génération des séances pour le jour 2025-12-03 (weekday=2)
2025-12-03 15:31:12,520 - INFO - Cache vide → récupération des horaires depuis la DB.
2025-12-03 15:31:12,553 - INFO - Horaires mis en cache (1 horaires).
2025-12-03 15:31:27,506 - INFO - Génération des séances pour le jour 2025-12-03 (weekday=2)
2025-12-03 15:31:27,506 - INFO - Cache vide → récupération des horaires depuis la DB.
2025-12-03 15:31:27,527 - INFO - Horaires mis en cache (1 horaires).
2025-12-03 15:31:42,511 - INFO - Génération des séances pour le jour 2025-12-03 (weekday=2)
2025-12-03 15:31:42,512 - INFO - Cache vide → récupération des horaires depuis la DB.
2025-12-03 15:31:42,550 - INFO - Horaires mis en cache (1 horaires).
2025-12-03 15:31:57,519 - INFO - Génération des séances pour le jour 2025-12-03 (weekday=2)
2025-12-03 15:31:57,521 - INFO - Cache vide → récupération des horaires depuis la DB.
2025-12-03 15:31:57,557 - INFO - Horaires mis en cache (1 horaires).
2025-12-03 15:32:12,519 - INFO - Génération des séances pour le jour 2025-12-03 (weekday=2)
2025-12-03 15:32:12,521 - INFO - Cache vide → récupération des horaires depuis la DB.
2025-12-03 15:32:12,557 - INFO - Horaires mis en cache (1 horaires).
2025-12-03 15:32:27,516 - INFO - Génération des séances pour le jour 2025-12-03 (weekday=2)
2025-12-03 15:32:27,517 - INFO - Cache vide → récupération des horaires depuis la DB.
2025-12-03 15:32:27,547 - INFO - Horaires mis en cache (1 horaires).
2025-12-03 15:32:42,519 - INFO - Génération des séances pour le jour 2025-12-03 (weekday=2)
2025-12-03 15:32:42,521 - INFO - Cache vide → récupération des horaires depuis la DB.
2025-12-03 15:32:42,561 - INFO - Horaires mis en cache (1 horaires).
2025-12-03 15:32:57,515 - INFO - Génération des séances pour le jour 2025-12-03 (weekday=2)
2025-12-03 15:32:57,516 - INFO - Cache vide → récupération des horaires depuis la DB.
2025-12-03 15:32:57,538 - INFO - Horaires mis en cache (1 horaires).
2025-12-03 15:33:12,512 - INFO - Génération des séances pour le jour 2025-12-03 (weekday=2)
2025-12-03 15:33:12,513 - INFO - Cache vide → récupération des horaires depuis la DB.
2025-12-03 15:33:12,535 - INFO - Horaires mis en cache (1 horaires).
2025-12-03 15:33:27,511 - INFO - Génération des séances pour le jour 2025-12-03 (weekday=2)
2025-12-03 15:33:27,512 - INFO - Cache vide → récupération des horaires depuis la DB.
2025-12-03 15:33:27,557 - INFO - Horaires mis en cache (1 horaires).
2025-12-03 15:33:42,519 - INFO - Génération des séances pour le jour 2025-12-03 (weekday=2)
2025-12-03 15:33:42,521 - INFO - Cache vide → récupération des horaires depuis la DB.
2025-12-03 15:33:42,539 - INFO - Horaires mis en cache (1 horaires).
2025-12-03 15:33:57,513 - INFO - Génération des séances pour le jour 2025-12-03 (weekday=2)
2025-12-03 15:33:57,514 - INFO - Cache vide → récupération des horaires depuis la DB.
2025-12-03 15:33:57,525 - INFO - Horaires mis en cache (1 horaires).
2025-12-03 15:34:12,516 - INFO - Génération des séances pour le jour 2025-12-03 (weekday=2)
2025-12-03 15:34:12,517 - INFO - Cache vide → récupération des horaires depuis la DB.
2025-12-03 15:34:12,529 - INFO - Horaires mis en cache (1 horaires).
2025-12-03 15:34:27,514 - INFO - Génération des séances pour le jour 2025-12-03 (weekday=2)
2025-12-03 15:34:27,514 - INFO - Cache vide → récupération des horaires depuis la DB.
2025-12-03 15:34:27,526 - INFO - Horaires mis en cache (1 horaires).
2025-12-03 15:34:42,514 - INFO - Génération des séances pour le jour 2025-12-03 (weekday=2)
2025-12-03 15:34:42,514 - INFO - Cache vide → récupération des horaires depuis la DB.
2025-12-03 15:34:42,526 - INFO - Horaires mis en cache (1 horaires).
2025-12-03 15:34:57,512 - INFO - Génération des séances pour le jour 2025-12-03 (weekday=2)
2025-12-03 15:34:57,513 - INFO - Cache vide → récupération des horaires depuis la DB.
2025-12-03 15:34:57,559 - INFO - Horaires mis en cache (1 horaires).
2025-12-03 15:35:12,506 - INFO - Génération des séances pour le jour 2025-12-03 (weekday=2)
2025-12-03 15:35:12,507 - INFO - Cache vide → récupération des horaires depuis la DB.
2025-12-03 15:35:12,518 - INFO - Horaires mis en cache (1 horaires).
2025-12-03 15:35:27,506 - INFO - Génération des séances pour le jour 2025-12-03 (weekday=2)
2025-12-03 15:35:27,507 - INFO - Cache vide → récupération des horaires depuis la DB.
2025-12-03 15:35:27,517 - INFO - Horaires mis en cache (1 horaires).
2025-12-03 15:35:42,517 - INFO - Génération des séances pour le jour 2025-12-03 (weekday=2)
2025-12-03 15:35:42,519 - INFO - Cache vide → récupération des horaires depuis la DB.
2025-12-03 15:35:42,565 - INFO - Horaires mis en cache (1 horaires).
2025-12-03 15:35:57,520 - INFO - Génération des séances pour le jour 2025-12-03 (weekday=2)
2025-12-03 15:35:57,521 - INFO - Cache vide → récupération des horaires depuis la DB.
2025-12-03 15:35:57,567 - INFO - Horaires mis en cache (1 horaires).
2025-12-03 15:36:12,514 - INFO - Génération des séances pour le jour 2025-12-03 (weekday=2)
2025-12-03 15:36:12,515 - INFO - Cache vide → récupération des horaires depuis la DB.
2025-12-03 15:36:12,528 - INFO - Horaires mis en cache (1 horaires).
2025-12-03 15:36:27,514 - INFO - Génération des séances pour le jour 2025-12-03 (weekday=2)
2025-12-03 15:36:27,514 - INFO - Cache vide → récupération des horaires depuis la DB.
2025-12-03 15:36:27,526 - INFO - Horaires mis en cache (1 horaires).
2025-12-03 15:36:42,520 - INFO - Génération des séances pour le jour 2025-12-03 (weekday=2)
2025-12-03 15:36:42,521 - INFO - Cache vide → récupération des horaires depuis la DB.
2025-12-03 15:36:42,571 - INFO - Horaires mis en cache (1 horaires).
2025-12-03 15:36:57,507 - INFO - Génération des séances pour le jour 2025-12-03 (weekday=2)
2025-12-03 15:36:57,507 - INFO - Cache vide → récupération des horaires depuis la DB.
2025-12-03 15:36:57,519 - INFO - Horaires mis en cache (1 horaires).
2025-12-03 15:37:12,507 - INFO - Génération des séances pour le jour 2025-12-03 (weekday=2)
2025-12-03 15:37:12,507 - INFO - Cache vide → récupération des horaires depuis la DB.
2025-12-03 15:37:12,518 - INFO - Horaires mis en cache (1 horaires).
2025-12-03 15:37:27,514 - INFO - Génération des séances pour le jour 2025-12-03 (weekday=2)
2025-12-03 15:37:27,515 - INFO - Cache vide → récupération des horaires depuis la DB.
2025-12-03 15:37:27,526 - INFO - Horaires mis en cache (1 horaires).
2025-12-03 15:37:42,514 - INFO - Génération des séances pour le jour 2025-12-03 (weekday=2)
2025-12-03 15:37:42,515 - INFO - Cache vide → récupération des horaires depuis la DB.
2025-12-03 15:37:42,526 - INFO - Horaires mis en cache (1 horaires).
2025-12-03 15:37:57,514 - INFO - Génération des séances pour le jour 2025-12-03 (weekday=2)
2025-12-03 15:37:57,515 - INFO - Cache vide → récupération des horaires depuis la DB.
2025-12-03 15:37:57,527 - INFO - Horaires mis en cache (1 horaires).
2025-12-03 15:38:12,515 - INFO - Génération des séances pour le jour 2025-12-03 (weekday=2)
2025-12-03 15:38:12,515 - INFO - Cache vide → récupération des horaires depuis la DB.
2025-12-03 15:38:12,527 - INFO - Horaires mis en cache (1 horaires).
2025-12-03 15:38:27,520 - INFO - Génération des séances pour le jour 2025-12-03 (weekday=2)
2025-12-03 15:38:27,522 - INFO - Cache vide → récupération des horaires depuis la DB.
2025-12-03 15:38:27,568 - INFO - Horaires mis en cache (1 horaires).
2025-12-03 15:38:42,507 - INFO - Génération des séances pour le jour 2025-12-03 (weekday=2)
2025-12-03 15:38:42,507 - INFO - Cache vide → récupération des horaires depuis la DB.
2025-12-03 15:38:42,519 - INFO - Horaires mis en cache (1 horaires).
2025-12-03 15:38:57,507 - INFO - Génération des séances pour le jour 2025-12-03 (weekday=2)
2025-12-03 15:38:57,507 - INFO - Cache vide → récupération des horaires depuis la DB.
2025-12-03 15:38:57,518 - INFO - Horaires mis en cache (1 horaires).
2025-12-03 15:39:12,515 - INFO - Génération des séances pour le jour 2025-12-03 (weekday=2)
2025-12-03 15:39:12,515 - INFO - Cache vide → récupération des horaires depuis la DB.
2025-12-03 15:39:12,527 - INFO - Horaires mis en cache (1 horaires).
2025-12-03 15:39:27,515 - INFO - Génération des séances pour le jour 2025-12-03 (weekday=2)
2025-12-03 15:39:27,515 - INFO - Cache vide → récupération des horaires depuis la DB.
2025-12-03 15:39:27,527 - INFO - Horaires mis en cache (1 horaires).
2025-12-03 15:39:42,521 - INFO - Génération des séances pour le jour 2025-12-03 (weekday=2)
2025-12-03 15:39:42,522 - INFO - Cache vide → récupération des horaires depuis la DB.
2025-12-03 15:39:42,563 - INFO - Horaires mis en cache (1 horaires).
2025-12-03 15:39:57,515 - INFO - Génération des séances pour le jour 2025-12-03 (weekday=2)
2025-12-03 15:39:57,515 - INFO - Cache vide → récupération des horaires depuis la DB.
2025-12-03 15:39:57,527 - INFO - Horaires mis en cache (1 horaires).
2025-12-03 15:40:12,517 - INFO - Génération des séances pour le jour 2025-12-03 (weekday=2)
2025-12-03 15:40:12,517 - INFO - Cache vide → récupération des horaires depuis la DB.
2025-12-03 15:40:12,530 - INFO - Horaires mis en cache (1 horaires).
2025-12-03 15:40:27,507 - INFO - Génération des séances pour le jour 2025-12-03 (weekday=2)
2025-12-03 15:40:27,508 - INFO - Cache vide → récupération des horaires depuis la DB.
2025-12-03 15:40:27,519 - INFO - Horaires mis en cache (1 horaires).
2025-12-03 15:40:42,507 - INFO - Génération des séances pour le jour 2025-12-03 (weekday=2)
2025-12-03 15:40:42,508 - INFO - Cache vide → récupération des horaires depuis la DB.
2025-12-03 15:40:42,519 - INFO - Horaires mis en cache (1 horaires).
2025-12-03 15:40:57,515 - INFO - Génération des séances pour le jour 2025-12-03 (weekday=2)
2025-12-03 15:40:57,515 - INFO - Cache vide → récupération des horaires depuis la DB.
2025-12-03 15:40:57,528 - INFO - Horaires mis en cache (1 horaires).
2025-12-03 15:41:12,521 - INFO - Génération des séances pour le jour 2025-12-03 (weekday=2)
2025-12-03 15:41:12,522 - INFO - Cache vide → récupération des horaires depuis la DB.
2025-12-03 15:41:12,568 - INFO - Horaires mis en cache (1 horaires).
2025-12-03 15:41:27,522 - INFO - Génération des séances pour le jour 2025-12-03 (weekday=2)
2025-12-03 15:41:27,523 - INFO - Cache vide → récupération des horaires depuis la DB.
2025-12-03 15:41:27,570 - INFO - Horaires mis en cache (1 horaires).
2025-12-03 15:41:42,518 - INFO - Génération des séances pour le jour 2025-12-03 (weekday=2)
2025-12-03 15:41:42,518 - INFO - Cache vide → récupération des horaires depuis la DB.
2025-12-03 15:41:42,562 - INFO - Horaires mis en cache (1 horaires).
2025-12-03 15:41:57,521 - INFO - Génération des séances pour le jour 2025-12-03 (weekday=2)
2025-12-03 15:41:57,522 - INFO - Cache vide → récupération des horaires depuis la DB.
2025-12-03 15:41:57,568 - INFO - Horaires mis en cache (1 horaires).
2025-12-03 15:42:12,510 - INFO - Génération des séances pour le jour 2025-12-03 (weekday=2)
2025-12-03 15:42:12,511 - INFO - Cache vide → récupération des horaires depuis la DB.
2025-12-03 15:42:12,527 - INFO - Horaires mis en cache (1 horaires).
2025-12-03 15:42:27,508 - INFO - Génération des séances pour le jour 2025-12-03 (weekday=2)
2025-12-03 15:42:27,509 - INFO - Cache vide → récupération des horaires depuis la DB.
2025-12-03 15:42:27,520 - INFO - Horaires mis en cache (1 horaires).
2025-12-03 15:42:42,516 - INFO - Génération des séances pour le jour 2025-12-03 (weekday=2)
2025-12-03 15:42:42,516 - INFO - Cache vide → récupération des horaires depuis la DB.
2025-12-03 15:42:42,528 - INFO - Horaires mis en cache (1 horaires).
2025-12-03 15:42:57,522 - INFO - Génération des séances pour le jour 2025-12-03 (weekday=2)
2025-12-03 15:42:57,523 - INFO - Cache vide → récupération des horaires depuis la DB.
2025-12-03 15:42:57,568 - INFO - Horaires mis en cache (1 horaires).
2025-12-03 15:43:12,522 - INFO - Génération des séances pour le jour 2025-12-03 (weekday=2)
2025-12-03 15:43:12,523 - INFO - Cache vide → récupération des horaires depuis la DB.
2025-12-03 15:43:12,569 - INFO - Horaires mis en cache (1 horaires).
2025-12-03 15:43:27,516 - INFO - Génération des séances pour le jour 2025-12-03 (weekday=2)
2025-12-03 15:43:27,517 - INFO - Cache vide → récupération des horaires depuis la DB.
2025-12-03 15:43:27,529 - INFO - Horaires mis en cache (1 horaires).
2025-12-03 15:43:42,516 - INFO - Génération des séances pour le jour 2025-12-03 (weekday=2)
2025-12-03 15:43:42,517 - INFO - Cache vide → récupération des horaires depuis la DB.
2025-12-03 15:43:42,529 - INFO - Horaires mis en cache (1 horaires).
2025-12-03 15:43:57,509 - INFO - Génération des séances pour le jour 2025-12-03 (weekday=2)
2025-12-03 15:43:57,509 - INFO - Cache vide → récupération des horaires depuis la DB.
2025-12-03 15:43:57,520 - INFO - Horaires mis en cache (1 horaires).
2025-12-03 15:44:12,509 - INFO - Génération des séances pour le jour 2025-12-03 (weekday=2)
2025-12-03 15:44:12,509 - INFO - Cache vide → récupération des horaires depuis la DB.
2025-12-03 15:44:12,520 - INFO - Horaires mis en cache (1 horaires).
2025-12-03 15:44:27,509 - INFO - Génération des séances pour le jour 2025-12-03 (weekday=2)
2025-12-03 15:44:27,509 - INFO - Cache vide → récupération des horaires depuis la DB.
2025-12-03 15:44:27,521 - INFO - Horaires mis en cache (1 horaires).
2025-12-03 15:44:42,522 - INFO - Génération des séances pour le jour 2025-12-03 (weekday=2)
2025-12-03 15:44:42,523 - INFO - Cache vide → récupération des horaires depuis la DB.
2025-12-03 15:44:42,544 - INFO - Horaires mis en cache (1 horaires).
2025-12-03 15:44:57,517 - INFO - Génération des séances pour le jour 2025-12-03 (weekday=2)
2025-12-03 15:44:57,518 - INFO - Cache vide → récupération des horaires depuis la DB.
2025-12-03 15:44:57,531 - INFO - Horaires mis en cache (1 horaires).
2025-12-03 15:45:12,516 - INFO - Génération des séances pour le jour 2025-12-03 (weekday=2)
2025-12-03 15:45:12,517 - INFO - Cache vide → récupération des horaires depuis la DB.
2025-12-03 15:45:12,528 - INFO - Horaires mis en cache (1 horaires).
2025-12-03 15:45:27,517 - INFO - Génération des séances pour le jour 2025-12-03 (weekday=2)
2025-12-03 15:45:27,517 - INFO - Cache vide → récupération des horaires depuis la DB.
2025-12-03 15:45:27,529 - INFO - Horaires mis en cache (1 horaires).
2025-12-03 15:45:42,509 - INFO - Génération des séances pour le jour 2025-12-03 (weekday=2)
2025-12-03 15:45:42,509 - INFO - Cache vide → récupération des horaires depuis la DB.
2025-12-03 15:45:42,521 - INFO - Horaires mis en cache (1 horaires).
2025-12-03 15:45:57,515 - INFO - Génération des séances pour le jour 2025-12-03 (weekday=2)
2025-12-03 15:45:57,516 - INFO - Cache vide → récupération des horaires depuis la DB.
2025-12-03 15:45:57,537 - INFO - Horaires mis en cache (1 horaires).
2025-12-03 15:46:12,509 - INFO - Génération des séances pour le jour 2025-12-03 (weekday=2)
2025-12-03 15:46:12,510 - INFO - Cache vide → récupération des horaires depuis la DB.
2025-12-03 15:46:12,521 - INFO - Horaires mis en cache (1 horaires).
2025-12-03 15:46:27,517 - INFO - Génération des séances pour le jour 2025-12-03 (weekday=2)
2025-12-03 15:46:27,517 - INFO - Cache vide → récupération des horaires depuis la DB.
2025-12-03 15:46:27,529 - INFO - Horaires mis en cache (1 horaires).
2025-12-03 15:46:42,523 - INFO - Génération des séances pour le jour 2025-12-03 (weekday=2)
2025-12-03 15:46:42,524 - INFO - Cache vide → récupération des horaires depuis la DB.
2025-12-03 15:46:42,537 - INFO - Horaires mis en cache (1 horaires).
2025-12-03 15:46:57,523 - INFO - Génération des séances pour le jour 2025-12-03 (weekday=2)
2025-12-03 15:46:57,524 - INFO - Cache vide → récupération des horaires depuis la DB.
2025-12-03 15:46:57,569 - INFO - Horaires mis en cache (1 horaires).
2025-12-03 15:47:12,517 - INFO - Génération des séances pour le jour 2025-12-03 (weekday=2)
2025-12-03 15:47:12,518 - INFO - Cache vide → récupération des horaires depuis la DB.
2025-12-03 15:47:12,529 - INFO - Horaires mis en cache (1 horaires).
2025-12-03 15:47:27,510 - INFO - Génération des séances pour le jour 2025-12-03 (weekday=2)
2025-12-03 15:47:27,510 - INFO - Cache vide → récupération des horaires depuis la DB.
2025-12-03 15:47:27,522 - INFO - Horaires mis en cache (1 horaires).
2025-12-03 15:47:42,510 - INFO - Génération des séances pour le jour 2025-12-03 (weekday=2)
2025-12-03 15:47:42,510 - INFO - Cache vide → récupération des horaires depuis la DB.
2025-12-03 15:47:42,522 - INFO - Horaires mis en cache (1 horaires).
2025-12-03 15:47:57,510 - INFO - Génération des séances pour le jour 2025-12-03 (weekday=2)
2025-12-03 15:47:57,510 - INFO - Cache vide → récupération des horaires depuis la DB.
2025-12-03 15:47:57,522 - INFO - Horaires mis en cache (1 horaires).
2025-12-03 15:48:12,517 - INFO - Génération des séances pour le jour 2025-12-03 (weekday=2)
2025-12-03 15:48:12,518 - INFO - Cache vide → récupération des horaires depuis la DB.
2025-12-03 15:48:12,530 - INFO - Horaires mis en cache (1 horaires).
2025-12-03 15:48:27,517 - INFO - Génération des séances pour le jour 2025-12-03 (weekday=2)
2025-12-03 15:48:27,518 - INFO - Cache vide → récupération des horaires depuis la DB.
2025-12-03 15:48:27,531 - INFO - Horaires mis en cache (1 horaires).
2025-12-03 15:48:42,523 - INFO - Génération des séances pour le jour 2025-12-03 (weekday=2)
2025-12-03 15:48:42,525 - INFO - Cache vide → récupération des horaires depuis la DB.
2025-12-03 15:48:42,546 - INFO - Horaires mis en cache (1 horaires).
2025-12-03 15:48:57,523 - INFO - Génération des séances pour le jour 2025-12-03 (weekday=2)
2025-12-03 15:48:57,525 - INFO - Cache vide → récupération des horaires depuis la DB.
2025-12-03 15:48:57,545 - INFO - Horaires mis en cache (1 horaires).
2025-12-03 15:49:12,510 - INFO - Génération des séances pour le jour 2025-12-03 (weekday=2)
2025-12-03 15:49:12,511 - INFO - Cache vide → récupération des horaires depuis la DB.
2025-12-03 15:49:12,522 - INFO - Horaires mis en cache (1 horaires).
2025-12-03 15:49:27,517 - INFO - Génération des séances pour le jour 2025-12-03 (weekday=2)
2025-12-03 15:49:27,518 - INFO - Cache vide → récupération des horaires depuis la DB.
2025-12-03 15:49:27,529 - INFO - Horaires mis en cache (1 horaires).
2025-12-03 15:49:42,511 - INFO - Génération des séances pour le jour 2025-12-03 (weekday=2)
2025-12-03 15:49:42,511 - INFO - Cache vide → récupération des horaires depuis la DB.
2025-12-03 15:49:42,522 - INFO - Horaires mis en cache (1 horaires).
2025-12-03 15:49:57,524 - INFO - Génération des séances pour le jour 2025-12-03 (weekday=2)
2025-12-03 15:49:57,525 - INFO - Cache vide → récupération des horaires depuis la DB.
2025-12-03 15:49:57,571 - INFO - Horaires mis en cache (1 horaires).
2025-12-03 15:50:12,518 - INFO - Génération des séances pour le jour 2025-12-03 (weekday=2)
2025-12-03 15:50:12,519 - INFO - Cache vide → récupération des horaires depuis la DB.
2025-12-03 15:50:12,531 - INFO - Horaires mis en cache (1 horaires).
2025-12-03 15:50:27,518 - INFO - Génération des séances pour le jour 2025-12-03 (weekday=2)
2025-12-03 15:50:27,519 - INFO - Cache vide → récupération des horaires depuis la DB.
2025-12-03 15:50:27,532 - INFO - Horaires mis en cache (1 horaires).
2025-12-03 15:50:42,518 - INFO - Génération des séances pour le jour 2025-12-03 (weekday=2)
2025-12-03 15:50:42,519 - INFO - Cache vide → récupération des horaires depuis la DB.
2025-12-03 15:50:42,531 - INFO - Horaires mis en cache (1 horaires).
2025-12-03 15:50:57,511 - INFO - Génération des séances pour le jour 2025-12-03 (weekday=2)
2025-12-03 15:50:57,511 - INFO - Cache vide → récupération des horaires depuis la DB.
2025-12-03 15:50:57,523 - INFO - Horaires mis en cache (1 horaires).
2025-12-03 15:51:12,516 - INFO - Génération des séances pour le jour 2025-12-03 (weekday=2)
2025-12-03 15:51:12,517 - INFO - Cache vide → récupération des horaires depuis la DB.
2025-12-03 15:51:12,560 - INFO - Horaires mis en cache (1 horaires).
2025-12-03 15:51:27,516 - INFO - Génération des séances pour le jour 2025-12-03 (weekday=2)
2025-12-03 15:51:27,518 - INFO - Cache vide → récupération des horaires depuis la DB.
2025-12-03 15:51:27,563 - INFO - Horaires mis en cache (1 horaires).
2025-12-03 15:51:42,518 - INFO - Génération des séances pour le jour 2025-12-03 (weekday=2)
2025-12-03 15:51:42,519 - INFO - Cache vide → récupération des horaires depuis la DB.
2025-12-03 15:51:42,530 - INFO - Horaires mis en cache (1 horaires).
2025-12-03 15:51:57,519 - INFO - Génération des séances pour le jour 2025-12-03 (weekday=2)
2025-12-03 15:51:57,519 - INFO - Cache vide → récupération des horaires depuis la DB.
2025-12-03 15:51:57,530 - INFO - Horaires mis en cache (1 horaires).
2025-12-03 15:52:12,519 - INFO - Génération des séances pour le jour 2025-12-03 (weekday=2)
2025-12-03 15:52:12,519 - INFO - Cache vide → récupération des horaires depuis la DB.
2025-12-03 15:52:12,531 - INFO - Horaires mis en cache (1 horaires).
2025-12-03 15:52:27,519 - INFO - Génération des séances pour le jour 2025-12-03 (weekday=2)
2025-12-03 15:52:27,519 - INFO - Cache vide → récupération des horaires depuis la DB.
2025-12-03 15:52:27,531 - INFO - Horaires mis en cache (1 horaires).
2025-12-03 15:52:42,517 - INFO - Génération des séances pour le jour 2025-12-03 (weekday=2)
2025-12-03 15:52:42,518 - INFO - Cache vide → récupération des horaires depuis la DB.
2025-12-03 15:52:42,559 - INFO - Horaires mis en cache (1 horaires).
2025-12-03 15:52:57,511 - INFO - Génération des séances pour le jour 2025-12-03 (weekday=2)
2025-12-03 15:52:57,512 - INFO - Cache vide → récupération des horaires depuis la DB.
2025-12-03 15:52:57,523 - INFO - Horaires mis en cache (1 horaires).
2025-12-03 15:53:12,511 - INFO - Génération des séances pour le jour 2025-12-03 (weekday=2)
2025-12-03 15:53:12,512 - INFO - Cache vide → récupération des horaires depuis la DB.
2025-12-03 15:53:12,523 - INFO - Horaires mis en cache (1 horaires).
2025-12-03 15:53:27,525 - INFO - Génération des séances pour le jour 2025-12-03 (weekday=2)
2025-12-03 15:53:27,526 - INFO - Cache vide → récupération des horaires depuis la DB.
2025-12-03 15:53:27,572 - INFO - Horaires mis en cache (1 horaires).
2025-12-03 15:53:42,519 - INFO - Génération des séances pour le jour 2025-12-03 (weekday=2)
2025-12-03 15:53:42,519 - INFO - Cache vide → récupération des horaires depuis la DB.
2025-12-03 15:53:42,532 - INFO - Horaires mis en cache (1 horaires).
2025-12-03 15:53:57,519 - INFO - Génération des séances pour le jour 2025-12-03 (weekday=2)
2025-12-03 15:53:57,520 - INFO - Cache vide → récupération des horaires depuis la DB.
2025-12-03 15:53:57,531 - INFO - Horaires mis en cache (1 horaires).
2025-12-03 15:54:12,519 - INFO - Génération des séances pour le jour 2025-12-03 (weekday=2)
2025-12-03 15:54:12,519 - INFO - Cache vide → récupération des horaires depuis la DB.
2025-12-03 15:54:12,531 - INFO - Horaires mis en cache (1 horaires).
2025-12-03 15:54:27,512 - INFO - Génération des séances pour le jour 2025-12-03 (weekday=2)
2025-12-03 15:54:27,512 - INFO - Cache vide → récupération des horaires depuis la DB.
2025-12-03 15:54:27,523 - INFO - Horaires mis en cache (1 horaires).
2025-12-03 15:54:42,512 - INFO - Génération des séances pour le jour 2025-12-03 (weekday=2)
2025-12-03 15:54:42,512 - INFO - Cache vide → récupération des horaires depuis la DB.
2025-12-03 15:54:42,523 - INFO - Horaires mis en cache (1 horaires).
2025-12-03 15:54:57,512 - INFO - Génération des séances pour le jour 2025-12-03 (weekday=2)
2025-12-03 15:54:57,512 - INFO - Cache vide → récupération des horaires depuis la DB.
2025-12-03 15:54:57,523 - INFO - Horaires mis en cache (1 horaires).
2025-12-03 15:55:12,519 - INFO - Génération des séances pour le jour 2025-12-03 (weekday=2)
2025-12-03 15:55:12,520 - INFO - Cache vide → récupération des horaires depuis la DB.
2025-12-03 15:55:12,532 - INFO - Horaires mis en cache (1 horaires).
2025-12-03 15:55:27,519 - INFO - Génération des séances pour le jour 2025-12-03 (weekday=2)
2025-12-03 15:55:27,520 - INFO - Cache vide → récupération des horaires depuis la DB.
2025-12-03 15:55:27,532 - INFO - Horaires mis en cache (1 horaires).
2025-12-03 15:55:42,525 - INFO - Génération des séances pour le jour 2025-12-03 (weekday=2)
2025-12-03 15:55:42,526 - INFO - Cache vide → récupération des horaires depuis la DB.
2025-12-03 15:55:42,567 - INFO - Horaires mis en cache (1 horaires).
2025-12-03 15:55:57,525 - INFO - Génération des séances pour le jour 2025-12-03 (weekday=2)
2025-12-03 15:55:57,527 - INFO - Cache vide → récupération des horaires depuis la DB.
2025-12-03 15:55:57,569 - INFO - Horaires mis en cache (1 horaires).
2025-12-03 15:56:12,512 - INFO - Génération des séances pour le jour 2025-12-03 (weekday=2)
2025-12-03 15:56:12,513 - INFO - Cache vide → récupération des horaires depuis la DB.
2025-12-03 15:56:12,524 - INFO - Horaires mis en cache (1 horaires).
2025-12-03 15:56:27,512 - INFO - Génération des séances pour le jour 2025-12-03 (weekday=2)
2025-12-03 15:56:27,512 - INFO - Cache vide → récupération des horaires depuis la DB.
2025-12-03 15:56:27,523 - INFO - Horaires mis en cache (1 horaires).
2025-12-03 15:56:42,518 - INFO - Génération des séances pour le jour 2025-12-03 (weekday=2)
2025-12-03 15:56:42,519 - INFO - Cache vide → récupération des horaires depuis la DB.
2025-12-03 15:56:42,560 - INFO - Horaires mis en cache (1 horaires).
2025-12-03 15:56:57,520 - INFO - Génération des séances pour le jour 2025-12-03 (weekday=2)
2025-12-03 15:56:57,521 - INFO - Cache vide → récupération des horaires depuis la DB.
2025-12-03 15:56:57,533 - INFO - Horaires mis en cache (1 horaires).
2025-12-03 15:57:12,512 - INFO - Génération des séances pour le jour 2025-12-03 (weekday=2)
2025-12-03 15:57:12,513 - INFO - Cache vide → récupération des horaires depuis la DB.
2025-12-03 15:57:12,524 - INFO - Horaires mis en cache (1 horaires).
2025-12-03 15:57:27,520 - INFO - Génération des séances pour le jour 2025-12-03 (weekday=2)
2025-12-03 15:57:27,521 - INFO - Cache vide → récupération des horaires depuis la DB.
2025-12-03 15:57:27,532 - INFO - Horaires mis en cache (1 horaires).
2025-12-03 15:57:42,526 - INFO - Génération des séances pour le jour 2025-12-03 (weekday=2)
2025-12-03 15:57:42,527 - INFO - Cache vide → récupération des horaires depuis la DB.
2025-12-03 15:57:42,573 - INFO - Horaires mis en cache (1 horaires).
2025-12-03 15:57:57,526 - INFO - Génération des séances pour le jour 2025-12-03 (weekday=2)
2025-12-03 15:57:57,527 - INFO - Cache vide → récupération des horaires depuis la DB.
2025-12-03 15:57:57,572 - INFO - Horaires mis en cache (1 horaires).
2025-12-03 15:58:12,513 - INFO - Génération des séances pour le jour 2025-12-03 (weekday=2)
2025-12-03 15:58:12,513 - INFO - Cache vide → récupération des horaires depuis la DB.
2025-12-03 15:58:12,524 - INFO - Horaires mis en cache (1 horaires).
2025-12-03 15:58:27,513 - INFO - Génération des séances pour le jour 2025-12-03 (weekday=2)
2025-12-03 15:58:27,514 - INFO - Cache vide → récupération des horaires depuis la DB.
2025-12-03 15:58:27,527 - INFO - Horaires mis en cache (1 horaires).
2025-12-03 15:58:42,513 - INFO - Génération des séances pour le jour 2025-12-03 (weekday=2)
2025-12-03 15:58:42,513 - INFO - Cache vide → récupération des horaires depuis la DB.
2025-12-03 15:58:42,524 - INFO - Horaires mis en cache (1 horaires).
2025-12-03 15:58:57,526 - INFO - Génération des séances pour le jour 2025-12-03 (weekday=2)
2025-12-03 15:58:57,527 - INFO - Cache vide → récupération des horaires depuis la DB.
2025-12-03 15:58:57,565 - INFO - Horaires mis en cache (1 horaires).
2025-12-03 15:59:12,521 - INFO - Génération des séances pour le jour 2025-12-03 (weekday=2)
2025-12-03 15:59:12,521 - INFO - Cache vide → récupération des horaires depuis la DB.
2025-12-03 15:59:12,533 - INFO - Horaires mis en cache (1 horaires).
2025-12-03 15:59:27,526 - INFO - Génération des séances pour le jour 2025-12-03 (weekday=2)
2025-12-03 15:59:27,528 - INFO - Cache vide → récupération des horaires depuis la DB.
2025-12-03 15:59:27,574 - INFO - Horaires mis en cache (1 horaires).
2025-12-03 15:59:42,526 - INFO - Génération des séances pour le jour 2025-12-03 (weekday=2)
2025-12-03 15:59:42,528 - INFO - Cache vide → récupération des horaires depuis la DB.
2025-12-03 15:59:42,566 - INFO - Horaires mis en cache (1 horaires).
2025-12-03 15:59:57,514 - INFO - Génération des séances pour le jour 2025-12-03 (weekday=2)
2025-12-03 15:59:57,514 - INFO - Cache vide → récupération des horaires depuis la DB.
2025-12-03 15:59:57,525 - INFO - Horaires mis en cache (1 horaires).
2025-12-03 16:00:12,513 - INFO - Génération des séances pour le jour 2025-12-03 (weekday=2)
2025-12-03 16:00:12,514 - INFO - Cache vide → récupération des horaires depuis la DB.
2025-12-03 16:00:12,525 - INFO - Horaires mis en cache (1 horaires).
2025-12-03 16:00:27,513 - INFO - Génération des séances pour le jour 2025-12-03 (weekday=2)
2025-12-03 16:00:27,514 - INFO - Cache vide → récupération des horaires depuis la DB.
2025-12-03 16:00:27,525 - INFO - Horaires mis en cache (1 horaires).
2025-12-03 16:00:42,521 - INFO - Génération des séances pour le jour 2025-12-03 (weekday=2)
2025-12-03 16:00:42,521 - INFO - Cache vide → récupération des horaires depuis la DB.
2025-12-03 16:00:42,533 - INFO - Horaires mis en cache (1 horaires).
2025-12-03 16:00:57,521 - INFO - Génération des séances pour le jour 2025-12-03 (weekday=2)
2025-12-03 16:00:57,522 - INFO - Cache vide → récupération des horaires depuis la DB.
2025-12-03 16:00:57,533 - INFO - Horaires mis en cache (1 horaires).
2025-12-03 16:01:12,521 - INFO - Génération des séances pour le jour 2025-12-03 (weekday=2)
2025-12-03 16:01:12,522 - INFO - Cache vide → récupération des horaires depuis la DB.
2025-12-03 16:01:12,534 - INFO - Horaires mis en cache (1 horaires).
2025-12-03 16:01:27,527 - INFO - Génération des séances pour le jour 2025-12-03 (weekday=2)
2025-12-03 16:01:27,528 - INFO - Cache vide → récupération des horaires depuis la DB.
2025-12-03 16:01:27,573 - INFO - Horaires mis en cache (1 horaires).
2025-12-03 16:01:42,514 - INFO - Génération des séances pour le jour 2025-12-03 (weekday=2)
2025-12-03 16:01:42,514 - INFO - Cache vide → récupération des horaires depuis la DB.
2025-12-03 16:01:42,526 - INFO - Horaires mis en cache (1 horaires).
2025-12-03 16:01:57,514 - INFO - Génération des séances pour le jour 2025-12-03 (weekday=2)
2025-12-03 16:01:57,514 - INFO - Cache vide → récupération des horaires depuis la DB.
2025-12-03 16:01:57,525 - INFO - Horaires mis en cache (1 horaires).
2025-12-03 16:02:12,514 - INFO - Génération des séances pour le jour 2025-12-03 (weekday=2)
2025-12-03 16:02:12,514 - INFO - Cache vide → récupération des horaires depuis la DB.
2025-12-03 16:02:12,525 - INFO - Horaires mis en cache (1 horaires).
2025-12-03 16:02:27,522 - INFO - Génération des séances pour le jour 2025-12-03 (weekday=2)
2025-12-03 16:02:27,522 - INFO - Cache vide → récupération des horaires depuis la DB.
2025-12-03 16:02:27,534 - INFO - Horaires mis en cache (1 horaires).
2025-12-03 16:02:42,522 - INFO - Génération des séances pour le jour 2025-12-03 (weekday=2)
2025-12-03 16:02:42,522 - INFO - Cache vide → récupération des horaires depuis la DB.
2025-12-03 16:02:42,533 - INFO - Horaires mis en cache (1 horaires).
2025-12-03 16:02:57,527 - INFO - Génération des séances pour le jour 2025-12-03 (weekday=2)
2025-12-03 16:02:57,528 - INFO - Cache vide → récupération des horaires depuis la DB.
2025-12-03 16:02:57,574 - INFO - Horaires mis en cache (1 horaires).
2025-12-03 16:03:12,522 - INFO - Génération des séances pour le jour 2025-12-03 (weekday=2)
2025-12-03 16:03:12,522 - INFO - Cache vide → récupération des horaires depuis la DB.
2025-12-03 16:03:12,534 - INFO - Horaires mis en cache (1 horaires).
2025-12-03 16:03:27,520 - INFO - Génération des séances pour le jour 2025-12-03 (weekday=2)
2025-12-03 16:03:27,521 - INFO - Cache vide → récupération des horaires depuis la DB.
2025-12-03 16:03:27,563 - INFO - Horaires mis en cache (1 horaires).
2025-12-03 16:03:42,514 - INFO - Génération des séances pour le jour 2025-12-03 (weekday=2)
2025-12-03 16:03:42,515 - INFO - Cache vide → récupération des horaires depuis la DB.
2025-12-03 16:03:42,526 - INFO - Horaires mis en cache (1 horaires).
2025-12-03 16:03:57,514 - INFO - Génération des séances pour le jour 2025-12-03 (weekday=2)
2025-12-03 16:03:57,514 - INFO - Cache vide → récupération des horaires depuis la DB.
2025-12-03 16:03:57,526 - INFO - Horaires mis en cache (1 horaires).
2025-12-03 16:04:12,528 - INFO - Génération des séances pour le jour 2025-12-03 (weekday=2)
2025-12-03 16:04:12,529 - INFO - Cache vide → récupération des horaires depuis la DB.
2025-12-03 16:04:12,570 - INFO - Horaires mis en cache (1 horaires).
2025-12-03 16:04:27,522 - INFO - Génération des séances pour le jour 2025-12-03 (weekday=2)
2025-12-03 16:04:27,522 - INFO - Cache vide → récupération des horaires depuis la DB.
2025-12-03 16:04:27,534 - INFO - Horaires mis en cache (1 horaires).
2025-12-03 16:04:42,522 - INFO - Génération des séances pour le jour 2025-12-03 (weekday=2)
2025-12-03 16:04:42,523 - INFO - Cache vide → récupération des horaires depuis la DB.
2025-12-03 16:04:42,535 - INFO - Horaires mis en cache (1 horaires).
2025-12-03 16:04:57,522 - INFO - Génération des séances pour le jour 2025-12-03 (weekday=2)
2025-12-03 16:04:57,522 - INFO - Cache vide → récupération des horaires depuis la DB.
2025-12-03 16:04:57,535 - INFO - Horaires mis en cache (1 horaires).
2025-12-03 16:05:12,515 - INFO - Génération des séances pour le jour 2025-12-03 (weekday=2)
2025-12-03 16:05:12,515 - INFO - Cache vide → récupération des horaires depuis la DB.
2025-12-03 16:05:12,526 - INFO - Horaires mis en cache (1 horaires).
2025-12-03 16:05:27,520 - INFO - Génération des séances pour le jour 2025-12-03 (weekday=2)
2025-12-03 16:05:27,521 - INFO - Cache vide → récupération des horaires depuis la DB.
2025-12-03 16:05:27,567 - INFO - Horaires mis en cache (1 horaires).
2025-12-03 16:05:42,515 - INFO - Génération des séances pour le jour 2025-12-03 (weekday=2)
2025-12-03 16:05:42,515 - INFO - Cache vide → récupération des horaires depuis la DB.
2025-12-03 16:05:42,527 - INFO - Horaires mis en cache (1 horaires).
2025-12-03 16:05:57,515 - INFO - Génération des séances pour le jour 2025-12-03 (weekday=2)
2025-12-03 16:05:57,515 - INFO - Cache vide → récupération des horaires depuis la DB.
2025-12-03 16:05:57,526 - INFO - Horaires mis en cache (1 horaires).
2025-12-03 16:06:12,522 - INFO - Génération des séances pour le jour 2025-12-03 (weekday=2)
2025-12-03 16:06:12,523 - INFO - Cache vide → récupération des horaires depuis la DB.
2025-12-03 16:06:12,535 - INFO - Horaires mis en cache (1 horaires).
2025-12-03 16:06:27,522 - INFO - Génération des séances pour le jour 2025-12-03 (weekday=2)
2025-12-03 16:06:27,523 - INFO - Cache vide → récupération des horaires depuis la DB.
2025-12-03 16:06:27,535 - INFO - Horaires mis en cache (1 horaires).
2025-12-03 16:06:42,526 - INFO - Génération des séances pour le jour 2025-12-03 (weekday=2)
2025-12-03 16:06:42,527 - INFO - Cache vide → récupération des horaires depuis la DB.
2025-12-03 16:06:42,573 - INFO - Horaires mis en cache (1 horaires).
2025-12-03 16:06:57,523 - INFO - Génération des séances pour le jour 2025-12-03 (weekday=2)
2025-12-03 16:06:57,523 - INFO - Cache vide → récupération des horaires depuis la DB.
2025-12-03 16:06:57,536 - INFO - Horaires mis en cache (1 horaires).
2025-12-03 16:07:12,515 - INFO - Génération des séances pour le jour 2025-12-03 (weekday=2)
2025-12-03 16:07:12,516 - INFO - Cache vide → récupération des horaires depuis la DB.
2025-12-03 16:07:12,527 - INFO - Horaires mis en cache (1 horaires).
2025-12-03 16:07:27,515 - INFO - Génération des séances pour le jour 2025-12-03 (weekday=2)
2025-12-03 16:07:27,515 - INFO - Cache vide → récupération des horaires depuis la DB.
2025-12-03 16:07:27,527 - INFO - Horaires mis en cache (1 horaires).
2025-12-03 16:07:42,515 - INFO - Génération des séances pour le jour 2025-12-03 (weekday=2)
2025-12-03 16:07:42,515 - INFO - Cache vide → récupération des horaires depuis la DB.
2025-12-03 16:07:42,526 - INFO - Horaires mis en cache (1 horaires).
2025-12-03 16:07:57,523 - INFO - Génération des séances pour le jour 2025-12-03 (weekday=2)
2025-12-03 16:07:57,523 - INFO - Cache vide → récupération des horaires depuis la DB.
2025-12-03 16:07:57,536 - INFO - Horaires mis en cache (1 horaires).
2025-12-03 16:08:12,528 - INFO - Génération des séances pour le jour 2025-12-03 (weekday=2)
2025-12-03 16:08:12,530 - INFO - Cache vide → récupération des horaires depuis la DB.
2025-12-03 16:08:12,576 - INFO - Horaires mis en cache (1 horaires).
2025-12-03 16:08:27,523 - INFO - Génération des séances pour le jour 2025-12-03 (weekday=2)
2025-12-03 16:08:27,523 - INFO - Cache vide → récupération des horaires depuis la DB.
2025-12-03 16:08:27,535 - INFO - Horaires mis en cache (1 horaires).
2025-12-03 16:08:42,523 - INFO - Génération des séances pour le jour 2025-12-03 (weekday=2)
2025-12-03 16:08:42,523 - INFO - Cache vide → récupération des horaires depuis la DB.
2025-12-03 16:08:42,534 - INFO - Horaires mis en cache (1 horaires).
2025-12-03 16:08:57,515 - INFO - Génération des séances pour le jour 2025-12-03 (weekday=2)
2025-12-03 16:08:57,516 - INFO - Cache vide → récupération des horaires depuis la DB.
2025-12-03 16:08:57,527 - INFO - Horaires mis en cache (1 horaires).
2025-12-03 16:09:12,515 - INFO - Génération des séances pour le jour 2025-12-03 (weekday=2)
2025-12-03 16:09:12,516 - INFO - Cache vide → récupération des horaires depuis la DB.
2025-12-03 16:09:12,526 - INFO - Horaires mis en cache (1 horaires).
2025-12-03 16:09:27,515 - INFO - Génération des séances pour le jour 2025-12-03 (weekday=2)
2025-12-03 16:09:27,516 - INFO - Cache vide → récupération des horaires depuis la DB.
2025-12-03 16:09:27,527 - INFO - Horaires mis en cache (1 horaires).
2025-12-03 16:09:42,521 - INFO - Génération des séances pour le jour 2025-12-03 (weekday=2)
2025-12-03 16:09:42,522 - INFO - Cache vide → récupération des horaires depuis la DB.
2025-12-03 16:09:42,537 - INFO - Horaires mis en cache (1 horaires).
2025-12-03 16:09:57,523 - INFO - Génération des séances pour le jour 2025-12-03 (weekday=2)
2025-12-03 16:09:57,523 - INFO - Cache vide → récupération des horaires depuis la DB.
2025-12-03 16:09:57,535 - INFO - Horaires mis en cache (1 horaires).
2025-12-03 16:10:12,523 - INFO - Génération des séances pour le jour 2025-12-03 (weekday=2)
2025-12-03 16:10:12,523 - INFO - Cache vide → récupération des horaires depuis la DB.
2025-12-03 16:10:12,535 - INFO - Horaires mis en cache (1 horaires).
2025-12-03 16:10:27,523 - INFO - Génération des séances pour le jour 2025-12-03 (weekday=2)
2025-12-03 16:10:27,524 - INFO - Cache vide → récupération des horaires depuis la DB.
2025-12-03 16:10:27,536 - INFO - Horaires mis en cache (1 horaires).
2025-12-03 16:10:42,523 - INFO - Génération des séances pour le jour 2025-12-03 (weekday=2)
2025-12-03 16:10:42,524 - INFO - Cache vide → récupération des horaires depuis la DB.
2025-12-03 16:10:42,536 - INFO - Horaires mis en cache (1 horaires).
2025-12-03 16:10:57,521 - INFO - Génération des séances pour le jour 2025-12-03 (weekday=2)
2025-12-03 16:10:57,523 - INFO - Cache vide → récupération des horaires depuis la DB.
2025-12-03 16:10:57,565 - INFO - Horaires mis en cache (1 horaires).
2025-12-03 16:11:12,516 - INFO - Génération des séances pour le jour 2025-12-03 (weekday=2)
2025-12-03 16:11:12,516 - INFO - Cache vide → récupération des horaires depuis la DB.
2025-12-03 16:11:12,527 - INFO - Horaires mis en cache (1 horaires).
2025-12-03 16:11:27,522 - INFO - Génération des séances pour le jour 2025-12-03 (weekday=2)
2025-12-03 16:11:27,523 - INFO - Cache vide → récupération des horaires depuis la DB.
2025-12-03 16:11:27,569 - INFO - Horaires mis en cache (1 horaires).
2025-12-03 16:11:42,523 - INFO - Génération des séances pour le jour 2025-12-03 (weekday=2)
2025-12-03 16:11:42,524 - INFO - Cache vide → récupération des horaires depuis la DB.
2025-12-03 16:11:42,536 - INFO - Horaires mis en cache (1 horaires).
2025-12-03 16:11:57,529 - INFO - Génération des séances pour le jour 2025-12-03 (weekday=2)
2025-12-03 16:11:57,530 - INFO - Cache vide → récupération des horaires depuis la DB.
2025-12-03 16:11:57,576 - INFO - Horaires mis en cache (1 horaires).
2025-12-03 16:12:12,524 - INFO - Génération des séances pour le jour 2025-12-03 (weekday=2)
2025-12-03 16:12:12,524 - INFO - Cache vide → récupération des horaires depuis la DB.
2025-12-03 16:12:12,536 - INFO - Horaires mis en cache (1 horaires).
2025-12-03 16:12:27,524 - INFO - Génération des séances pour le jour 2025-12-03 (weekday=2)
2025-12-03 16:12:27,524 - INFO - Cache vide → récupération des horaires depuis la DB.
2025-12-03 16:12:27,536 - INFO - Horaires mis en cache (1 horaires).
2025-12-03 16:12:42,527 - INFO - Génération des séances pour le jour 2025-12-03 (weekday=2)
2025-12-03 16:12:42,529 - INFO - Cache vide → récupération des horaires depuis la DB.
2025-12-03 16:12:42,574 - INFO - Horaires mis en cache (1 horaires).
2025-12-03 16:12:57,518 - INFO - Génération des séances pour le jour 2025-12-03 (weekday=2)
2025-12-03 16:12:57,519 - INFO - Cache vide → récupération des horaires depuis la DB.
2025-12-03 16:12:57,540 - INFO - Horaires mis en cache (1 horaires).
2025-12-03 16:13:12,522 - INFO - Génération des séances pour le jour 2025-12-03 (weekday=2)
2025-12-03 16:13:12,523 - INFO - Cache vide → récupération des horaires depuis la DB.
2025-12-03 16:13:12,569 - INFO - Horaires mis en cache (1 horaires).
2025-12-03 16:13:27,516 - INFO - Génération des séances pour le jour 2025-12-03 (weekday=2)
2025-12-03 16:13:27,517 - INFO - Cache vide → récupération des horaires depuis la DB.
2025-12-03 16:13:27,528 - INFO - Horaires mis en cache (1 horaires).
2025-12-03 16:13:42,524 - INFO - Génération des séances pour le jour 2025-12-03 (weekday=2)
2025-12-03 16:13:42,524 - INFO - Cache vide → récupération des horaires depuis la DB.
2025-12-03 16:13:42,536 - INFO - Horaires mis en cache (1 horaires).
2025-12-03 16:13:57,531 - INFO - Génération des séances pour le jour 2025-12-03 (weekday=2)
2025-12-03 16:13:57,534 - INFO - Cache vide → récupération des horaires depuis la DB.
2025-12-03 16:13:57,572 - INFO - Horaires mis en cache (1 horaires).
2025-12-03 16:14:12,529 - INFO - Génération des séances pour le jour 2025-12-03 (weekday=2)
2025-12-03 16:14:12,531 - INFO - Cache vide → récupération des horaires depuis la DB.
2025-12-03 16:14:12,574 - INFO - Horaires mis en cache (1 horaires).
2025-12-03 16:14:27,531 - INFO - Génération des séances pour le jour 2025-12-03 (weekday=2)
2025-12-03 16:14:27,532 - INFO - Cache vide → récupération des horaires depuis la DB.
2025-12-03 16:14:27,583 - INFO - Horaires mis en cache (1 horaires).
2025-12-03 16:14:42,531 - INFO - Génération des séances pour le jour 2025-12-03 (weekday=2)
2025-12-03 16:14:42,532 - INFO - Cache vide → récupération des horaires depuis la DB.
2025-12-03 16:14:42,583 - INFO - Horaires mis en cache (1 horaires).
2025-12-03 16:14:57,524 - INFO - Génération des séances pour le jour 2025-12-03 (weekday=2)
2025-12-03 16:14:57,525 - INFO - Cache vide → récupération des horaires depuis la DB.
2025-12-03 16:14:57,562 - INFO - Horaires mis en cache (1 horaires).
2025-12-03 16:15:12,523 - INFO - Génération des séances pour le jour 2025-12-03 (weekday=2)
2025-12-03 16:15:12,524 - INFO - Cache vide → récupération des horaires depuis la DB.
2025-12-03 16:15:12,569 - INFO - Horaires mis en cache (1 horaires).
2025-12-03 16:15:27,517 - INFO - Génération des séances pour le jour 2025-12-03 (weekday=2)
2025-12-03 16:15:27,517 - INFO - Cache vide → récupération des horaires depuis la DB.
2025-12-03 16:15:27,529 - INFO - Horaires mis en cache (1 horaires).
2025-12-03 16:15:42,519 - INFO - Génération des séances pour le jour 2025-12-03 (weekday=2)
2025-12-03 16:15:42,519 - INFO - Cache vide → récupération des horaires depuis la DB.
2025-12-03 16:15:42,549 - INFO - Horaires mis en cache (1 horaires).
2025-12-03 16:15:57,532 - INFO - Génération des séances pour le jour 2025-12-03 (weekday=2)
2025-12-03 16:15:57,533 - INFO - Cache vide → récupération des horaires depuis la DB.
2025-12-03 16:15:57,581 - INFO - Horaires mis en cache (1 horaires).
2025-12-03 16:16:12,532 - INFO - Génération des séances pour le jour 2025-12-03 (weekday=2)
2025-12-03 16:16:12,533 - INFO - Cache vide → récupération des horaires depuis la DB.
2025-12-03 16:16:12,575 - INFO - Horaires mis en cache (1 horaires).
2025-12-03 16:16:27,532 - INFO - Génération des séances pour le jour 2025-12-03 (weekday=2)
2025-12-03 16:16:27,533 - INFO - Cache vide → récupération des horaires depuis la DB.
2025-12-03 16:16:27,576 - INFO - Horaires mis en cache (1 horaires).
2025-12-03 16:16:42,526 - INFO - Génération des séances pour le jour 2025-12-03 (weekday=2)
2025-12-03 16:16:42,526 - INFO - Cache vide → récupération des horaires depuis la DB.
2025-12-03 16:16:42,539 - INFO - Horaires mis en cache (1 horaires).
2025-12-03 16:16:57,518 - INFO - Génération des séances pour le jour 2025-12-03 (weekday=2)
2025-12-03 16:16:57,519 - INFO - Cache vide → récupération des horaires depuis la DB.
2025-12-03 16:16:57,534 - INFO - Horaires mis en cache (1 horaires).
2025-12-03 16:17:12,524 - INFO - Génération des séances pour le jour 2025-12-03 (weekday=2)
2025-12-03 16:17:12,525 - INFO - Cache vide → récupération des horaires depuis la DB.
2025-12-03 16:17:12,546 - INFO - Horaires mis en cache (1 horaires).
2025-12-03 16:17:27,524 - INFO - Génération des séances pour le jour 2025-12-03 (weekday=2)
2025-12-03 16:17:27,525 - INFO - Cache vide → récupération des horaires depuis la DB.
2025-12-03 16:17:27,571 - INFO - Horaires mis en cache (1 horaires).
2025-12-03 16:17:42,518 - INFO - Génération des séances pour le jour 2025-12-03 (weekday=2)
2025-12-03 16:17:42,519 - INFO - Cache vide → récupération des horaires depuis la DB.
2025-12-03 16:17:42,530 - INFO - Horaires mis en cache (1 horaires).
2025-12-03 16:17:57,527 - INFO - Génération des séances pour le jour 2025-12-03 (weekday=2)
2025-12-03 16:17:57,528 - INFO - Cache vide → récupération des horaires depuis la DB.
2025-12-03 16:17:57,552 - INFO - Horaires mis en cache (1 horaires).
2025-12-03 16:18:12,525 - INFO - Génération des séances pour le jour 2025-12-03 (weekday=2)
2025-12-03 16:18:12,527 - INFO - Cache vide → récupération des horaires depuis la DB.
2025-12-03 16:18:12,568 - INFO - Horaires mis en cache (1 horaires).
2025-12-03 16:18:27,533 - INFO - Génération des séances pour le jour 2025-12-03 (weekday=2)
2025-12-03 16:18:27,534 - INFO - Cache vide → récupération des horaires depuis la DB.
2025-12-03 16:18:27,579 - INFO - Horaires mis en cache (1 horaires).
2025-12-03 16:18:42,525 - INFO - Génération des séances pour le jour 2025-12-03 (weekday=2)
2025-12-03 16:18:42,527 - INFO - Cache vide → récupération des horaires depuis la DB.
2025-12-03 16:18:42,554 - INFO - Horaires mis en cache (1 horaires).
2025-12-03 16:18:57,525 - INFO - Génération des séances pour le jour 2025-12-03 (weekday=2)
2025-12-03 16:18:57,527 - INFO - Cache vide → récupération des horaires depuis la DB.
2025-12-03 16:18:57,572 - INFO - Horaires mis en cache (1 horaires).
2025-12-03 16:19:12,526 - INFO - Génération des séances pour le jour 2025-12-03 (weekday=2)
2025-12-03 16:19:12,527 - INFO - Cache vide → récupération des horaires depuis la DB.
2025-12-03 16:19:12,578 - INFO - Horaires mis en cache (1 horaires).
2025-12-03 16:19:27,526 - INFO - Génération des séances pour le jour 2025-12-03 (weekday=2)
2025-12-03 16:19:27,527 - INFO - Cache vide → récupération des horaires depuis la DB.
2025-12-03 16:19:27,573 - INFO - Horaires mis en cache (1 horaires).
2025-12-03 16:19:42,522 - INFO - Génération des séances pour le jour 2025-12-03 (weekday=2)
2025-12-03 16:19:42,523 - INFO - Cache vide → récupération des horaires depuis la DB.
2025-12-03 16:19:42,546 - INFO - Horaires mis en cache (1 horaires).
2025-12-03 16:19:44,480 - WARNING - Étudiant introuvable: matricule=None
2025-12-03 16:19:57,534 - INFO - Génération des séances pour le jour 2025-12-03 (weekday=2)
2025-12-03 16:19:57,536 - INFO - Cache vide → récupération des horaires depuis la DB.
2025-12-03 16:19:57,577 - INFO - Horaires mis en cache (1 horaires).
2025-12-03 16:20:09,148 - WARNING - Étudiant introuvable: matricule=None
2025-12-03 16:20:12,526 - INFO - Génération des séances pour le jour 2025-12-03 (weekday=2)
2025-12-03 16:20:12,528 - INFO - Cache vide → récupération des horaires depuis la DB.
2025-12-03 16:20:12,578 - INFO - Horaires mis en cache (1 horaires).
2025-12-03 16:20:27,532 - INFO - Génération des séances pour le jour 2025-12-03 (weekday=2)
2025-12-03 16:20:27,534 - INFO - Cache vide → récupération des horaires depuis la DB.
2025-12-03 16:20:27,568 - INFO - Horaires mis en cache (1 horaires).
2025-12-03 16:20:42,527 - INFO - Génération des séances pour le jour 2025-12-03 (weekday=2)
2025-12-03 16:20:42,528 - INFO - Cache vide → récupération des horaires depuis la DB.
2025-12-03 16:20:42,573 - INFO - Horaires mis en cache (1 horaires).
2025-12-03 16:20:43,664 - WARNING - Étudiant introuvable: matricule=None
2025-12-03 16:20:57,527 - INFO - Génération des séances pour le jour 2025-12-03 (weekday=2)
2025-12-03 16:20:57,528 - INFO - Cache vide → récupération des horaires depuis la DB.
2025-12-03 16:20:57,575 - INFO - Horaires mis en cache (1 horaires).
2025-12-03 16:21:12,527 - INFO - Génération des séances pour le jour 2025-12-03 (weekday=2)
2025-12-03 16:21:12,528 - INFO - Cache vide → récupération des horaires depuis la DB.
2025-12-03 16:21:12,572 - INFO - Horaires mis en cache (1 horaires).
2025-12-03 16:21:16,356 - WARNING - Étudiant introuvable: matricule=None
2025-12-03 16:21:27,520 - INFO - Génération des séances pour le jour 2025-12-03 (weekday=2)
2025-12-03 16:21:27,521 - INFO - Cache vide → récupération des horaires depuis la DB.
2025-12-03 16:21:27,534 - INFO - Horaires mis en cache (1 horaires).
2025-12-03 16:21:42,528 - INFO - Génération des séances pour le jour 2025-12-03 (weekday=2)
2025-12-03 16:21:42,529 - INFO - Cache vide → récupération des horaires depuis la DB.
2025-12-03 16:21:42,539 - INFO - Horaires mis en cache (1 horaires).
2025-12-03 16:21:57,528 - INFO - Génération des séances pour le jour 2025-12-03 (weekday=2)
2025-12-03 16:21:57,529 - INFO - Cache vide → récupération des horaires depuis la DB.
2025-12-03 16:21:57,540 - INFO - Horaires mis en cache (1 horaires).
2025-12-03 16:22:12,535 - INFO - Génération des séances pour le jour 2025-12-03 (weekday=2)
2025-12-03 16:22:12,537 - INFO - Cache vide → récupération des horaires depuis la DB.
2025-12-03 16:22:12,582 - INFO - Horaires mis en cache (1 horaires).
2025-12-03 16:22:27,535 - INFO - Génération des séances pour le jour 2025-12-03 (weekday=2)
2025-12-03 16:22:27,536 - INFO - Cache vide → récupération des horaires depuis la DB.
2025-12-03 16:22:27,585 - INFO - Horaires mis en cache (1 horaires).
2025-12-03 16:22:42,528 - INFO - Génération des séances pour le jour 2025-12-03 (weekday=2)
2025-12-03 16:22:42,529 - INFO - Cache vide → récupération des horaires depuis la DB.
2025-12-03 16:22:42,572 - INFO - Horaires mis en cache (1 horaires).
2025-12-03 16:22:43,557 - ERROR - Erreur de décryptage des données: Expecting property name enclosed in double quotes: line 1 column 2 (char 1)
2025-12-03 16:22:57,527 - INFO - Génération des séances pour le jour 2025-12-03 (weekday=2)
2025-12-03 16:22:57,529 - INFO - Cache vide → récupération des horaires depuis la DB.
2025-12-03 16:22:57,550 - INFO - Horaires mis en cache (1 horaires).
2025-12-03 16:23:12,521 - INFO - Génération des séances pour le jour 2025-12-03 (weekday=2)
2025-12-03 16:23:12,521 - INFO - Cache vide → récupération des horaires depuis la DB.
2025-12-03 16:23:12,533 - INFO - Horaires mis en cache (1 horaires).
2025-12-03 16:23:16,280 - WARNING - Étudiant introuvable: matricule=None
2025-12-03 16:23:27,521 - INFO - Génération des séances pour le jour 2025-12-03 (weekday=2)
2025-12-03 16:23:27,522 - INFO - Cache vide → récupération des horaires depuis la DB.
2025-12-03 16:23:27,533 - INFO - Horaires mis en cache (1 horaires).
2025-12-03 16:23:42,530 - INFO - Génération des séances pour le jour 2025-12-03 (weekday=2)
2025-12-03 16:23:42,531 - INFO - Cache vide → récupération des horaires depuis la DB.
2025-12-03 16:23:42,551 - INFO - Horaires mis en cache (1 horaires).
2025-12-03 16:23:57,530 - INFO - Génération des séances pour le jour 2025-12-03 (weekday=2)
2025-12-03 16:23:57,530 - INFO - Cache vide → récupération des horaires depuis la DB.
2025-12-03 16:23:57,543 - INFO - Horaires mis en cache (1 horaires).
2025-12-03 16:24:12,531 - INFO - Génération des séances pour le jour 2025-12-03 (weekday=2)
2025-12-03 16:24:12,531 - INFO - Cache vide → récupération des horaires depuis la DB.
2025-12-03 16:24:12,551 - INFO - Horaires mis en cache (1 horaires).
2025-12-03 16:24:27,532 - INFO - Génération des séances pour le jour 2025-12-03 (weekday=2)
2025-12-03 16:24:27,533 - INFO - Cache vide → récupération des horaires depuis la DB.
2025-12-03 16:24:27,568 - INFO - Horaires mis en cache (1 horaires).
2025-12-03 16:24:42,528 - INFO - Génération des séances pour le jour 2025-12-03 (weekday=2)
2025-12-03 16:24:42,529 - INFO - Cache vide → récupération des horaires depuis la DB.
2025-12-03 16:24:42,561 - INFO - Horaires mis en cache (1 horaires).
2025-12-03 16:24:57,528 - INFO - Génération des séances pour le jour 2025-12-03 (weekday=2)
2025-12-03 16:24:57,530 - INFO - Cache vide → récupération des horaires depuis la DB.
2025-12-03 16:24:57,575 - INFO - Horaires mis en cache (1 horaires).
2025-12-03 16:25:12,522 - INFO - Génération des séances pour le jour 2025-12-03 (weekday=2)
2025-12-03 16:25:12,522 - INFO - Cache vide → récupération des horaires depuis la DB.
2025-12-03 16:25:12,537 - INFO - Horaires mis en cache (1 horaires).
2025-12-03 16:25:27,523 - INFO - Génération des séances pour le jour 2025-12-03 (weekday=2)
2025-12-03 16:25:27,524 - INFO - Cache vide → récupération des horaires depuis la DB.
2025-12-03 16:25:27,541 - INFO - Horaires mis en cache (1 horaires).
2025-12-03 16:25:42,535 - INFO - Génération des séances pour le jour 2025-12-03 (weekday=2)
2025-12-03 16:25:42,536 - INFO - Cache vide → récupération des horaires depuis la DB.
2025-12-03 16:25:42,587 - INFO - Horaires mis en cache (1 horaires).
2025-12-03 16:25:47,232 - WARNING - Étudiant introuvable: matricule=None
2025-12-03 16:25:57,536 - INFO - Génération des séances pour le jour 2025-12-03 (weekday=2)
2025-12-03 16:25:57,537 - INFO - Cache vide → récupération des horaires depuis la DB.
2025-12-03 16:25:57,572 - INFO - Horaires mis en cache (1 horaires).
2025-12-03 16:26:12,536 - INFO - Génération des séances pour le jour 2025-12-03 (weekday=2)
2025-12-03 16:26:12,538 - INFO - Cache vide → récupération des horaires depuis la DB.
2025-12-03 16:26:12,581 - INFO - Horaires mis en cache (1 horaires).
2025-12-03 16:26:15,324 - WARNING - Étudiant introuvable: matricule=None
2025-12-03 16:26:27,523 - INFO - Génération des séances pour le jour 2025-12-03 (weekday=2)
2025-12-03 16:26:27,523 - INFO - Cache vide → récupération des horaires depuis la DB.
2025-12-03 16:26:27,536 - INFO - Horaires mis en cache (1 horaires).
2025-12-03 16:26:37,381 - ERROR - Erreur DB lors de l'enregistrement de la présence : null value in column "seance_cours_id" of relation "presence" violates not-null constraint
DETAIL:  Failing row contains (1, t, 1, null).

2025-12-03 16:26:42,523 - INFO - Génération des séances pour le jour 2025-12-03 (weekday=2)
2025-12-03 16:26:42,523 - INFO - Cache vide → récupération des horaires depuis la DB.
2025-12-03 16:26:42,539 - INFO - Horaires mis en cache (1 horaires).
2025-12-03 16:26:57,529 - INFO - Génération des séances pour le jour 2025-12-03 (weekday=2)
2025-12-03 16:26:57,530 - INFO - Cache vide → récupération des horaires depuis la DB.
2025-12-03 16:26:57,575 - INFO - Horaires mis en cache (1 horaires).
2025-12-03 16:27:12,523 - INFO - Génération des séances pour le jour 2025-12-03 (weekday=2)
2025-12-03 16:27:12,523 - INFO - Cache vide → récupération des horaires depuis la DB.
2025-12-03 16:27:12,535 - INFO - Horaires mis en cache (1 horaires).
2025-12-03 16:27:27,523 - INFO - Génération des séances pour le jour 2025-12-03 (weekday=2)
2025-12-03 16:27:27,523 - INFO - Cache vide → récupération des horaires depuis la DB.
2025-12-03 16:27:27,535 - INFO - Horaires mis en cache (1 horaires).
2025-12-03 16:27:42,531 - INFO - Génération des séances pour le jour 2025-12-03 (weekday=2)
2025-12-03 16:27:42,531 - INFO - Cache vide → récupération des horaires depuis la DB.
2025-12-03 16:27:42,547 - INFO - Horaires mis en cache (1 horaires).
2025-12-03 16:27:57,537 - INFO - Génération des séances pour le jour 2025-12-03 (weekday=2)
2025-12-03 16:27:57,539 - INFO - Cache vide → récupération des horaires depuis la DB.
2025-12-03 16:27:57,580 - INFO - Horaires mis en cache (1 horaires).
2025-12-03 16:28:12,537 - INFO - Génération des séances pour le jour 2025-12-03 (weekday=2)
2025-12-03 16:28:12,539 - INFO - Cache vide → récupération des horaires depuis la DB.
2025-12-03 16:28:12,583 - INFO - Horaires mis en cache (1 horaires).
2025-12-03 16:28:27,530 - INFO - Génération des séances pour le jour 2025-12-03 (weekday=2)
2025-12-03 16:28:27,531 - INFO - Cache vide → récupération des horaires depuis la DB.
2025-12-03 16:28:27,577 - INFO - Horaires mis en cache (1 horaires).
2025-12-03 16:28:42,530 - INFO - Génération des séances pour le jour 2025-12-03 (weekday=2)
2025-12-03 16:28:42,531 - INFO - Cache vide → récupération des horaires depuis la DB.
2025-12-03 16:28:42,574 - INFO - Horaires mis en cache (1 horaires).
2025-12-03 16:28:57,531 - INFO - Génération des séances pour le jour 2025-12-03 (weekday=2)
2025-12-03 16:28:57,532 - INFO - Cache vide → récupération des horaires depuis la DB.
2025-12-03 16:28:57,577 - INFO - Horaires mis en cache (1 horaires).
2025-12-03 16:28:59,397 - ERROR - Erreur DB lors de l'enregistrement de la présence : null value in column "seance_cours_id" of relation "presence" violates not-null constraint
DETAIL:  Failing row contains (2, t, 1, null).

2025-12-03 16:29:12,524 - INFO - Génération des séances pour le jour 2025-12-03 (weekday=2)
2025-12-03 16:29:12,525 - INFO - Cache vide → récupération des horaires depuis la DB.
2025-12-03 16:29:12,540 - INFO - Horaires mis en cache (1 horaires).
2025-12-03 16:29:27,538 - INFO - Génération des séances pour le jour 2025-12-03 (weekday=2)
2025-12-03 16:29:27,539 - INFO - Cache vide → récupération des horaires depuis la DB.
2025-12-03 16:29:27,567 - INFO - Horaires mis en cache (1 horaires).
2025-12-03 16:29:42,536 - INFO - Génération des séances pour le jour 2025-12-03 (weekday=2)
2025-12-03 16:29:42,537 - INFO - Cache vide → récupération des horaires depuis la DB.
2025-12-03 16:29:42,551 - INFO - Horaires mis en cache (1 horaires).
2025-12-03 16:29:57,533 - INFO - Génération des séances pour le jour 2025-12-03 (weekday=2)
2025-12-03 16:29:57,534 - INFO - Cache vide → récupération des horaires depuis la DB.
2025-12-03 16:29:57,550 - INFO - Horaires mis en cache (1 horaires).
2025-12-03 16:30:12,526 - INFO - Génération des séances pour le jour 2025-12-03 (weekday=2)
2025-12-03 16:30:12,526 - INFO - Cache vide → récupération des horaires depuis la DB.
2025-12-03 16:30:12,543 - INFO - Horaires mis en cache (1 horaires).
2025-12-03 16:30:27,531 - INFO - Génération des séances pour le jour 2025-12-03 (weekday=2)
2025-12-03 16:30:27,532 - INFO - Cache vide → récupération des horaires depuis la DB.
2025-12-03 16:30:27,574 - INFO - Horaires mis en cache (1 horaires).
2025-12-03 16:30:42,527 - INFO - Génération des séances pour le jour 2025-12-03 (weekday=2)
2025-12-03 16:30:42,528 - INFO - Cache vide → récupération des horaires depuis la DB.
2025-12-03 16:30:42,550 - INFO - Horaires mis en cache (1 horaires).
2025-12-03 16:30:57,532 - INFO - Génération des séances pour le jour 2025-12-03 (weekday=2)
2025-12-03 16:30:57,533 - INFO - Cache vide → récupération des horaires depuis la DB.
2025-12-03 16:30:57,575 - INFO - Horaires mis en cache (1 horaires).
2025-12-03 16:31:12,526 - INFO - Génération des séances pour le jour 2025-12-03 (weekday=2)
2025-12-03 16:31:12,526 - INFO - Cache vide → récupération des horaires depuis la DB.
2025-12-03 16:31:12,542 - INFO - Horaires mis en cache (1 horaires).
2025-12-03 16:31:27,539 - INFO - Génération des séances pour le jour 2025-12-03 (weekday=2)
2025-12-03 16:31:27,540 - INFO - Cache vide → récupération des horaires depuis la DB.
2025-12-03 16:31:27,580 - INFO - Horaires mis en cache (1 horaires).
2025-12-03 16:31:42,533 - INFO - Génération des séances pour le jour 2025-12-03 (weekday=2)
2025-12-03 16:31:42,534 - INFO - Cache vide → récupération des horaires depuis la DB.
2025-12-03 16:31:42,546 - INFO - Horaires mis en cache (1 horaires).
2025-12-03 16:31:57,536 - INFO - Génération des séances pour le jour 2025-12-03 (weekday=2)
2025-12-03 16:31:57,537 - INFO - Cache vide → récupération des horaires depuis la DB.
2025-12-03 16:31:57,560 - INFO - Horaires mis en cache (1 horaires).
2025-12-03 16:32:12,533 - INFO - Génération des séances pour le jour 2025-12-03 (weekday=2)
2025-12-03 16:32:12,534 - INFO - Cache vide → récupération des horaires depuis la DB.
2025-12-03 16:32:12,545 - INFO - Horaires mis en cache (1 horaires).
2025-12-03 16:32:27,525 - INFO - Génération des séances pour le jour 2025-12-03 (weekday=2)
2025-12-03 16:32:27,526 - INFO - Cache vide → récupération des horaires depuis la DB.
2025-12-03 16:32:27,537 - INFO - Horaires mis en cache (1 horaires).
2025-12-03 16:32:42,526 - INFO - Génération des séances pour le jour 2025-12-03 (weekday=2)
2025-12-03 16:32:42,527 - INFO - Cache vide → récupération des horaires depuis la DB.
2025-12-03 16:32:42,539 - INFO - Horaires mis en cache (1 horaires).
2025-12-03 16:32:57,526 - INFO - Génération des séances pour le jour 2025-12-03 (weekday=2)
2025-12-03 16:32:57,526 - INFO - Cache vide → récupération des horaires depuis la DB.
2025-12-03 16:32:57,541 - INFO - Horaires mis en cache (1 horaires).
2025-12-03 16:33:12,527 - INFO - Génération des séances pour le jour 2025-12-03 (weekday=2)
2025-12-03 16:33:12,527 - INFO - Cache vide → récupération des horaires depuis la DB.
2025-12-03 16:33:12,541 - INFO - Horaires mis en cache (1 horaires).
2025-12-03 16:33:27,532 - INFO - Génération des séances pour le jour 2025-12-03 (weekday=2)
2025-12-03 16:33:27,533 - INFO - Cache vide → récupération des horaires depuis la DB.
2025-12-03 16:33:27,579 - INFO - Horaires mis en cache (1 horaires).
2025-12-03 16:33:42,532 - INFO - Génération des séances pour le jour 2025-12-03 (weekday=2)
2025-12-03 16:33:42,533 - INFO - Cache vide → récupération des horaires depuis la DB.
2025-12-03 16:33:42,575 - INFO - Horaires mis en cache (1 horaires).
2025-12-03 16:33:57,538 - INFO - Génération des séances pour le jour 2025-12-03 (weekday=2)
2025-12-03 16:33:57,539 - INFO - Cache vide → récupération des horaires depuis la DB.
2025-12-03 16:33:57,575 - INFO - Horaires mis en cache (1 horaires).
2025-12-03 16:34:12,533 - INFO - Génération des séances pour le jour 2025-12-03 (weekday=2)
2025-12-03 16:34:12,535 - INFO - Cache vide → récupération des horaires depuis la DB.
2025-12-03 16:34:12,578 - INFO - Horaires mis en cache (1 horaires).
2025-12-03 16:34:27,534 - INFO - Génération des séances pour le jour 2025-12-03 (weekday=2)
2025-12-03 16:34:27,535 - INFO - Cache vide → récupération des horaires depuis la DB.
2025-12-03 16:34:27,548 - INFO - Horaires mis en cache (1 horaires).
2025-12-03 16:34:42,532 - INFO - Génération des séances pour le jour 2025-12-03 (weekday=2)
2025-12-03 16:34:42,534 - INFO - Cache vide → récupération des horaires depuis la DB.
2025-12-03 16:34:42,576 - INFO - Horaires mis en cache (1 horaires).
2025-12-03 16:34:57,533 - INFO - Génération des séances pour le jour 2025-12-03 (weekday=2)
2025-12-03 16:34:57,534 - INFO - Cache vide → récupération des horaires depuis la DB.
2025-12-03 16:34:57,572 - INFO - Horaires mis en cache (1 horaires).
2025-12-03 16:35:12,533 - INFO - Génération des séances pour le jour 2025-12-03 (weekday=2)
2025-12-03 16:35:12,534 - INFO - Cache vide → récupération des horaires depuis la DB.
2025-12-03 16:35:12,579 - INFO - Horaires mis en cache (1 horaires).
2025-12-03 16:35:27,527 - INFO - Génération des séances pour le jour 2025-12-03 (weekday=2)
2025-12-03 16:35:27,527 - INFO - Cache vide → récupération des horaires depuis la DB.
2025-12-03 16:35:27,539 - INFO - Horaires mis en cache (1 horaires).
2025-12-03 16:35:42,534 - INFO - Génération des séances pour le jour 2025-12-03 (weekday=2)
2025-12-03 16:35:42,535 - INFO - Cache vide → récupération des horaires depuis la DB.
2025-12-03 16:35:42,545 - INFO - Horaires mis en cache (1 horaires).
2025-12-03 16:35:57,535 - INFO - Génération des séances pour le jour 2025-12-03 (weekday=2)
2025-12-03 16:35:57,535 - INFO - Cache vide → récupération des horaires depuis la DB.
2025-12-03 16:35:57,548 - INFO - Horaires mis en cache (1 horaires).
2025-12-03 16:36:12,535 - INFO - Génération des séances pour le jour 2025-12-03 (weekday=2)
2025-12-03 16:36:12,535 - INFO - Cache vide → récupération des horaires depuis la DB.
2025-12-03 16:36:12,546 - INFO - Horaires mis en cache (1 horaires).
2025-12-03 16:36:27,527 - INFO - Génération des séances pour le jour 2025-12-03 (weekday=2)
2025-12-03 16:36:27,528 - INFO - Cache vide → récupération des horaires depuis la DB.
2025-12-03 16:36:27,539 - INFO - Horaires mis en cache (1 horaires).
2025-12-03 16:36:42,527 - INFO - Génération des séances pour le jour 2025-12-03 (weekday=2)
2025-12-03 16:36:42,527 - INFO - Cache vide → récupération des horaires depuis la DB.
2025-12-03 16:36:42,537 - INFO - Horaires mis en cache (1 horaires).
2025-12-03 16:36:57,527 - INFO - Génération des séances pour le jour 2025-12-03 (weekday=2)
2025-12-03 16:36:57,527 - INFO - Cache vide → récupération des horaires depuis la DB.
2025-12-03 16:36:57,538 - INFO - Horaires mis en cache (1 horaires).
2025-12-03 16:37:12,527 - INFO - Génération des séances pour le jour 2025-12-03 (weekday=2)
2025-12-03 16:37:12,527 - INFO - Cache vide → récupération des horaires depuis la DB.
2025-12-03 16:37:12,539 - INFO - Horaires mis en cache (1 horaires).
2025-12-03 16:37:27,527 - INFO - Génération des séances pour le jour 2025-12-03 (weekday=2)
2025-12-03 16:37:27,528 - INFO - Cache vide → récupération des horaires depuis la DB.
2025-12-03 16:37:27,539 - INFO - Horaires mis en cache (1 horaires).
2025-12-03 16:37:42,534 - INFO - Génération des séances pour le jour 2025-12-03 (weekday=2)
2025-12-03 16:37:42,535 - INFO - Cache vide → récupération des horaires depuis la DB.
2025-12-03 16:37:42,546 - INFO - Horaires mis en cache (1 horaires).
2025-12-03 16:37:57,535 - INFO - Génération des séances pour le jour 2025-12-03 (weekday=2)
2025-12-03 16:37:57,535 - INFO - Cache vide → récupération des horaires depuis la DB.
2025-12-03 16:37:57,548 - INFO - Horaires mis en cache (1 horaires).
2025-12-03 16:38:12,534 - INFO - Génération des séances pour le jour 2025-12-03 (weekday=2)
2025-12-03 16:38:12,535 - INFO - Cache vide → récupération des horaires depuis la DB.
2025-12-03 16:38:12,545 - INFO - Horaires mis en cache (1 horaires).
2025-12-03 16:38:27,527 - INFO - Génération des séances pour le jour 2025-12-03 (weekday=2)
2025-12-03 16:38:27,528 - INFO - Cache vide → récupération des horaires depuis la DB.
2025-12-03 16:38:27,539 - INFO - Horaires mis en cache (1 horaires).
2025-12-03 16:38:42,527 - INFO - Génération des séances pour le jour 2025-12-03 (weekday=2)
2025-12-03 16:38:42,527 - INFO - Cache vide → récupération des horaires depuis la DB.
2025-12-03 16:38:42,539 - INFO - Horaires mis en cache (1 horaires).
2025-12-03 16:38:57,527 - INFO - Génération des séances pour le jour 2025-12-03 (weekday=2)
2025-12-03 16:38:57,527 - INFO - Cache vide → récupération des horaires depuis la DB.
2025-12-03 16:38:57,538 - INFO - Horaires mis en cache (1 horaires).
2025-12-03 16:39:12,527 - INFO - Génération des séances pour le jour 2025-12-03 (weekday=2)
2025-12-03 16:39:12,528 - INFO - Cache vide → récupération des horaires depuis la DB.
2025-12-03 16:39:12,538 - INFO - Horaires mis en cache (1 horaires).
2025-12-03 16:39:27,532 - INFO - Génération des séances pour le jour 2025-12-03 (weekday=2)
2025-12-03 16:39:27,539 - INFO - Cache vide → récupération des horaires depuis la DB.
2025-12-03 16:39:27,579 - INFO - Horaires mis en cache (1 horaires).
2025-12-03 16:39:42,538 - INFO - Génération des séances pour le jour 2025-12-03 (weekday=2)
2025-12-03 16:39:42,539 - INFO - Cache vide → récupération des horaires depuis la DB.
2025-12-03 16:39:42,565 - INFO - Horaires mis en cache (1 horaires).
2025-12-03 16:39:57,542 - INFO - Génération des séances pour le jour 2025-12-03 (weekday=2)
2025-12-03 16:39:57,543 - INFO - Cache vide → récupération des horaires depuis la DB.
2025-12-03 16:39:57,589 - INFO - Horaires mis en cache (1 horaires).
2025-12-03 16:40:12,541 - INFO - Génération des séances pour le jour 2025-12-03 (weekday=2)
2025-12-03 16:40:12,543 - INFO - Cache vide → récupération des horaires depuis la DB.
2025-12-03 16:40:12,585 - INFO - Horaires mis en cache (1 horaires).
2025-12-03 16:40:27,534 - INFO - Génération des séances pour le jour 2025-12-03 (weekday=2)
2025-12-03 16:40:27,536 - INFO - Cache vide → récupération des horaires depuis la DB.
2025-12-03 16:40:27,583 - INFO - Horaires mis en cache (1 horaires).
2025-12-03 16:40:42,528 - INFO - Génération des séances pour le jour 2025-12-03 (weekday=2)
2025-12-03 16:40:42,528 - INFO - Cache vide → récupération des horaires depuis la DB.
2025-12-03 16:40:42,540 - INFO - Horaires mis en cache (1 horaires).
2025-12-03 16:40:57,528 - INFO - Génération des séances pour le jour 2025-12-03 (weekday=2)
2025-12-03 16:40:57,528 - INFO - Cache vide → récupération des horaires depuis la DB.
2025-12-03 16:40:57,541 - INFO - Horaires mis en cache (1 horaires).
2025-12-03 16:41:12,528 - INFO - Génération des séances pour le jour 2025-12-03 (weekday=2)
2025-12-03 16:41:12,528 - INFO - Cache vide → récupération des horaires depuis la DB.
2025-12-03 16:41:12,539 - INFO - Horaires mis en cache (1 horaires).
2025-12-03 16:41:27,533 - INFO - Génération des séances pour le jour 2025-12-03 (weekday=2)
2025-12-03 16:41:27,535 - INFO - Cache vide → récupération des horaires depuis la DB.
2025-12-03 16:41:27,580 - INFO - Horaires mis en cache (1 horaires).
2025-12-03 16:41:42,536 - INFO - Génération des séances pour le jour 2025-12-03 (weekday=2)
2025-12-03 16:41:42,536 - INFO - Cache vide → récupération des horaires depuis la DB.
2025-12-03 16:41:42,548 - INFO - Horaires mis en cache (1 horaires).
2025-12-03 16:41:57,536 - INFO - Génération des séances pour le jour 2025-12-03 (weekday=2)
2025-12-03 16:41:57,536 - INFO - Cache vide → récupération des horaires depuis la DB.
2025-12-03 16:41:57,548 - INFO - Horaires mis en cache (1 horaires).
2025-12-03 16:42:12,534 - INFO - Génération des séances pour le jour 2025-12-03 (weekday=2)
2025-12-03 16:42:12,535 - INFO - Cache vide → récupération des horaires depuis la DB.
2025-12-03 16:42:12,546 - INFO - Horaires mis en cache (1 horaires).
2025-12-03 16:42:27,529 - INFO - Génération des séances pour le jour 2025-12-03 (weekday=2)
2025-12-03 16:42:27,529 - INFO - Cache vide → récupération des horaires depuis la DB.
2025-12-03 16:42:27,540 - INFO - Horaires mis en cache (1 horaires).
2025-12-03 16:42:42,528 - INFO - Génération des séances pour le jour 2025-12-03 (weekday=2)
2025-12-03 16:42:42,529 - INFO - Cache vide → récupération des horaires depuis la DB.
2025-12-03 16:42:42,541 - INFO - Horaires mis en cache (1 horaires).
2025-12-03 16:42:57,535 - INFO - Génération des séances pour le jour 2025-12-03 (weekday=2)
2025-12-03 16:42:57,536 - INFO - Cache vide → récupération des horaires depuis la DB.
2025-12-03 16:42:57,586 - INFO - Horaires mis en cache (1 horaires).
2025-12-03 16:43:12,535 - INFO - Génération des séances pour le jour 2025-12-03 (weekday=2)
2025-12-03 16:43:12,536 - INFO - Cache vide → récupération des horaires depuis la DB.
2025-12-03 16:43:12,581 - INFO - Horaires mis en cache (1 horaires).
2025-12-03 16:43:27,529 - INFO - Génération des séances pour le jour 2025-12-03 (weekday=2)
2025-12-03 16:43:27,529 - INFO - Cache vide → récupération des horaires depuis la DB.
2025-12-03 16:43:27,540 - INFO - Horaires mis en cache (1 horaires).
2025-12-03 16:43:42,537 - INFO - Génération des séances pour le jour 2025-12-03 (weekday=2)
2025-12-03 16:43:42,537 - INFO - Cache vide → récupération des horaires depuis la DB.
2025-12-03 16:43:42,549 - INFO - Horaires mis en cache (1 horaires).
2025-12-03 16:43:57,542 - INFO - Génération des séances pour le jour 2025-12-03 (weekday=2)
2025-12-03 16:43:57,544 - INFO - Cache vide → récupération des horaires depuis la DB.
2025-12-03 16:43:57,589 - INFO - Horaires mis en cache (1 horaires).
2025-12-03 16:44:12,529 - INFO - Génération des séances pour le jour 2025-12-03 (weekday=2)
2025-12-03 16:44:12,530 - INFO - Cache vide → récupération des horaires depuis la DB.
2025-12-03 16:44:12,541 - INFO - Horaires mis en cache (1 horaires).
2025-12-03 16:44:27,535 - INFO - Génération des séances pour le jour 2025-12-03 (weekday=2)
2025-12-03 16:44:27,536 - INFO - Cache vide → récupération des horaires depuis la DB.
2025-12-03 16:44:27,581 - INFO - Horaires mis en cache (1 horaires).
2025-12-03 16:44:42,529 - INFO - Génération des séances pour le jour 2025-12-03 (weekday=2)
2025-12-03 16:44:42,529 - INFO - Cache vide → récupération des horaires depuis la DB.
2025-12-03 16:44:42,540 - INFO - Horaires mis en cache (1 horaires).
2025-12-03 16:44:57,535 - INFO - Génération des séances pour le jour 2025-12-03 (weekday=2)
2025-12-03 16:44:57,536 - INFO - Cache vide → récupération des horaires depuis la DB.
2025-12-03 16:44:57,557 - INFO - Horaires mis en cache (1 horaires).
2025-12-03 16:45:12,529 - INFO - Génération des séances pour le jour 2025-12-03 (weekday=2)
2025-12-03 16:45:12,530 - INFO - Cache vide → récupération des horaires depuis la DB.
2025-12-03 16:45:12,541 - INFO - Horaires mis en cache (1 horaires).
2025-12-03 16:45:27,538 - INFO - Génération des séances pour le jour 2025-12-03 (weekday=2)
2025-12-03 16:45:27,539 - INFO - Cache vide → récupération des horaires depuis la DB.
2025-12-03 16:45:27,553 - INFO - Horaires mis en cache (1 horaires).
2025-12-03 16:45:42,544 - INFO - Génération des séances pour le jour 2025-12-03 (weekday=2)
2025-12-03 16:45:42,546 - INFO - Cache vide → récupération des horaires depuis la DB.
2025-12-03 16:45:42,594 - INFO - Horaires mis en cache (1 horaires).
2025-12-03 16:45:57,537 - INFO - Génération des séances pour le jour 2025-12-03 (weekday=2)
2025-12-03 16:45:57,538 - INFO - Cache vide → récupération des horaires depuis la DB.
2025-12-03 16:45:57,550 - INFO - Horaires mis en cache (1 horaires).
2025-12-03 16:46:12,536 - INFO - Génération des séances pour le jour 2025-12-03 (weekday=2)
2025-12-03 16:46:12,537 - INFO - Cache vide → récupération des horaires depuis la DB.
2025-12-03 16:46:12,588 - INFO - Horaires mis en cache (1 horaires).
2025-12-03 16:46:27,530 - INFO - Génération des séances pour le jour 2025-12-03 (weekday=2)
2025-12-03 16:46:27,530 - INFO - Cache vide → récupération des horaires depuis la DB.
2025-12-03 16:46:27,542 - INFO - Horaires mis en cache (1 horaires).
2025-12-03 16:46:42,536 - INFO - Génération des séances pour le jour 2025-12-03 (weekday=2)
2025-12-03 16:46:42,537 - INFO - Cache vide → récupération des horaires depuis la DB.
2025-12-03 16:46:42,588 - INFO - Horaires mis en cache (1 horaires).
2025-12-03 16:46:57,536 - INFO - Génération des séances pour le jour 2025-12-03 (weekday=2)
2025-12-03 16:46:57,538 - INFO - Cache vide → récupération des horaires depuis la DB.
2025-12-03 16:46:57,583 - INFO - Horaires mis en cache (1 horaires).
2025-12-03 16:47:12,536 - INFO - Génération des séances pour le jour 2025-12-03 (weekday=2)
2025-12-03 16:47:12,537 - INFO - Cache vide → récupération des horaires depuis la DB.
2025-12-03 16:47:12,584 - INFO - Horaires mis en cache (1 horaires).
2025-12-03 16:47:27,545 - INFO - Génération des séances pour le jour 2025-12-03 (weekday=2)
2025-12-03 16:47:27,546 - INFO - Cache vide → récupération des horaires depuis la DB.
2025-12-03 16:47:27,592 - INFO - Horaires mis en cache (1 horaires).
2025-12-03 16:47:42,544 - INFO - Génération des séances pour le jour 2025-12-03 (weekday=2)
2025-12-03 16:47:42,545 - INFO - Cache vide → récupération des horaires depuis la DB.
2025-12-03 16:47:42,585 - INFO - Horaires mis en cache (1 horaires).
2025-12-03 16:47:57,531 - INFO - Génération des séances pour le jour 2025-12-03 (weekday=2)
2025-12-03 16:47:57,531 - INFO - Cache vide → récupération des horaires depuis la DB.
2025-12-03 16:47:57,543 - INFO - Horaires mis en cache (1 horaires).
2025-12-03 16:48:12,536 - INFO - Génération des séances pour le jour 2025-12-03 (weekday=2)
2025-12-03 16:48:12,538 - INFO - Cache vide → récupération des horaires depuis la DB.
2025-12-03 16:48:12,577 - INFO - Horaires mis en cache (1 horaires).
2025-12-03 16:48:27,537 - INFO - Génération des séances pour le jour 2025-12-03 (weekday=2)
2025-12-03 16:48:27,538 - INFO - Cache vide → récupération des horaires depuis la DB.
2025-12-03 16:48:27,551 - INFO - Horaires mis en cache (1 horaires).
2025-12-03 16:48:42,537 - INFO - Génération des séances pour le jour 2025-12-03 (weekday=2)
2025-12-03 16:48:42,539 - INFO - Cache vide → récupération des horaires depuis la DB.
2025-12-03 16:48:42,584 - INFO - Horaires mis en cache (1 horaires).
2025-12-03 16:48:57,531 - INFO - Génération des séances pour le jour 2025-12-03 (weekday=2)
2025-12-03 16:48:57,531 - INFO - Cache vide → récupération des horaires depuis la DB.
2025-12-03 16:48:57,542 - INFO - Horaires mis en cache (1 horaires).
2025-12-03 16:49:12,545 - INFO - Génération des séances pour le jour 2025-12-03 (weekday=2)
2025-12-03 16:49:12,546 - INFO - Cache vide → récupération des horaires depuis la DB.
2025-12-03 16:49:12,568 - INFO - Horaires mis en cache (1 horaires).
2025-12-03 16:49:27,539 - INFO - Génération des séances pour le jour 2025-12-03 (weekday=2)
2025-12-03 16:49:27,539 - INFO - Cache vide → récupération des horaires depuis la DB.
2025-12-03 16:49:27,552 - INFO - Horaires mis en cache (1 horaires).
2025-12-03 16:49:42,535 - INFO - Génération des séances pour le jour 2025-12-03 (weekday=2)
2025-12-03 16:49:42,536 - INFO - Cache vide → récupération des horaires depuis la DB.
2025-12-03 16:49:42,569 - INFO - Horaires mis en cache (1 horaires).
2025-12-03 16:49:57,538 - INFO - Génération des séances pour le jour 2025-12-03 (weekday=2)
2025-12-03 16:49:57,539 - INFO - Cache vide → récupération des horaires depuis la DB.
2025-12-03 16:49:57,580 - INFO - Horaires mis en cache (1 horaires).
2025-12-03 16:50:12,536 - INFO - Génération des séances pour le jour 2025-12-03 (weekday=2)
2025-12-03 16:50:12,538 - INFO - Cache vide → récupération des horaires depuis la DB.
2025-12-03 16:50:12,571 - INFO - Horaires mis en cache (1 horaires).
2025-12-03 16:50:27,538 - INFO - Génération des séances pour le jour 2025-12-03 (weekday=2)
2025-12-03 16:50:27,540 - INFO - Cache vide → récupération des horaires depuis la DB.
2025-12-03 16:50:27,592 - INFO - Horaires mis en cache (1 horaires).
2025-12-03 16:50:42,538 - INFO - Génération des séances pour le jour 2025-12-03 (weekday=2)
2025-12-03 16:50:42,541 - INFO - Cache vide → récupération des horaires depuis la DB.
2025-12-03 16:50:42,583 - INFO - Horaires mis en cache (1 horaires).
2025-12-03 16:50:57,539 - INFO - Génération des séances pour le jour 2025-12-03 (weekday=2)
2025-12-03 16:50:57,540 - INFO - Cache vide → récupération des horaires depuis la DB.
2025-12-03 16:50:57,586 - INFO - Horaires mis en cache (1 horaires).
2025-12-03 16:51:12,539 - INFO - Génération des séances pour le jour 2025-12-03 (weekday=2)
2025-12-03 16:51:12,540 - INFO - Cache vide → récupération des horaires depuis la DB.
2025-12-03 16:51:12,586 - INFO - Horaires mis en cache (1 horaires).
2025-12-03 16:51:27,539 - INFO - Génération des séances pour le jour 2025-12-03 (weekday=2)
2025-12-03 16:51:27,540 - INFO - Cache vide → récupération des horaires depuis la DB.
2025-12-03 16:51:27,591 - INFO - Horaires mis en cache (1 horaires).
2025-12-03 16:51:42,540 - INFO - Génération des séances pour le jour 2025-12-03 (weekday=2)
2025-12-03 16:51:42,542 - INFO - Cache vide → récupération des horaires depuis la DB.
2025-12-03 16:51:42,566 - INFO - Horaires mis en cache (1 horaires).
2025-12-03 16:51:57,539 - INFO - Génération des séances pour le jour 2025-12-03 (weekday=2)
2025-12-03 16:51:57,542 - INFO - Cache vide → récupération des horaires depuis la DB.
2025-12-03 16:51:57,577 - INFO - Horaires mis en cache (1 horaires).
2025-12-03 16:52:01,131 - ERROR - Erreur DB lors de l'enregistrement de la présence : null value in column "seance_cours_id" of relation "presence" violates not-null constraint
DETAIL:  Failing row contains (3, t, 1, null).

2025-12-03 16:52:12,533 - INFO - Génération des séances pour le jour 2025-12-03 (weekday=2)
2025-12-03 16:52:12,534 - INFO - Cache vide → récupération des horaires depuis la DB.
2025-12-03 16:52:12,545 - INFO - Horaires mis en cache (1 horaires).
2025-12-03 16:52:27,539 - INFO - Génération des séances pour le jour 2025-12-03 (weekday=2)
2025-12-03 16:52:27,541 - INFO - Cache vide → récupération des horaires depuis la DB.
2025-12-03 16:52:27,573 - INFO - Horaires mis en cache (1 horaires).
2025-12-03 16:52:41,145 - ERROR - Erreur DB lors de l'enregistrement de la présence : null value in column "seance_cours_id" of relation "presence" violates not-null constraint
DETAIL:  Failing row contains (4, t, 1, null).

2025-12-03 16:52:42,540 - INFO - Génération des séances pour le jour 2025-12-03 (weekday=2)
2025-12-03 16:52:42,541 - INFO - Cache vide → récupération des horaires depuis la DB.
2025-12-03 16:52:42,588 - INFO - Horaires mis en cache (1 horaires).
2025-12-03 16:52:57,548 - INFO - Génération des séances pour le jour 2025-12-03 (weekday=2)
2025-12-03 16:52:57,549 - INFO - Cache vide → récupération des horaires depuis la DB.
2025-12-03 16:52:57,590 - INFO - Horaires mis en cache (1 horaires).
2025-12-03 16:53:12,534 - INFO - Génération des séances pour le jour 2025-12-03 (weekday=2)
2025-12-03 16:53:12,534 - INFO - Cache vide → récupération des horaires depuis la DB.
2025-12-03 16:53:12,547 - INFO - Horaires mis en cache (1 horaires).
2025-12-03 16:53:27,540 - INFO - Génération des séances pour le jour 2025-12-03 (weekday=2)
2025-12-03 16:53:27,541 - INFO - Cache vide → récupération des horaires depuis la DB.
2025-12-03 16:53:27,582 - INFO - Horaires mis en cache (1 horaires).
2025-12-03 16:53:42,540 - INFO - Génération des séances pour le jour 2025-12-03 (weekday=2)
2025-12-03 16:53:42,541 - INFO - Cache vide → récupération des horaires depuis la DB.
2025-12-03 16:53:42,587 - INFO - Horaires mis en cache (1 horaires).
2025-12-03 16:53:57,540 - INFO - Génération des séances pour le jour 2025-12-03 (weekday=2)
2025-12-03 16:53:57,542 - INFO - Cache vide → récupération des horaires depuis la DB.
2025-12-03 16:53:57,583 - INFO - Horaires mis en cache (1 horaires).
2025-12-03 16:54:12,537 - INFO - Génération des séances pour le jour 2025-12-03 (weekday=2)
2025-12-03 16:54:12,537 - INFO - Cache vide → récupération des horaires depuis la DB.
2025-12-03 16:54:12,564 - INFO - Horaires mis en cache (1 horaires).
2025-12-03 16:54:27,541 - INFO - Génération des séances pour le jour 2025-12-03 (weekday=2)
2025-12-03 16:54:27,542 - INFO - Cache vide → récupération des horaires depuis la DB.
2025-12-03 16:54:27,588 - INFO - Horaires mis en cache (1 horaires).
2025-12-03 16:54:42,548 - INFO - Génération des séances pour le jour 2025-12-03 (weekday=2)
2025-12-03 16:54:42,550 - INFO - Cache vide → récupération des horaires depuis la DB.
2025-12-03 16:54:42,590 - INFO - Horaires mis en cache (1 horaires).
2025-12-03 16:54:57,541 - INFO - Génération des séances pour le jour 2025-12-03 (weekday=2)
2025-12-03 16:54:57,543 - INFO - Cache vide → récupération des horaires depuis la DB.
2025-12-03 16:54:57,589 - INFO - Horaires mis en cache (1 horaires).
2025-12-03 16:55:12,542 - INFO - Génération des séances pour le jour 2025-12-03 (weekday=2)
2025-12-03 16:55:12,543 - INFO - Cache vide → récupération des horaires depuis la DB.
2025-12-03 16:55:12,591 - INFO - Horaires mis en cache (1 horaires).
2025-12-03 16:55:27,536 - INFO - Génération des séances pour le jour 2025-12-03 (weekday=2)
2025-12-03 16:55:27,537 - INFO - Cache vide → récupération des horaires depuis la DB.
2025-12-03 16:55:27,552 - INFO - Horaires mis en cache (1 horaires).
2025-12-03 16:55:42,542 - INFO - Génération des séances pour le jour 2025-12-03 (weekday=2)
2025-12-03 16:55:42,544 - INFO - Cache vide → récupération des horaires depuis la DB.
2025-12-03 16:55:42,580 - INFO - Horaires mis en cache (1 horaires).
2025-12-03 16:55:57,542 - INFO - Génération des séances pour le jour 2025-12-03 (weekday=2)
2025-12-03 16:55:57,544 - INFO - Cache vide → récupération des horaires depuis la DB.
2025-12-03 16:55:57,582 - INFO - Horaires mis en cache (1 horaires).
2025-12-03 16:56:12,542 - INFO - Génération des séances pour le jour 2025-12-03 (weekday=2)
2025-12-03 16:56:12,544 - INFO - Cache vide → récupération des horaires depuis la DB.
2025-12-03 16:56:12,589 - INFO - Horaires mis en cache (1 horaires).
2025-12-03 16:56:27,538 - INFO - Génération des séances pour le jour 2025-12-03 (weekday=2)
2025-12-03 16:56:27,539 - INFO - Cache vide → récupération des horaires depuis la DB.
2025-12-03 16:56:27,565 - INFO - Horaires mis en cache (1 horaires).
2025-12-03 16:56:42,550 - INFO - Génération des séances pour le jour 2025-12-03 (weekday=2)
2025-12-03 16:56:42,552 - INFO - Cache vide → récupération des horaires depuis la DB.
2025-12-03 16:56:42,597 - INFO - Horaires mis en cache (1 horaires).
2025-12-03 16:56:57,543 - INFO - Génération des séances pour le jour 2025-12-03 (weekday=2)
2025-12-03 16:56:57,544 - INFO - Cache vide → récupération des horaires depuis la DB.
2025-12-03 16:56:57,595 - INFO - Horaires mis en cache (1 horaires).
2025-12-03 16:57:12,537 - INFO - Génération des séances pour le jour 2025-12-03 (weekday=2)
2025-12-03 16:57:12,537 - INFO - Cache vide → récupération des horaires depuis la DB.
2025-12-03 16:57:12,549 - INFO - Horaires mis en cache (1 horaires).
2025-12-03 16:57:27,543 - INFO - Génération des séances pour le jour 2025-12-03 (weekday=2)
2025-12-03 16:57:27,544 - INFO - Cache vide → récupération des horaires depuis la DB.
2025-12-03 16:57:27,578 - INFO - Horaires mis en cache (1 horaires).
2025-12-03 16:57:42,543 - INFO - Génération des séances pour le jour 2025-12-03 (weekday=2)
2025-12-03 16:57:42,544 - INFO - Cache vide → récupération des horaires depuis la DB.
2025-12-03 16:57:42,589 - INFO - Horaires mis en cache (1 horaires).
2025-12-03 16:57:57,541 - INFO - Génération des séances pour le jour 2025-12-03 (weekday=2)
2025-12-03 16:57:57,542 - INFO - Cache vide → récupération des horaires depuis la DB.
2025-12-03 16:57:57,564 - INFO - Horaires mis en cache (1 horaires).
2025-12-03 16:58:12,544 - INFO - Génération des séances pour le jour 2025-12-03 (weekday=2)
2025-12-03 16:58:12,545 - INFO - Cache vide → récupération des horaires depuis la DB.
2025-12-03 16:58:12,587 - INFO - Horaires mis en cache (1 horaires).
2025-12-03 16:58:27,551 - INFO - Génération des séances pour le jour 2025-12-03 (weekday=2)
2025-12-03 16:58:27,553 - INFO - Cache vide → récupération des horaires depuis la DB.
2025-12-03 16:58:27,593 - INFO - Horaires mis en cache (1 horaires).
2025-12-03 16:58:42,547 - INFO - Génération des séances pour le jour 2025-12-03 (weekday=2)
2025-12-03 16:58:42,548 - INFO - Cache vide → récupération des horaires depuis la DB.
2025-12-03 16:58:42,574 - INFO - Horaires mis en cache (1 horaires).
2025-12-03 16:58:57,544 - INFO - Génération des séances pour le jour 2025-12-03 (weekday=2)
2025-12-03 16:58:57,545 - INFO - Cache vide → récupération des horaires depuis la DB.
2025-12-03 16:58:57,590 - INFO - Horaires mis en cache (1 horaires).
2025-12-03 16:59:12,544 - INFO - Génération des séances pour le jour 2025-12-03 (weekday=2)
2025-12-03 16:59:12,545 - INFO - Cache vide → récupération des horaires depuis la DB.
2025-12-03 16:59:12,596 - INFO - Horaires mis en cache (1 horaires).
2025-12-03 16:59:27,544 - INFO - Génération des séances pour le jour 2025-12-03 (weekday=2)
2025-12-03 16:59:27,545 - INFO - Cache vide → récupération des horaires depuis la DB.
2025-12-03 16:59:27,596 - INFO - Horaires mis en cache (1 horaires).
2025-12-03 16:59:42,540 - INFO - Génération des séances pour le jour 2025-12-03 (weekday=2)
2025-12-03 16:59:42,541 - INFO - Cache vide → récupération des horaires depuis la DB.
2025-12-03 16:59:42,566 - INFO - Horaires mis en cache (1 horaires).
2025-12-03 16:59:57,544 - INFO - Génération des séances pour le jour 2025-12-03 (weekday=2)
2025-12-03 16:59:57,545 - INFO - Cache vide → récupération des horaires depuis la DB.
2025-12-03 16:59:57,590 - INFO - Horaires mis en cache (1 horaires).
2025-12-03 17:00:12,544 - INFO - Génération des séances pour le jour 2025-12-03 (weekday=2)
2025-12-03 17:00:12,545 - INFO - Cache vide → récupération des horaires depuis la DB.
2025-12-03 17:00:12,590 - INFO - Horaires mis en cache (1 horaires).
2025-12-03 17:00:27,546 - INFO - Génération des séances pour le jour 2025-12-03 (weekday=2)
2025-12-03 17:00:27,546 - INFO - Cache vide → récupération des horaires depuis la DB.
2025-12-03 17:00:27,558 - INFO - Horaires mis en cache (1 horaires).
2025-12-03 17:00:42,539 - INFO - Génération des séances pour le jour 2025-12-03 (weekday=2)
2025-12-03 17:00:42,540 - INFO - Cache vide → récupération des horaires depuis la DB.
2025-12-03 17:00:42,557 - INFO - Horaires mis en cache (1 horaires).
2025-12-03 17:00:57,545 - INFO - Génération des séances pour le jour 2025-12-03 (weekday=2)
2025-12-03 17:00:57,546 - INFO - Cache vide → récupération des horaires depuis la DB.
2025-12-03 17:00:57,597 - INFO - Horaires mis en cache (1 horaires).
2025-12-03 17:01:12,544 - INFO - Génération des séances pour le jour 2025-12-03 (weekday=2)
2025-12-03 17:01:12,545 - INFO - Cache vide → récupération des horaires depuis la DB.
2025-12-03 17:01:12,588 - INFO - Horaires mis en cache (1 horaires).
2025-12-03 17:01:27,544 - INFO - Génération des séances pour le jour 2025-12-03 (weekday=2)
2025-12-03 17:01:27,546 - INFO - Cache vide → récupération des horaires depuis la DB.
2025-12-03 17:01:27,561 - INFO - Horaires mis en cache (1 horaires).
2025-12-03 17:01:42,544 - INFO - Génération des séances pour le jour 2025-12-03 (weekday=2)
2025-12-03 17:01:42,546 - INFO - Cache vide → récupération des horaires depuis la DB.
2025-12-03 17:01:42,583 - INFO - Horaires mis en cache (1 horaires).
2025-12-03 17:01:57,552 - INFO - Génération des séances pour le jour 2025-12-03 (weekday=2)
2025-12-03 17:01:57,553 - INFO - Cache vide → récupération des horaires depuis la DB.
2025-12-03 17:01:57,589 - INFO - Horaires mis en cache (1 horaires).
2025-12-03 17:02:12,552 - INFO - Génération des séances pour le jour 2025-12-03 (weekday=2)
2025-12-03 17:02:12,554 - INFO - Cache vide → récupération des horaires depuis la DB.
2025-12-03 17:02:12,600 - INFO - Horaires mis en cache (1 horaires).
2025-12-03 17:02:27,545 - INFO - Génération des séances pour le jour 2025-12-03 (weekday=2)
2025-12-03 17:02:27,547 - INFO - Cache vide → récupération des horaires depuis la DB.
2025-12-03 17:02:27,584 - INFO - Horaires mis en cache (1 horaires).
2025-12-03 17:02:42,540 - INFO - Génération des séances pour le jour 2025-12-03 (weekday=2)
2025-12-03 17:02:42,540 - INFO - Cache vide → récupération des horaires depuis la DB.
2025-12-03 17:02:42,552 - INFO - Horaires mis en cache (1 horaires).
2025-12-03 17:02:57,545 - INFO - Génération des séances pour le jour 2025-12-03 (weekday=2)
2025-12-03 17:02:57,546 - INFO - Cache vide → récupération des horaires depuis la DB.
2025-12-03 17:02:57,568 - INFO - Horaires mis en cache (1 horaires).
2025-12-03 17:03:12,540 - INFO - Génération des séances pour le jour 2025-12-03 (weekday=2)
2025-12-03 17:03:12,540 - INFO - Cache vide → récupération des horaires depuis la DB.
2025-12-03 17:03:12,551 - INFO - Horaires mis en cache (1 horaires).
2025-12-03 17:03:27,545 - INFO - Génération des séances pour le jour 2025-12-03 (weekday=2)
2025-12-03 17:03:27,547 - INFO - Cache vide → récupération des horaires depuis la DB.
2025-12-03 17:03:27,592 - INFO - Horaires mis en cache (1 horaires).
2025-12-03 17:03:42,553 - INFO - Génération des séances pour le jour 2025-12-03 (weekday=2)
2025-12-03 17:03:42,555 - INFO - Cache vide → récupération des horaires depuis la DB.
2025-12-03 17:03:42,575 - INFO - Horaires mis en cache (1 horaires).
2025-12-03 17:03:57,548 - INFO - Génération des séances pour le jour 2025-12-03 (weekday=2)
2025-12-03 17:03:57,548 - INFO - Cache vide → récupération des horaires depuis la DB.
2025-12-03 17:03:57,560 - INFO - Horaires mis en cache (1 horaires).
2025-12-03 17:04:12,540 - INFO - Génération des séances pour le jour 2025-12-03 (weekday=2)
2025-12-03 17:04:12,540 - INFO - Cache vide → récupération des horaires depuis la DB.
2025-12-03 17:04:12,552 - INFO - Horaires mis en cache (1 horaires).
2025-12-03 17:04:27,546 - INFO - Génération des séances pour le jour 2025-12-03 (weekday=2)
2025-12-03 17:04:27,547 - INFO - Cache vide → récupération des horaires depuis la DB.
2025-12-03 17:04:27,587 - INFO - Horaires mis en cache (1 horaires).
2025-12-03 17:04:42,546 - INFO - Génération des séances pour le jour 2025-12-03 (weekday=2)
2025-12-03 17:04:42,547 - INFO - Cache vide → récupération des horaires depuis la DB.
2025-12-03 17:04:42,574 - INFO - Horaires mis en cache (1 horaires).
2025-12-03 17:04:57,546 - INFO - Génération des séances pour le jour 2025-12-03 (weekday=2)
2025-12-03 17:04:57,547 - INFO - Cache vide → récupération des horaires depuis la DB.
2025-12-03 17:04:57,593 - INFO - Horaires mis en cache (1 horaires).
2025-12-03 17:05:12,541 - INFO - Génération des séances pour le jour 2025-12-03 (weekday=2)
2025-12-03 17:05:12,541 - INFO - Cache vide → récupération des horaires depuis la DB.
2025-12-03 17:05:12,552 - INFO - Horaires mis en cache (1 horaires).
2025-12-03 17:05:27,554 - INFO - Génération des séances pour le jour 2025-12-03 (weekday=2)
2025-12-03 17:05:27,555 - INFO - Cache vide → récupération des horaires depuis la DB.
2025-12-03 17:05:27,600 - INFO - Horaires mis en cache (1 horaires).
2025-12-03 17:05:42,554 - INFO - Génération des séances pour le jour 2025-12-03 (weekday=2)
2025-12-03 17:05:42,555 - INFO - Cache vide → récupération des horaires depuis la DB.
2025-12-03 17:05:42,576 - INFO - Horaires mis en cache (1 horaires).
2025-12-03 17:05:57,546 - INFO - Génération des séances pour le jour 2025-12-03 (weekday=2)
2025-12-03 17:05:57,548 - INFO - Cache vide → récupération des horaires depuis la DB.
2025-12-03 17:05:57,593 - INFO - Horaires mis en cache (1 horaires).
2025-12-03 17:06:12,546 - INFO - Génération des séances pour le jour 2025-12-03 (weekday=2)
2025-12-03 17:06:12,548 - INFO - Cache vide → récupération des horaires depuis la DB.
2025-12-03 17:06:12,593 - INFO - Horaires mis en cache (1 horaires).
2025-12-03 17:06:27,541 - INFO - Génération des séances pour le jour 2025-12-03 (weekday=2)
2025-12-03 17:06:27,541 - INFO - Cache vide → récupération des horaires depuis la DB.
2025-12-03 17:06:27,553 - INFO - Horaires mis en cache (1 horaires).
2025-12-03 17:06:42,547 - INFO - Génération des séances pour le jour 2025-12-03 (weekday=2)
2025-12-03 17:06:42,549 - INFO - Cache vide → récupération des horaires depuis la DB.
2025-12-03 17:06:42,595 - INFO - Horaires mis en cache (1 horaires).
2025-12-03 17:06:57,547 - INFO - Génération des séances pour le jour 2025-12-03 (weekday=2)
2025-12-03 17:06:57,548 - INFO - Cache vide → récupération des horaires depuis la DB.
2025-12-03 17:06:57,592 - INFO - Horaires mis en cache (1 horaires).
2025-12-03 17:07:12,549 - INFO - Génération des séances pour le jour 2025-12-03 (weekday=2)
2025-12-03 17:07:12,550 - INFO - Cache vide → récupération des horaires depuis la DB.
2025-12-03 17:07:12,562 - INFO - Horaires mis en cache (1 horaires).
2025-12-03 17:07:27,547 - INFO - Génération des séances pour le jour 2025-12-03 (weekday=2)
2025-12-03 17:07:27,549 - INFO - Cache vide → récupération des horaires depuis la DB.
2025-12-03 17:07:27,594 - INFO - Horaires mis en cache (1 horaires).
2025-12-03 17:07:42,543 - INFO - Génération des séances pour le jour 2025-12-03 (weekday=2)
2025-12-03 17:07:42,544 - INFO - Cache vide → récupération des horaires depuis la DB.
2025-12-03 17:07:42,555 - INFO - Horaires mis en cache (1 horaires).
2025-12-03 17:07:57,542 - INFO - Génération des séances pour le jour 2025-12-03 (weekday=2)
2025-12-03 17:07:57,542 - INFO - Cache vide → récupération des horaires depuis la DB.
2025-12-03 17:07:57,554 - INFO - Horaires mis en cache (1 horaires).
2025-12-03 17:08:12,543 - INFO - Génération des séances pour le jour 2025-12-03 (weekday=2)
2025-12-03 17:08:12,544 - INFO - Cache vide → récupération des horaires depuis la DB.
2025-12-03 17:08:12,559 - INFO - Horaires mis en cache (1 horaires).
2025-12-08 11:39:39,553 - WARNING - Cours introuvable: id=2
2025-12-08 11:44:39,934 - INFO - Génération des séances pour le jour 2025-12-08 (weekday=0)
2025-12-08 11:44:39,937 - INFO - Cache vide → récupération des horaires depuis la DB.
2025-12-08 11:44:39,955 - INFO - Horaires mis en cache (1 horaires).
2025-12-08 11:44:39,971 - INFO - Génération des séances pour le jour 2025-12-08 (weekday=0)
2025-12-08 11:44:39,975 - INFO - Horaires récupérés depuis le cache (1 horaires).
2025-12-08 11:44:40,009 - INFO - Génération des séances pour le jour 2025-12-08 (weekday=0)
2025-12-08 11:44:40,010 - INFO - Horaires récupérés depuis le cache (1 horaires).
2025-12-08 11:44:43,317 - INFO - Génération des séances pour le jour 2025-12-08 (weekday=0)
2025-12-08 11:44:43,322 - INFO - Cache vide → récupération des horaires depuis la DB.
2025-12-08 11:44:43,333 - INFO - Horaires mis en cache (1 horaires).
2025-12-08 11:44:58,306 - INFO - Génération des séances pour le jour 2025-12-08 (weekday=0)
2025-12-08 11:44:58,307 - INFO - Cache vide → récupération des horaires depuis la DB.
2025-12-08 11:44:58,318 - INFO - Horaires mis en cache (1 horaires).
2025-12-08 11:45:13,315 - INFO - Génération des séances pour le jour 2025-12-08 (weekday=0)
2025-12-08 11:45:13,315 - INFO - Cache vide → récupération des horaires depuis la DB.
2025-12-08 11:45:13,328 - INFO - Horaires mis en cache (1 horaires).
2025-12-08 11:45:13,333 - INFO - Séance créée : ALGO pour la classe 1 (11:45 - 12:48)
2025-12-08 11:45:28,307 - INFO - Génération des séances pour le jour 2025-12-08 (weekday=0)
2025-12-08 11:45:28,307 - INFO - Cache vide → récupération des horaires depuis la DB.
2025-12-08 11:45:28,318 - INFO - Horaires mis en cache (1 horaires).
2025-12-08 11:45:43,310 - INFO - Génération des séances pour le jour 2025-12-08 (weekday=0)
2025-12-08 11:45:43,311 - INFO - Cache vide → récupération des horaires depuis la DB.
2025-12-08 11:45:43,322 - INFO - Horaires mis en cache (1 horaires).
2025-12-08 11:45:58,316 - INFO - Génération des séances pour le jour 2025-12-08 (weekday=0)
2025-12-08 11:45:58,317 - INFO - Cache vide → récupération des horaires depuis la DB.
2025-12-08 11:45:58,350 - INFO - Horaires mis en cache (1 horaires).
2025-12-08 11:46:13,321 - INFO - Génération des séances pour le jour 2025-12-08 (weekday=0)
2025-12-08 11:46:13,322 - INFO - Cache vide → récupération des horaires depuis la DB.
2025-12-08 11:46:13,352 - INFO - Horaires mis en cache (1 horaires).
2025-12-08 11:46:28,309 - INFO - Génération des séances pour le jour 2025-12-08 (weekday=0)
2025-12-08 11:46:28,309 - INFO - Cache vide → récupération des horaires depuis la DB.
2025-12-08 11:46:28,320 - INFO - Horaires mis en cache (1 horaires).
2025-12-08 11:46:43,310 - INFO - Génération des séances pour le jour 2025-12-08 (weekday=0)
2025-12-08 11:46:43,310 - INFO - Cache vide → récupération des horaires depuis la DB.
2025-12-08 11:46:43,324 - INFO - Horaires mis en cache (1 horaires).
2025-12-08 11:46:58,318 - INFO - Génération des séances pour le jour 2025-12-08 (weekday=0)
2025-12-08 11:46:58,319 - INFO - Cache vide → récupération des horaires depuis la DB.
2025-12-08 11:46:58,356 - INFO - Horaires mis en cache (1 horaires).
2025-12-08 11:47:13,320 - INFO - Génération des séances pour le jour 2025-12-08 (weekday=0)
2025-12-08 11:47:13,320 - INFO - Cache vide → récupération des horaires depuis la DB.
2025-12-08 11:47:13,332 - INFO - Horaires mis en cache (1 horaires).
2025-12-08 11:47:28,312 - INFO - Génération des séances pour le jour 2025-12-08 (weekday=0)
2025-12-08 11:47:28,313 - INFO - Cache vide → récupération des horaires depuis la DB.
2025-12-08 11:47:28,328 - INFO - Horaires mis en cache (1 horaires).
2025-12-08 11:47:43,312 - INFO - Génération des séances pour le jour 2025-12-08 (weekday=0)
2025-12-08 11:47:43,313 - INFO - Cache vide → récupération des horaires depuis la DB.
2025-12-08 11:47:43,324 - INFO - Horaires mis en cache (1 horaires).
2025-12-08 11:47:53,735 - WARNING - Étudiant introuvable: matricule=987654
2025-12-08 11:47:58,317 - INFO - Génération des séances pour le jour 2025-12-08 (weekday=0)
2025-12-08 11:47:58,318 - INFO - Cache vide → récupération des horaires depuis la DB.
2025-12-08 11:47:58,360 - INFO - Horaires mis en cache (1 horaires).
2025-12-08 11:48:13,326 - INFO - Génération des séances pour le jour 2025-12-08 (weekday=0)
2025-12-08 11:48:13,328 - INFO - Cache vide → récupération des horaires depuis la DB.
2025-12-08 11:48:13,340 - INFO - Horaires mis en cache (1 horaires).
2025-12-08 11:48:28,317 - INFO - Génération des séances pour le jour 2025-12-08 (weekday=0)
2025-12-08 11:48:28,318 - INFO - Cache vide → récupération des horaires depuis la DB.
2025-12-08 11:48:28,328 - INFO - Horaires mis en cache (1 horaires).
2025-12-08 11:48:43,320 - INFO - Génération des séances pour le jour 2025-12-08 (weekday=0)
2025-12-08 11:48:43,321 - INFO - Cache vide → récupération des horaires depuis la DB.
2025-12-08 11:48:43,333 - INFO - Horaires mis en cache (1 horaires).
2025-12-08 11:48:58,319 - INFO - Génération des séances pour le jour 2025-12-08 (weekday=0)
2025-12-08 11:48:58,321 - INFO - Cache vide → récupération des horaires depuis la DB.
2025-12-08 11:48:58,356 - INFO - Horaires mis en cache (1 horaires).
2025-12-08 11:49:13,313 - INFO - Génération des séances pour le jour 2025-12-08 (weekday=0)
2025-12-08 11:49:13,313 - INFO - Cache vide → récupération des horaires depuis la DB.
2025-12-08 11:49:13,324 - INFO - Horaires mis en cache (1 horaires).
2025-12-08 11:49:28,320 - INFO - Génération des séances pour le jour 2025-12-08 (weekday=0)
2025-12-08 11:49:28,321 - INFO - Cache vide → récupération des horaires depuis la DB.
2025-12-08 11:49:28,359 - INFO - Horaires mis en cache (1 horaires).
2025-12-08 11:49:43,321 - INFO - Génération des séances pour le jour 2025-12-08 (weekday=0)
2025-12-08 11:49:43,321 - INFO - Cache vide → récupération des horaires depuis la DB.
2025-12-08 11:49:43,333 - INFO - Horaires mis en cache (1 horaires).
2025-12-08 11:49:58,313 - INFO - Génération des séances pour le jour 2025-12-08 (weekday=0)
2025-12-08 11:49:58,313 - INFO - Cache vide → récupération des horaires depuis la DB.
2025-12-08 11:49:58,324 - INFO - Horaires mis en cache (1 horaires).
2025-12-08 11:50:13,327 - INFO - Génération des séances pour le jour 2025-12-08 (weekday=0)
2025-12-08 11:50:13,329 - INFO - Cache vide → récupération des horaires depuis la DB.
2025-12-08 11:50:13,378 - INFO - Horaires mis en cache (1 horaires).
2025-12-08 11:50:28,319 - INFO - Génération des séances pour le jour 2025-12-08 (weekday=0)
2025-12-08 11:50:28,321 - INFO - Cache vide → récupération des horaires depuis la DB.
2025-12-08 11:50:28,354 - INFO - Horaires mis en cache (1 horaires).
2025-12-08 11:50:43,321 - INFO - Génération des séances pour le jour 2025-12-08 (weekday=0)
2025-12-08 11:50:43,321 - INFO - Cache vide → récupération des horaires depuis la DB.
2025-12-08 11:50:43,332 - INFO - Horaires mis en cache (1 horaires).
2025-12-08 11:50:58,314 - INFO - Génération des séances pour le jour 2025-12-08 (weekday=0)
2025-12-08 11:50:58,314 - INFO - Cache vide → récupération des horaires depuis la DB.
2025-12-08 11:50:58,325 - INFO - Horaires mis en cache (1 horaires).
2025-12-08 11:51:13,321 - INFO - Génération des séances pour le jour 2025-12-08 (weekday=0)
2025-12-08 11:51:13,321 - INFO - Cache vide → récupération des horaires depuis la DB.
2025-12-08 11:51:13,333 - INFO - Horaires mis en cache (1 horaires).
2025-12-08 11:51:28,313 - INFO - Génération des séances pour le jour 2025-12-08 (weekday=0)
2025-12-08 11:51:28,314 - INFO - Cache vide → récupération des horaires depuis la DB.
2025-12-08 11:51:28,324 - INFO - Horaires mis en cache (1 horaires).
2025-12-08 11:51:43,321 - INFO - Génération des séances pour le jour 2025-12-08 (weekday=0)
2025-12-08 11:51:43,321 - INFO - Cache vide → récupération des horaires depuis la DB.
2025-12-08 11:51:43,333 - INFO - Horaires mis en cache (1 horaires).
2025-12-08 11:51:58,314 - INFO - Génération des séances pour le jour 2025-12-08 (weekday=0)
2025-12-08 11:51:58,314 - INFO - Cache vide → récupération des horaires depuis la DB.
2025-12-08 11:51:58,328 - INFO - Horaires mis en cache (1 horaires).
2025-12-08 11:52:13,321 - INFO - Génération des séances pour le jour 2025-12-08 (weekday=0)
2025-12-08 11:52:13,322 - INFO - Cache vide → récupération des horaires depuis la DB.
2025-12-08 11:52:13,333 - INFO - Horaires mis en cache (1 horaires).
2025-12-08 11:52:28,318 - INFO - Génération des séances pour le jour 2025-12-08 (weekday=0)
2025-12-08 11:52:28,319 - INFO - Cache vide → récupération des horaires depuis la DB.
2025-12-08 11:52:28,337 - INFO - Horaires mis en cache (1 horaires).
2025-12-08 11:52:43,314 - INFO - Génération des séances pour le jour 2025-12-08 (weekday=0)
2025-12-08 11:52:43,314 - INFO - Cache vide → récupération des horaires depuis la DB.
2025-12-08 11:52:43,326 - INFO - Horaires mis en cache (1 horaires).
2025-12-08 11:52:58,314 - INFO - Génération des séances pour le jour 2025-12-08 (weekday=0)
2025-12-08 11:52:58,315 - INFO - Cache vide → récupération des horaires depuis la DB.
2025-12-08 11:52:58,325 - INFO - Horaires mis en cache (1 horaires).
2025-12-08 11:53:13,328 - INFO - Génération des séances pour le jour 2025-12-08 (weekday=0)
2025-12-08 11:53:13,330 - INFO - Cache vide → récupération des horaires depuis la DB.
2025-12-08 11:53:13,351 - INFO - Horaires mis en cache (1 horaires).
2025-12-08 11:53:28,314 - INFO - Génération des séances pour le jour 2025-12-08 (weekday=0)
2025-12-08 11:53:28,314 - INFO - Cache vide → récupération des horaires depuis la DB.
2025-12-08 11:53:28,324 - INFO - Horaires mis en cache (1 horaires).
2025-12-08 11:53:43,322 - INFO - Génération des séances pour le jour 2025-12-08 (weekday=0)
2025-12-08 11:53:43,322 - INFO - Cache vide → récupération des horaires depuis la DB.
2025-12-08 11:53:43,336 - INFO - Horaires mis en cache (1 horaires).
2025-12-08 11:53:45,029 - INFO - Présence enregistrée: etudiant=987654, classe=1, cours=1, seance=1
2025-12-08 11:53:58,314 - INFO - Génération des séances pour le jour 2025-12-08 (weekday=0)
2025-12-08 11:53:58,314 - INFO - Cache vide → récupération des horaires depuis la DB.
2025-12-08 11:53:58,325 - INFO - Horaires mis en cache (1 horaires).
2025-12-08 11:54:13,328 - INFO - Génération des séances pour le jour 2025-12-08 (weekday=0)
2025-12-08 11:54:13,330 - INFO - Cache vide → récupération des horaires depuis la DB.
2025-12-08 11:54:13,369 - INFO - Horaires mis en cache (1 horaires).
2025-12-08 11:54:28,314 - INFO - Génération des séances pour le jour 2025-12-08 (weekday=0)
2025-12-08 11:54:28,315 - INFO - Cache vide → récupération des horaires depuis la DB.
2025-12-08 11:54:28,327 - INFO - Horaires mis en cache (1 horaires).
2025-12-08 11:54:43,314 - INFO - Génération des séances pour le jour 2025-12-08 (weekday=0)
2025-12-08 11:54:43,315 - INFO - Cache vide → récupération des horaires depuis la DB.
2025-12-08 11:54:43,326 - INFO - Horaires mis en cache (1 horaires).
2025-12-08 11:54:58,321 - INFO - Génération des séances pour le jour 2025-12-08 (weekday=0)
2025-12-08 11:54:58,322 - INFO - Cache vide → récupération des horaires depuis la DB.
2025-12-08 11:54:58,336 - INFO - Horaires mis en cache (1 horaires).
2025-12-08 11:55:13,322 - INFO - Génération des séances pour le jour 2025-12-08 (weekday=0)
2025-12-08 11:55:13,323 - INFO - Cache vide → récupération des horaires depuis la DB.
2025-12-08 11:55:13,334 - INFO - Horaires mis en cache (1 horaires).
2025-12-08 11:55:28,314 - INFO - Génération des séances pour le jour 2025-12-08 (weekday=0)
2025-12-08 11:55:28,315 - INFO - Cache vide → récupération des horaires depuis la DB.
2025-12-08 11:55:28,327 - INFO - Horaires mis en cache (1 horaires).
2025-12-08 11:55:43,323 - INFO - Génération des séances pour le jour 2025-12-08 (weekday=0)
2025-12-08 11:55:43,324 - INFO - Cache vide → récupération des horaires depuis la DB.
2025-12-08 11:55:43,346 - INFO - Horaires mis en cache (1 horaires).
2025-12-08 11:55:58,321 - INFO - Génération des séances pour le jour 2025-12-08 (weekday=0)
2025-12-08 11:55:58,322 - INFO - Cache vide → récupération des horaires depuis la DB.
2025-12-08 11:55:58,333 - INFO - Horaires mis en cache (1 horaires).
2025-12-08 11:56:13,320 - INFO - Génération des séances pour le jour 2025-12-08 (weekday=0)
2025-12-08 11:56:13,322 - INFO - Cache vide → récupération des horaires depuis la DB.
2025-12-08 11:56:13,356 - INFO - Horaires mis en cache (1 horaires).
2025-12-08 11:56:28,320 - INFO - Génération des séances pour le jour 2025-12-08 (weekday=0)
2025-12-08 11:56:28,321 - INFO - Cache vide → récupération des horaires depuis la DB.
2025-12-08 11:56:28,352 - INFO - Horaires mis en cache (1 horaires).
2025-12-08 11:56:43,329 - INFO - Génération des séances pour le jour 2025-12-08 (weekday=0)
2025-12-08 11:56:43,330 - INFO - Cache vide → récupération des horaires depuis la DB.
2025-12-08 11:56:43,372 - INFO - Horaires mis en cache (1 horaires).
2025-12-08 11:56:58,315 - INFO - Génération des séances pour le jour 2025-12-08 (weekday=0)
2025-12-08 11:56:58,315 - INFO - Cache vide → récupération des horaires depuis la DB.
2025-12-08 11:56:58,329 - INFO - Horaires mis en cache (1 horaires).
2025-12-08 11:57:13,323 - INFO - Génération des séances pour le jour 2025-12-08 (weekday=0)
2025-12-08 11:57:13,324 - INFO - Cache vide → récupération des horaires depuis la DB.
2025-12-08 11:57:13,335 - INFO - Horaires mis en cache (1 horaires).
2025-12-08 11:57:28,315 - INFO - Génération des séances pour le jour 2025-12-08 (weekday=0)
2025-12-08 11:57:28,315 - INFO - Cache vide → récupération des horaires depuis la DB.
2025-12-08 11:57:28,326 - INFO - Horaires mis en cache (1 horaires).
2025-12-08 11:57:43,315 - INFO - Génération des séances pour le jour 2025-12-08 (weekday=0)
2025-12-08 11:57:43,316 - INFO - Cache vide → récupération des horaires depuis la DB.
2025-12-08 11:57:43,327 - INFO - Horaires mis en cache (1 horaires).
2025-12-08 11:57:58,315 - INFO - Génération des séances pour le jour 2025-12-08 (weekday=0)
2025-12-08 11:57:58,315 - INFO - Cache vide → récupération des horaires depuis la DB.
2025-12-08 11:57:58,328 - INFO - Horaires mis en cache (1 horaires).
2025-12-08 11:58:13,315 - INFO - Génération des séances pour le jour 2025-12-08 (weekday=0)
2025-12-08 11:58:13,315 - INFO - Cache vide → récupération des horaires depuis la DB.
2025-12-08 11:58:13,327 - INFO - Horaires mis en cache (1 horaires).
2025-12-08 11:58:28,315 - INFO - Génération des séances pour le jour 2025-12-08 (weekday=0)
2025-12-08 11:58:28,315 - INFO - Cache vide → récupération des horaires depuis la DB.
2025-12-08 11:58:28,326 - INFO - Horaires mis en cache (1 horaires).
2025-12-08 11:58:43,325 - INFO - Génération des séances pour le jour 2025-12-08 (weekday=0)
2025-12-08 11:58:43,325 - INFO - Cache vide → récupération des horaires depuis la DB.
2025-12-08 11:58:43,346 - INFO - Horaires mis en cache (1 horaires).
2025-12-08 11:58:58,324 - INFO - Génération des séances pour le jour 2025-12-08 (weekday=0)
2025-12-08 11:58:58,325 - INFO - Cache vide → récupération des horaires depuis la DB.
2025-12-08 11:58:58,351 - INFO - Horaires mis en cache (1 horaires).
2025-12-08 11:59:13,324 - INFO - Génération des séances pour le jour 2025-12-08 (weekday=0)
2025-12-08 11:59:13,325 - INFO - Cache vide → récupération des horaires depuis la DB.
2025-12-08 11:59:13,336 - INFO - Horaires mis en cache (1 horaires).
2025-12-08 11:59:28,316 - INFO - Génération des séances pour le jour 2025-12-08 (weekday=0)
2025-12-08 11:59:28,316 - INFO - Cache vide → récupération des horaires depuis la DB.
2025-12-08 11:59:28,328 - INFO - Horaires mis en cache (1 horaires).
2025-12-08 11:59:43,324 - INFO - Génération des séances pour le jour 2025-12-08 (weekday=0)
2025-12-08 11:59:43,325 - INFO - Cache vide → récupération des horaires depuis la DB.
2025-12-08 11:59:43,336 - INFO - Horaires mis en cache (1 horaires).
2025-12-08 11:59:58,316 - INFO - Génération des séances pour le jour 2025-12-08 (weekday=0)
2025-12-08 11:59:58,316 - INFO - Cache vide → récupération des horaires depuis la DB.
2025-12-08 11:59:58,328 - INFO - Horaires mis en cache (1 horaires).
2025-12-08 12:00:13,324 - INFO - Génération des séances pour le jour 2025-12-08 (weekday=0)
2025-12-08 12:00:13,324 - INFO - Cache vide → récupération des horaires depuis la DB.
2025-12-08 12:00:13,335 - INFO - Horaires mis en cache (1 horaires).
2025-12-08 12:00:28,316 - INFO - Génération des séances pour le jour 2025-12-08 (weekday=0)
2025-12-08 12:00:28,316 - INFO - Cache vide → récupération des horaires depuis la DB.
2025-12-08 12:00:28,327 - INFO - Horaires mis en cache (1 horaires).
2025-12-08 12:00:43,316 - INFO - Génération des séances pour le jour 2025-12-08 (weekday=0)
2025-12-08 12:00:43,317 - INFO - Cache vide → récupération des horaires depuis la DB.
2025-12-08 12:00:43,328 - INFO - Horaires mis en cache (1 horaires).
2025-12-08 12:00:58,316 - INFO - Génération des séances pour le jour 2025-12-08 (weekday=0)
2025-12-08 12:00:58,317 - INFO - Cache vide → récupération des horaires depuis la DB.
2025-12-08 12:00:58,329 - INFO - Horaires mis en cache (1 horaires).
2025-12-08 12:01:13,324 - INFO - Génération des séances pour le jour 2025-12-08 (weekday=0)
2025-12-08 12:01:13,324 - INFO - Cache vide → récupération des horaires depuis la DB.
2025-12-08 12:01:13,335 - INFO - Horaires mis en cache (1 horaires).
2025-12-08 12:01:28,325 - INFO - Génération des séances pour le jour 2025-12-08 (weekday=0)
2025-12-08 12:01:28,326 - INFO - Cache vide → récupération des horaires depuis la DB.
2025-12-08 12:01:28,374 - INFO - Horaires mis en cache (1 horaires).
2025-12-08 12:01:43,326 - INFO - Génération des séances pour le jour 2025-12-08 (weekday=0)
2025-12-08 12:01:43,326 - INFO - Cache vide → récupération des horaires depuis la DB.
2025-12-08 12:01:43,337 - INFO - Horaires mis en cache (1 horaires).
2025-12-08 12:01:58,317 - INFO - Génération des séances pour le jour 2025-12-08 (weekday=0)
2025-12-08 12:01:58,317 - INFO - Cache vide → récupération des horaires depuis la DB.
2025-12-08 12:01:58,329 - INFO - Horaires mis en cache (1 horaires).
2025-12-08 12:02:13,331 - INFO - Génération des séances pour le jour 2025-12-08 (weekday=0)
2025-12-08 12:02:13,332 - INFO - Cache vide → récupération des horaires depuis la DB.
2025-12-08 12:02:13,373 - INFO - Horaires mis en cache (1 horaires).
2025-12-08 12:02:28,321 - INFO - Génération des séances pour le jour 2025-12-08 (weekday=0)
2025-12-08 12:02:28,322 - INFO - Cache vide → récupération des horaires depuis la DB.
2025-12-08 12:02:28,353 - INFO - Horaires mis en cache (1 horaires).
2025-12-08 12:02:43,323 - INFO - Génération des séances pour le jour 2025-12-08 (weekday=0)
2025-12-08 12:02:43,325 - INFO - Cache vide → récupération des horaires depuis la DB.
2025-12-08 12:02:43,372 - INFO - Horaires mis en cache (1 horaires).
2025-12-08 12:02:58,325 - INFO - Génération des séances pour le jour 2025-12-08 (weekday=0)
2025-12-08 12:02:58,327 - INFO - Cache vide → récupération des horaires depuis la DB.
2025-12-08 12:02:58,346 - INFO - Horaires mis en cache (1 horaires).
2025-12-08 12:03:13,325 - INFO - Génération des séances pour le jour 2025-12-08 (weekday=0)
2025-12-08 12:03:13,326 - INFO - Cache vide → récupération des horaires depuis la DB.
2025-12-08 12:03:13,338 - INFO - Horaires mis en cache (1 horaires).
2025-12-08 12:03:28,317 - INFO - Génération des séances pour le jour 2025-12-08 (weekday=0)
2025-12-08 12:03:28,318 - INFO - Cache vide → récupération des horaires depuis la DB.
2025-12-08 12:03:28,328 - INFO - Horaires mis en cache (1 horaires).
2025-12-08 12:03:43,318 - INFO - Génération des séances pour le jour 2025-12-08 (weekday=0)
2025-12-08 12:03:43,318 - INFO - Cache vide → récupération des horaires depuis la DB.
2025-12-08 12:03:43,329 - INFO - Horaires mis en cache (1 horaires).
2025-12-08 12:03:58,326 - INFO - Génération des séances pour le jour 2025-12-08 (weekday=0)
2025-12-08 12:03:58,327 - INFO - Cache vide → récupération des horaires depuis la DB.
2025-12-08 12:03:58,337 - INFO - Horaires mis en cache (1 horaires).
2025-12-08 12:04:13,318 - INFO - Génération des séances pour le jour 2025-12-08 (weekday=0)
2025-12-08 12:04:13,319 - INFO - Cache vide → récupération des horaires depuis la DB.
2025-12-08 12:04:13,329 - INFO - Horaires mis en cache (1 horaires).
2025-12-08 12:04:28,318 - INFO - Génération des séances pour le jour 2025-12-08 (weekday=0)
2025-12-08 12:04:28,319 - INFO - Cache vide → récupération des horaires depuis la DB.
2025-12-08 12:04:28,330 - INFO - Horaires mis en cache (1 horaires).
2025-12-08 12:04:43,326 - INFO - Génération des séances pour le jour 2025-12-08 (weekday=0)
2025-12-08 12:04:43,326 - INFO - Cache vide → récupération des horaires depuis la DB.
2025-12-08 12:04:43,339 - INFO - Horaires mis en cache (1 horaires).
2025-12-08 12:04:58,325 - INFO - Génération des séances pour le jour 2025-12-08 (weekday=0)
2025-12-08 12:04:58,326 - INFO - Cache vide → récupération des horaires depuis la DB.
2025-12-08 12:04:58,365 - INFO - Horaires mis en cache (1 horaires).
2025-12-08 12:05:13,326 - INFO - Génération des séances pour le jour 2025-12-08 (weekday=0)
2025-12-08 12:05:13,327 - INFO - Cache vide → récupération des horaires depuis la DB.
2025-12-08 12:05:13,339 - INFO - Horaires mis en cache (1 horaires).
2025-12-08 12:05:28,318 - INFO - Génération des séances pour le jour 2025-12-08 (weekday=0)
2025-12-08 12:05:28,319 - INFO - Cache vide → récupération des horaires depuis la DB.
2025-12-08 12:05:28,329 - INFO - Horaires mis en cache (1 horaires).
2025-12-08 12:05:43,332 - INFO - Génération des séances pour le jour 2025-12-08 (weekday=0)
2025-12-08 12:05:43,333 - INFO - Cache vide → récupération des horaires depuis la DB.
2025-12-08 12:05:43,379 - INFO - Horaires mis en cache (1 horaires).
2025-12-08 12:05:58,320 - INFO - Génération des séances pour le jour 2025-12-08 (weekday=0)
2025-12-08 12:05:58,321 - INFO - Cache vide → récupération des horaires depuis la DB.
2025-12-08 12:05:58,338 - INFO - Horaires mis en cache (1 horaires).
2025-12-08 12:06:13,325 - INFO - Génération des séances pour le jour 2025-12-08 (weekday=0)
2025-12-08 12:06:13,326 - INFO - Cache vide → récupération des horaires depuis la DB.
2025-12-08 12:06:13,369 - INFO - Horaires mis en cache (1 horaires).
2025-12-08 12:06:28,318 - INFO - Génération des séances pour le jour 2025-12-08 (weekday=0)
2025-12-08 12:06:28,319 - INFO - Cache vide → récupération des horaires depuis la DB.
2025-12-08 12:06:28,330 - INFO - Horaires mis en cache (1 horaires).
2025-12-08 12:06:43,327 - INFO - Génération des séances pour le jour 2025-12-08 (weekday=0)
2025-12-08 12:06:43,327 - INFO - Cache vide → récupération des horaires depuis la DB.
2025-12-08 12:06:43,339 - INFO - Horaires mis en cache (1 horaires).
2025-12-08 12:06:58,328 - INFO - Génération des séances pour le jour 2025-12-08 (weekday=0)
2025-12-08 12:06:58,330 - INFO - Cache vide → récupération des horaires depuis la DB.
2025-12-08 12:06:58,357 - INFO - Horaires mis en cache (1 horaires).
2025-12-08 12:07:13,328 - INFO - Génération des séances pour le jour 2025-12-08 (weekday=0)
2025-12-08 12:07:13,328 - INFO - Cache vide → récupération des horaires depuis la DB.
2025-12-08 12:07:13,341 - INFO - Horaires mis en cache (1 horaires).
2025-12-08 12:07:28,328 - INFO - Génération des séances pour le jour 2025-12-08 (weekday=0)
2025-12-08 12:07:28,329 - INFO - Cache vide → récupération des horaires depuis la DB.
2025-12-08 12:07:28,345 - INFO - Horaires mis en cache (1 horaires).
2025-12-08 12:07:43,330 - INFO - Génération des séances pour le jour 2025-12-08 (weekday=0)
2025-12-08 12:07:43,331 - INFO - Cache vide → récupération des horaires depuis la DB.
2025-12-08 12:07:43,347 - INFO - Horaires mis en cache (1 horaires).
2025-12-08 12:07:58,320 - INFO - Génération des séances pour le jour 2025-12-08 (weekday=0)
2025-12-08 12:07:58,321 - INFO - Cache vide → récupération des horaires depuis la DB.
2025-12-08 12:07:58,332 - INFO - Horaires mis en cache (1 horaires).
2025-12-08 12:08:13,321 - INFO - Génération des séances pour le jour 2025-12-08 (weekday=0)
2025-12-08 12:08:13,321 - INFO - Cache vide → récupération des horaires depuis la DB.
2025-12-08 12:08:13,332 - INFO - Horaires mis en cache (1 horaires).
2025-12-08 12:08:28,321 - INFO - Génération des séances pour le jour 2025-12-08 (weekday=0)
2025-12-08 12:08:28,321 - INFO - Cache vide → récupération des horaires depuis la DB.
2025-12-08 12:08:28,331 - INFO - Horaires mis en cache (1 horaires).
2025-12-08 12:08:43,329 - INFO - Génération des séances pour le jour 2025-12-08 (weekday=0)
2025-12-08 12:08:43,329 - INFO - Cache vide → récupération des horaires depuis la DB.
2025-12-08 12:08:43,341 - INFO - Horaires mis en cache (1 horaires).
2025-12-08 12:08:58,320 - INFO - Génération des séances pour le jour 2025-12-08 (weekday=0)
2025-12-08 12:08:58,321 - INFO - Cache vide → récupération des horaires depuis la DB.
2025-12-08 12:08:58,332 - INFO - Horaires mis en cache (1 horaires).
2025-12-08 12:09:13,322 - INFO - Génération des séances pour le jour 2025-12-08 (weekday=0)
2025-12-08 12:09:13,322 - INFO - Cache vide → récupération des horaires depuis la DB.
2025-12-08 12:09:13,333 - INFO - Horaires mis en cache (1 horaires).
2025-12-08 12:09:28,328 - INFO - Génération des séances pour le jour 2025-12-08 (weekday=0)
2025-12-08 12:09:28,329 - INFO - Cache vide → récupération des horaires depuis la DB.
2025-12-08 12:09:28,370 - INFO - Horaires mis en cache (1 horaires).
2025-12-08 12:09:43,328 - INFO - Génération des séances pour le jour 2025-12-08 (weekday=0)
2025-12-08 12:09:43,329 - INFO - Cache vide → récupération des horaires depuis la DB.
2025-12-08 12:09:43,375 - INFO - Horaires mis en cache (1 horaires).
2025-12-08 12:09:58,327 - INFO - Génération des séances pour le jour 2025-12-08 (weekday=0)
2025-12-08 12:09:58,329 - INFO - Cache vide → récupération des horaires depuis la DB.
2025-12-08 12:09:58,378 - INFO - Horaires mis en cache (1 horaires).
2025-12-08 12:10:13,330 - INFO - Génération des séances pour le jour 2025-12-08 (weekday=0)
2025-12-08 12:10:13,330 - INFO - Cache vide → récupération des horaires depuis la DB.
2025-12-08 12:10:13,341 - INFO - Horaires mis en cache (1 horaires).
2025-12-08 12:10:28,321 - INFO - Génération des séances pour le jour 2025-12-08 (weekday=0)
2025-12-08 12:10:28,322 - INFO - Cache vide → récupération des horaires depuis la DB.
2025-12-08 12:10:28,333 - INFO - Horaires mis en cache (1 horaires).
2025-12-08 12:10:43,329 - INFO - Génération des séances pour le jour 2025-12-08 (weekday=0)
2025-12-08 12:10:43,330 - INFO - Cache vide → récupération des horaires depuis la DB.
2025-12-08 12:10:43,342 - INFO - Horaires mis en cache (1 horaires).
2025-12-08 12:10:58,330 - INFO - Génération des séances pour le jour 2025-12-08 (weekday=0)
2025-12-08 12:10:58,332 - INFO - Cache vide → récupération des horaires depuis la DB.
2025-12-08 12:10:58,365 - INFO - Horaires mis en cache (1 horaires).
2025-12-08 12:11:13,329 - INFO - Génération des séances pour le jour 2025-12-08 (weekday=0)
2025-12-08 12:11:13,331 - INFO - Cache vide → récupération des horaires depuis la DB.
2025-12-08 12:11:13,376 - INFO - Horaires mis en cache (1 horaires).
2025-12-08 12:11:28,329 - INFO - Génération des séances pour le jour 2025-12-08 (weekday=0)
2025-12-08 12:11:28,330 - INFO - Cache vide → récupération des horaires depuis la DB.
2025-12-08 12:11:28,361 - INFO - Horaires mis en cache (1 horaires).
2025-12-08 12:11:43,329 - INFO - Génération des séances pour le jour 2025-12-08 (weekday=0)
2025-12-08 12:11:43,330 - INFO - Cache vide → récupération des horaires depuis la DB.
2025-12-08 12:11:43,351 - INFO - Horaires mis en cache (1 horaires).
2025-12-08 12:11:58,323 - INFO - Génération des séances pour le jour 2025-12-08 (weekday=0)
2025-12-08 12:11:58,323 - INFO - Cache vide → récupération des horaires depuis la DB.
2025-12-08 12:11:58,334 - INFO - Horaires mis en cache (1 horaires).
2025-12-08 12:12:13,331 - INFO - Génération des séances pour le jour 2025-12-08 (weekday=0)
2025-12-08 12:12:13,331 - INFO - Cache vide → récupération des horaires depuis la DB.
2025-12-08 12:12:13,344 - INFO - Horaires mis en cache (1 horaires).
2025-12-08 12:12:28,323 - INFO - Génération des séances pour le jour 2025-12-08 (weekday=0)
2025-12-08 12:12:28,323 - INFO - Cache vide → récupération des horaires depuis la DB.
2025-12-08 12:12:28,334 - INFO - Horaires mis en cache (1 horaires).
2025-12-08 12:12:43,337 - INFO - Génération des séances pour le jour 2025-12-08 (weekday=0)
2025-12-08 12:12:43,339 - INFO - Cache vide → récupération des horaires depuis la DB.
2025-12-08 12:12:43,375 - INFO - Horaires mis en cache (1 horaires).
2025-12-08 12:12:58,331 - INFO - Génération des séances pour le jour 2025-12-08 (weekday=0)
2025-12-08 12:12:58,333 - INFO - Cache vide → récupération des horaires depuis la DB.
2025-12-08 12:12:58,372 - INFO - Horaires mis en cache (1 horaires).
2025-12-08 12:13:13,338 - INFO - Génération des séances pour le jour 2025-12-08 (weekday=0)
2025-12-08 12:13:13,339 - INFO - Cache vide → récupération des horaires depuis la DB.
2025-12-08 12:13:13,389 - INFO - Horaires mis en cache (1 horaires).
2025-12-08 12:13:28,327 - INFO - Génération des séances pour le jour 2025-12-08 (weekday=0)
2025-12-08 12:13:28,328 - INFO - Cache vide → récupération des horaires depuis la DB.
2025-12-08 12:13:28,346 - INFO - Horaires mis en cache (1 horaires).
2025-12-08 12:13:43,324 - INFO - Génération des séances pour le jour 2025-12-08 (weekday=0)
2025-12-08 12:13:43,324 - INFO - Cache vide → récupération des horaires depuis la DB.
2025-12-08 12:13:43,336 - INFO - Horaires mis en cache (1 horaires).
2025-12-08 12:13:58,324 - INFO - Génération des séances pour le jour 2025-12-08 (weekday=0)
2025-12-08 12:13:58,324 - INFO - Cache vide → récupération des horaires depuis la DB.
2025-12-08 12:13:58,335 - INFO - Horaires mis en cache (1 horaires).
2025-12-08 12:14:13,338 - INFO - Génération des séances pour le jour 2025-12-08 (weekday=0)
2025-12-08 12:14:13,339 - INFO - Cache vide → récupération des horaires depuis la DB.
2025-12-08 12:14:13,380 - INFO - Horaires mis en cache (1 horaires).
2025-12-08 12:14:28,324 - INFO - Génération des séances pour le jour 2025-12-08 (weekday=0)
2025-12-08 12:14:28,324 - INFO - Cache vide → récupération des horaires depuis la DB.
2025-12-08 12:14:28,335 - INFO - Horaires mis en cache (1 horaires).
2025-12-08 12:14:43,332 - INFO - Génération des séances pour le jour 2025-12-08 (weekday=0)
2025-12-08 12:14:43,332 - INFO - Cache vide → récupération des horaires depuis la DB.
2025-12-08 12:14:43,343 - INFO - Horaires mis en cache (1 horaires).
2025-12-08 12:14:58,333 - INFO - Génération des séances pour le jour 2025-12-08 (weekday=0)
2025-12-08 12:14:58,334 - INFO - Cache vide → récupération des horaires depuis la DB.
2025-12-08 12:14:58,366 - INFO - Horaires mis en cache (1 horaires).
2025-12-08 12:15:13,336 - INFO - Génération des séances pour le jour 2025-12-08 (weekday=0)
2025-12-08 12:15:13,337 - INFO - Cache vide → récupération des horaires depuis la DB.
2025-12-08 12:15:13,364 - INFO - Horaires mis en cache (1 horaires).
2025-12-08 12:15:28,325 - INFO - Génération des séances pour le jour 2025-12-08 (weekday=0)
2025-12-08 12:15:28,326 - INFO - Cache vide → récupération des horaires depuis la DB.
2025-12-08 12:15:28,337 - INFO - Horaires mis en cache (1 horaires).
2025-12-08 12:15:43,331 - INFO - Génération des séances pour le jour 2025-12-08 (weekday=0)
2025-12-08 12:15:43,332 - INFO - Cache vide → récupération des horaires depuis la DB.
2025-12-08 12:15:43,382 - INFO - Horaires mis en cache (1 horaires).
2025-12-08 12:15:58,328 - INFO - Génération des séances pour le jour 2025-12-08 (weekday=0)
2025-12-08 12:15:58,329 - INFO - Cache vide → récupération des horaires depuis la DB.
2025-12-08 12:15:58,350 - INFO - Horaires mis en cache (1 horaires).
2025-12-08 12:16:13,333 - INFO - Génération des séances pour le jour 2025-12-08 (weekday=0)
2025-12-08 12:16:13,333 - INFO - Cache vide → récupération des horaires depuis la DB.
2025-12-08 12:16:13,344 - INFO - Horaires mis en cache (1 horaires).
2025-12-08 12:16:28,325 - INFO - Génération des séances pour le jour 2025-12-08 (weekday=0)
2025-12-08 12:16:28,325 - INFO - Cache vide → récupération des horaires depuis la DB.
2025-12-08 12:16:28,335 - INFO - Horaires mis en cache (1 horaires).
2025-12-08 12:16:43,339 - INFO - Génération des séances pour le jour 2025-12-08 (weekday=0)
2025-12-08 12:16:43,341 - INFO - Cache vide → récupération des horaires depuis la DB.
2025-12-08 12:16:43,380 - INFO - Horaires mis en cache (1 horaires).
2025-12-08 12:16:58,332 - INFO - Génération des séances pour le jour 2025-12-08 (weekday=0)
2025-12-08 12:16:58,333 - INFO - Cache vide → récupération des horaires depuis la DB.
2025-12-08 12:16:58,370 - INFO - Horaires mis en cache (1 horaires).
2025-12-08 12:17:13,332 - INFO - Génération des séances pour le jour 2025-12-08 (weekday=0)
2025-12-08 12:17:13,333 - INFO - Cache vide → récupération des horaires depuis la DB.
2025-12-08 12:17:13,376 - INFO - Horaires mis en cache (1 horaires).
2025-12-08 12:17:28,326 - INFO - Génération des séances pour le jour 2025-12-08 (weekday=0)
2025-12-08 12:17:28,326 - INFO - Cache vide → récupération des horaires depuis la DB.
2025-12-08 12:17:28,337 - INFO - Horaires mis en cache (1 horaires).
2025-12-08 12:17:43,332 - INFO - Génération des séances pour le jour 2025-12-08 (weekday=0)
2025-12-08 12:17:43,333 - INFO - Cache vide → récupération des horaires depuis la DB.
2025-12-08 12:17:43,379 - INFO - Horaires mis en cache (1 horaires).
2025-12-08 12:17:58,326 - INFO - Génération des séances pour le jour 2025-12-08 (weekday=0)
2025-12-08 12:17:58,326 - INFO - Cache vide → récupération des horaires depuis la DB.
2025-12-08 12:17:58,337 - INFO - Horaires mis en cache (1 horaires).
2025-12-08 12:18:13,340 - INFO - Génération des séances pour le jour 2025-12-08 (weekday=0)
2025-12-08 12:18:13,341 - INFO - Cache vide → récupération des horaires depuis la DB.
2025-12-08 12:18:13,389 - INFO - Horaires mis en cache (1 horaires).
2025-12-08 12:18:28,326 - INFO - Génération des séances pour le jour 2025-12-08 (weekday=0)
2025-12-08 12:18:28,327 - INFO - Cache vide → récupération des horaires depuis la DB.
2025-12-08 12:18:28,338 - INFO - Horaires mis en cache (1 horaires).
2025-12-08 12:18:43,334 - INFO - Génération des séances pour le jour 2025-12-08 (weekday=0)
2025-12-08 12:18:43,334 - INFO - Cache vide → récupération des horaires depuis la DB.
2025-12-08 12:18:43,346 - INFO - Horaires mis en cache (1 horaires).
2025-12-08 12:18:58,326 - INFO - Génération des séances pour le jour 2025-12-08 (weekday=0)
2025-12-08 12:18:58,326 - INFO - Cache vide → récupération des horaires depuis la DB.
2025-12-08 12:18:58,337 - INFO - Horaires mis en cache (1 horaires).
2025-12-08 12:19:13,332 - INFO - Génération des séances pour le jour 2025-12-08 (weekday=0)
2025-12-08 12:19:13,334 - INFO - Cache vide → récupération des horaires depuis la DB.
2025-12-08 12:19:13,376 - INFO - Horaires mis en cache (1 horaires).
2025-12-08 12:19:28,326 - INFO - Génération des séances pour le jour 2025-12-08 (weekday=0)
2025-12-08 12:19:28,326 - INFO - Cache vide → récupération des horaires depuis la DB.
2025-12-08 12:19:28,337 - INFO - Horaires mis en cache (1 horaires).
2025-12-08 12:19:43,326 - INFO - Génération des séances pour le jour 2025-12-08 (weekday=0)
2025-12-08 12:19:43,327 - INFO - Cache vide → récupération des horaires depuis la DB.
2025-12-08 12:19:43,337 - INFO - Horaires mis en cache (1 horaires).
2025-12-08 12:19:58,332 - INFO - Génération des séances pour le jour 2025-12-08 (weekday=0)
2025-12-08 12:19:58,334 - INFO - Cache vide → récupération des horaires depuis la DB.
2025-12-08 12:19:58,375 - INFO - Horaires mis en cache (1 horaires).
2025-12-08 12:20:13,341 - INFO - Génération des séances pour le jour 2025-12-08 (weekday=0)
2025-12-08 12:20:13,342 - INFO - Cache vide → récupération des horaires depuis la DB.
2025-12-08 12:20:13,387 - INFO - Horaires mis en cache (1 horaires).
2025-12-08 12:20:28,327 - INFO - Génération des séances pour le jour 2025-12-08 (weekday=0)
2025-12-08 12:20:28,328 - INFO - Cache vide → récupération des horaires depuis la DB.
2025-12-08 12:20:28,339 - INFO - Horaires mis en cache (1 horaires).
2025-12-08 12:20:43,329 - INFO - Génération des séances pour le jour 2025-12-08 (weekday=0)
2025-12-08 12:20:43,329 - INFO - Cache vide → récupération des horaires depuis la DB.
2025-12-08 12:20:43,347 - INFO - Horaires mis en cache (1 horaires).
2025-12-08 12:20:58,327 - INFO - Génération des séances pour le jour 2025-12-08 (weekday=0)
2025-12-08 12:20:58,328 - INFO - Cache vide → récupération des horaires depuis la DB.
2025-12-08 12:20:58,340 - INFO - Horaires mis en cache (1 horaires).
2025-12-08 12:21:13,334 - INFO - Génération des séances pour le jour 2025-12-08 (weekday=0)
2025-12-08 12:21:13,335 - INFO - Cache vide → récupération des horaires depuis la DB.
2025-12-08 12:21:13,380 - INFO - Horaires mis en cache (1 horaires).
2025-12-08 12:21:28,328 - INFO - Génération des séances pour le jour 2025-12-08 (weekday=0)
2025-12-08 12:21:28,329 - INFO - Cache vide → récupération des horaires depuis la DB.
2025-12-08 12:21:28,340 - INFO - Horaires mis en cache (1 horaires).
2025-12-08 12:21:43,335 - INFO - Génération des séances pour le jour 2025-12-08 (weekday=0)
2025-12-08 12:21:43,336 - INFO - Cache vide → récupération des horaires depuis la DB.
2025-12-08 12:21:43,347 - INFO - Horaires mis en cache (1 horaires).
2025-12-08 12:21:58,336 - INFO - Génération des séances pour le jour 2025-12-08 (weekday=0)
2025-12-08 12:21:58,338 - INFO - Cache vide → récupération des horaires depuis la DB.
2025-12-08 12:21:58,374 - INFO - Horaires mis en cache (1 horaires).
2025-12-08 12:22:13,336 - INFO - Génération des séances pour le jour 2025-12-08 (weekday=0)
2025-12-08 12:22:13,337 - INFO - Cache vide → récupération des horaires depuis la DB.
2025-12-08 12:22:13,347 - INFO - Horaires mis en cache (1 horaires).
2025-12-08 12:22:28,328 - INFO - Génération des séances pour le jour 2025-12-08 (weekday=0)
2025-12-08 12:22:28,328 - INFO - Cache vide → récupération des horaires depuis la DB.
2025-12-08 12:22:28,340 - INFO - Horaires mis en cache (1 horaires).
2025-12-08 12:22:43,339 - INFO - Génération des séances pour le jour 2025-12-08 (weekday=0)
2025-12-08 12:22:43,339 - INFO - Cache vide → récupération des horaires depuis la DB.
2025-12-08 12:22:43,366 - INFO - Horaires mis en cache (1 horaires).
2025-12-08 12:22:58,336 - INFO - Génération des séances pour le jour 2025-12-08 (weekday=0)
2025-12-08 12:22:58,337 - INFO - Cache vide → récupération des horaires depuis la DB.
2025-12-08 12:22:58,372 - INFO - Horaires mis en cache (1 horaires).
2025-12-08 12:23:13,328 - INFO - Génération des séances pour le jour 2025-12-08 (weekday=0)
2025-12-08 12:23:13,329 - INFO - Cache vide → récupération des horaires depuis la DB.
2025-12-08 12:23:13,340 - INFO - Horaires mis en cache (1 horaires).
2025-12-08 12:23:28,329 - INFO - Génération des séances pour le jour 2025-12-08 (weekday=0)
2025-12-08 12:23:28,329 - INFO - Cache vide → récupération des horaires depuis la DB.
2025-12-08 12:23:28,339 - INFO - Horaires mis en cache (1 horaires).
2025-12-08 12:23:43,337 - INFO - Génération des séances pour le jour 2025-12-08 (weekday=0)
2025-12-08 12:23:43,337 - INFO - Cache vide → récupération des horaires depuis la DB.
2025-12-08 12:23:43,349 - INFO - Horaires mis en cache (1 horaires).
2025-12-08 12:23:58,328 - INFO - Génération des séances pour le jour 2025-12-08 (weekday=0)
2025-12-08 12:23:58,328 - INFO - Cache vide → récupération des horaires depuis la DB.
2025-12-08 12:23:58,338 - INFO - Horaires mis en cache (1 horaires).
2025-12-08 12:24:13,337 - INFO - Génération des séances pour le jour 2025-12-08 (weekday=0)
2025-12-08 12:24:13,337 - INFO - Cache vide → récupération des horaires depuis la DB.
2025-12-08 12:24:13,349 - INFO - Horaires mis en cache (1 horaires).
2025-12-08 12:24:28,337 - INFO - Génération des séances pour le jour 2025-12-08 (weekday=0)
2025-12-08 12:24:28,338 - INFO - Cache vide → récupération des horaires depuis la DB.
2025-12-08 12:24:28,378 - INFO - Horaires mis en cache (1 horaires).
2025-12-08 12:24:43,337 - INFO - Génération des séances pour le jour 2025-12-08 (weekday=0)
2025-12-08 12:24:43,338 - INFO - Cache vide → récupération des horaires depuis la DB.
2025-12-08 12:24:43,350 - INFO - Horaires mis en cache (1 horaires).
2025-12-08 12:24:58,329 - INFO - Génération des séances pour le jour 2025-12-08 (weekday=0)
2025-12-08 12:24:58,329 - INFO - Cache vide → récupération des horaires depuis la DB.
2025-12-08 12:24:58,340 - INFO - Horaires mis en cache (1 horaires).
2025-12-08 12:25:13,330 - INFO - Génération des séances pour le jour 2025-12-08 (weekday=0)
2025-12-08 12:25:13,330 - INFO - Cache vide → récupération des horaires depuis la DB.
2025-12-08 12:25:13,341 - INFO - Horaires mis en cache (1 horaires).
2025-12-09 07:50:39,803 - INFO - Génération des séances pour le jour 2025-12-09 (weekday=1)
2025-12-09 07:50:39,806 - INFO - Cache vide → récupération des horaires depuis la DB.
2025-12-09 07:50:39,820 - INFO - Horaires mis en cache (0 horaires).
2025-12-09 07:50:39,840 - INFO - Génération des séances pour le jour 2025-12-09 (weekday=1)
2025-12-09 07:50:39,843 - INFO - Horaires récupérés depuis le cache (0 horaires).
2025-12-09 07:50:39,878 - INFO - Génération des séances pour le jour 2025-12-09 (weekday=1)
2025-12-09 07:50:39,881 - INFO - Horaires récupérés depuis le cache (0 horaires).
2025-12-09 07:50:54,801 - INFO - Génération des séances pour le jour 2025-12-09 (weekday=1)
2025-12-09 07:50:54,802 - INFO - Cache vide → récupération des horaires depuis la DB.
2025-12-09 07:50:54,839 - INFO - Horaires mis en cache (0 horaires).
2025-12-09 07:51:09,786 - INFO - Génération des séances pour le jour 2025-12-09 (weekday=1)
2025-12-09 07:51:09,787 - INFO - Cache vide → récupération des horaires depuis la DB.
2025-12-09 07:51:09,796 - INFO - Horaires mis en cache (0 horaires).
2025-12-09 07:51:24,787 - INFO - Génération des séances pour le jour 2025-12-09 (weekday=1)
2025-12-09 07:51:24,787 - INFO - Cache vide → récupération des horaires depuis la DB.
2025-12-09 07:51:24,796 - INFO - Horaires mis en cache (0 horaires).
2025-12-09 07:51:39,796 - INFO - Génération des séances pour le jour 2025-12-09 (weekday=1)
2025-12-09 07:51:39,797 - INFO - Cache vide → récupération des horaires depuis la DB.
2025-12-09 07:51:39,814 - INFO - Horaires mis en cache (0 horaires).
2025-12-09 07:51:54,787 - INFO - Génération des séances pour le jour 2025-12-09 (weekday=1)
2025-12-09 07:51:54,787 - INFO - Cache vide → récupération des horaires depuis la DB.
2025-12-09 07:51:54,797 - INFO - Horaires mis en cache (0 horaires).
2025-12-09 07:52:09,787 - INFO - Génération des séances pour le jour 2025-12-09 (weekday=1)
2025-12-09 07:52:09,787 - INFO - Cache vide → récupération des horaires depuis la DB.
2025-12-09 07:52:09,796 - INFO - Horaires mis en cache (0 horaires).
2025-12-09 07:52:24,795 - INFO - Génération des séances pour le jour 2025-12-09 (weekday=1)
2025-12-09 07:52:24,795 - INFO - Cache vide → récupération des horaires depuis la DB.
2025-12-09 07:52:24,805 - INFO - Horaires mis en cache (0 horaires).
2025-12-09 07:52:39,801 - INFO - Génération des séances pour le jour 2025-12-09 (weekday=1)
2025-12-09 07:52:39,802 - INFO - Cache vide → récupération des horaires depuis la DB.
2025-12-09 07:52:39,821 - INFO - Horaires mis en cache (0 horaires).
2025-12-09 07:52:54,795 - INFO - Génération des séances pour le jour 2025-12-09 (weekday=1)
2025-12-09 07:52:54,795 - INFO - Cache vide → récupération des horaires depuis la DB.
2025-12-09 07:52:54,806 - INFO - Horaires mis en cache (0 horaires).
2025-12-09 07:53:09,796 - INFO - Génération des séances pour le jour 2025-12-09 (weekday=1)
2025-12-09 07:53:09,798 - INFO - Cache vide → récupération des horaires depuis la DB.
2025-12-09 07:53:09,810 - INFO - Horaires mis en cache (0 horaires).
2025-12-09 07:53:24,793 - INFO - Génération des séances pour le jour 2025-12-09 (weekday=1)
2025-12-09 07:53:24,795 - INFO - Cache vide → récupération des horaires depuis la DB.
2025-12-09 07:53:24,814 - INFO - Horaires mis en cache (0 horaires).
2025-12-09 07:53:39,793 - INFO - Génération des séances pour le jour 2025-12-09 (weekday=1)
2025-12-09 07:53:39,794 - INFO - Cache vide → récupération des horaires depuis la DB.
2025-12-09 07:53:39,804 - INFO - Horaires mis en cache (0 horaires).
2025-12-09 07:53:54,794 - INFO - Génération des séances pour le jour 2025-12-09 (weekday=1)
2025-12-09 07:53:54,796 - INFO - Cache vide → récupération des horaires depuis la DB.
2025-12-09 07:53:54,831 - INFO - Horaires mis en cache (0 horaires).
2025-12-09 07:54:09,802 - INFO - Génération des séances pour le jour 2025-12-09 (weekday=1)
2025-12-09 07:54:09,803 - INFO - Cache vide → récupération des horaires depuis la DB.
2025-12-09 07:54:09,828 - INFO - Horaires mis en cache (0 horaires).
2025-12-09 07:54:24,797 - INFO - Génération des séances pour le jour 2025-12-09 (weekday=1)
2025-12-09 07:54:24,798 - INFO - Cache vide → récupération des horaires depuis la DB.
2025-12-09 07:54:24,836 - INFO - Horaires mis en cache (0 horaires).
2025-12-09 07:54:39,802 - INFO - Génération des séances pour le jour 2025-12-09 (weekday=1)
2025-12-09 07:54:39,804 - INFO - Cache vide → récupération des horaires depuis la DB.
2025-12-09 07:54:39,830 - INFO - Horaires mis en cache (0 horaires).
2025-12-09 07:54:54,803 - INFO - Génération des séances pour le jour 2025-12-09 (weekday=1)
2025-12-09 07:54:54,804 - INFO - Cache vide → récupération des horaires depuis la DB.
2025-12-09 07:54:54,846 - INFO - Horaires mis en cache (0 horaires).
2025-12-09 07:55:09,801 - INFO - Génération des séances pour le jour 2025-12-09 (weekday=1)
2025-12-09 07:55:09,802 - INFO - Cache vide → récupération des horaires depuis la DB.
2025-12-09 07:55:09,839 - INFO - Horaires mis en cache (0 horaires).
2025-12-09 07:55:24,802 - INFO - Génération des séances pour le jour 2025-12-09 (weekday=1)
2025-12-09 07:55:24,803 - INFO - Cache vide → récupération des horaires depuis la DB.
2025-12-09 07:55:24,846 - INFO - Horaires mis en cache (1 horaires).
2025-12-09 07:55:24,856 - INFO - Séance créée : ALGO pour la classe 1 (07:55 - 07:59)
2025-12-09 07:55:39,800 - INFO - Génération des séances pour le jour 2025-12-09 (weekday=1)
2025-12-09 07:55:39,801 - INFO - Cache vide → récupération des horaires depuis la DB.
2025-12-09 07:55:39,843 - INFO - Horaires mis en cache (1 horaires).
2025-12-09 07:55:54,794 - INFO - Génération des séances pour le jour 2025-12-09 (weekday=1)
2025-12-09 07:55:54,796 - INFO - Cache vide → récupération des horaires depuis la DB.
2025-12-09 07:55:54,817 - INFO - Horaires mis en cache (1 horaires).
2025-12-09 07:56:09,797 - INFO - Génération des séances pour le jour 2025-12-09 (weekday=1)
2025-12-09 07:56:09,797 - INFO - Cache vide → récupération des horaires depuis la DB.
2025-12-09 07:56:09,809 - INFO - Horaires mis en cache (1 horaires).
2025-12-09 07:56:24,799 - INFO - Génération des séances pour le jour 2025-12-09 (weekday=1)
2025-12-09 07:56:24,799 - INFO - Cache vide → récupération des horaires depuis la DB.
2025-12-09 07:56:24,810 - INFO - Horaires mis en cache (1 horaires).
2025-12-09 07:56:39,803 - INFO - Génération des séances pour le jour 2025-12-09 (weekday=1)
2025-12-09 07:56:39,804 - INFO - Cache vide → récupération des horaires depuis la DB.
2025-12-09 07:56:39,848 - INFO - Horaires mis en cache (1 horaires).
2025-12-09 07:56:54,797 - INFO - Génération des séances pour le jour 2025-12-09 (weekday=1)
2025-12-09 07:56:54,797 - INFO - Cache vide → récupération des horaires depuis la DB.
2025-12-09 07:56:54,808 - INFO - Horaires mis en cache (1 horaires).
2025-12-09 07:57:09,804 - INFO - Génération des séances pour le jour 2025-12-09 (weekday=1)
2025-12-09 07:57:09,805 - INFO - Cache vide → récupération des horaires depuis la DB.
2025-12-09 07:57:09,852 - INFO - Horaires mis en cache (1 horaires).
2025-12-09 07:57:24,803 - INFO - Génération des séances pour le jour 2025-12-09 (weekday=1)
2025-12-09 07:57:24,804 - INFO - Cache vide → récupération des horaires depuis la DB.
2025-12-09 07:57:24,845 - INFO - Horaires mis en cache (1 horaires).
2025-12-09 07:57:39,796 - INFO - Génération des séances pour le jour 2025-12-09 (weekday=1)
2025-12-09 07:57:39,798 - INFO - Cache vide → récupération des horaires depuis la DB.
2025-12-09 07:57:39,842 - INFO - Horaires mis en cache (1 horaires).
2025-12-09 07:57:54,794 - INFO - Génération des séances pour le jour 2025-12-09 (weekday=1)
2025-12-09 07:57:54,795 - INFO - Cache vide → récupération des horaires depuis la DB.
2025-12-09 07:57:54,838 - INFO - Horaires mis en cache (1 horaires).
2025-12-09 07:58:09,796 - INFO - Génération des séances pour le jour 2025-12-09 (weekday=1)
2025-12-09 07:58:09,797 - INFO - Cache vide → récupération des horaires depuis la DB.
2025-12-09 07:58:09,834 - INFO - Horaires mis en cache (1 horaires).
2025-12-09 07:58:24,801 - INFO - Génération des séances pour le jour 2025-12-09 (weekday=1)
2025-12-09 07:58:24,801 - INFO - Cache vide → récupération des horaires depuis la DB.
2025-12-09 07:58:24,829 - INFO - Horaires mis en cache (1 horaires).
2025-12-09 07:58:39,804 - INFO - Génération des séances pour le jour 2025-12-09 (weekday=1)
2025-12-09 07:58:39,805 - INFO - Cache vide → récupération des horaires depuis la DB.
2025-12-09 07:58:39,849 - INFO - Horaires mis en cache (1 horaires).
2025-12-09 07:58:54,796 - INFO - Génération des séances pour le jour 2025-12-09 (weekday=1)
2025-12-09 07:58:54,797 - INFO - Cache vide → récupération des horaires depuis la DB.
2025-12-09 07:58:54,835 - INFO - Horaires mis en cache (1 horaires).
2025-12-09 07:59:09,801 - INFO - Génération des séances pour le jour 2025-12-09 (weekday=1)
2025-12-09 07:59:09,802 - INFO - Cache vide → récupération des horaires depuis la DB.
2025-12-09 07:59:09,829 - INFO - Horaires mis en cache (1 horaires).
2025-12-09 07:59:24,798 - INFO - Génération des séances pour le jour 2025-12-09 (weekday=1)
2025-12-09 07:59:24,799 - INFO - Cache vide → récupération des horaires depuis la DB.
2025-12-09 07:59:24,812 - INFO - Horaires mis en cache (1 horaires).
2025-12-09 07:59:39,797 - INFO - Génération des séances pour le jour 2025-12-09 (weekday=1)
2025-12-09 07:59:39,798 - INFO - Cache vide → récupération des horaires depuis la DB.
2025-12-09 07:59:39,831 - INFO - Horaires mis en cache (1 horaires).
2025-12-09 07:59:54,797 - INFO - Génération des séances pour le jour 2025-12-09 (weekday=1)
2025-12-09 07:59:54,798 - INFO - Cache vide → récupération des horaires depuis la DB.
2025-12-09 07:59:54,839 - INFO - Horaires mis en cache (1 horaires).
2025-12-09 08:00:09,805 - INFO - Génération des séances pour le jour 2025-12-09 (weekday=1)
2025-12-09 08:00:09,806 - INFO - Cache vide → récupération des horaires depuis la DB.
2025-12-09 08:00:09,846 - INFO - Horaires mis en cache (1 horaires).
2025-12-09 08:00:24,805 - INFO - Génération des séances pour le jour 2025-12-09 (weekday=1)
2025-12-09 08:00:24,807 - INFO - Cache vide → récupération des horaires depuis la DB.
2025-12-09 08:00:24,848 - INFO - Horaires mis en cache (1 horaires).
2025-12-09 08:00:39,805 - INFO - Génération des séances pour le jour 2025-12-09 (weekday=1)
2025-12-09 08:00:39,807 - INFO - Cache vide → récupération des horaires depuis la DB.
2025-12-09 08:00:39,846 - INFO - Horaires mis en cache (1 horaires).
2025-12-09 08:00:54,805 - INFO - Génération des séances pour le jour 2025-12-09 (weekday=1)
2025-12-09 08:00:54,807 - INFO - Cache vide → récupération des horaires depuis la DB.
2025-12-09 08:00:54,852 - INFO - Horaires mis en cache (1 horaires).
2025-12-09 08:01:09,806 - INFO - Génération des séances pour le jour 2025-12-09 (weekday=1)
2025-12-09 08:01:09,808 - INFO - Cache vide → récupération des horaires depuis la DB.
2025-12-09 08:01:09,843 - INFO - Horaires mis en cache (1 horaires).
2025-12-09 08:01:24,801 - INFO - Génération des séances pour le jour 2025-12-09 (weekday=1)
2025-12-09 08:01:24,802 - INFO - Cache vide → récupération des horaires depuis la DB.
2025-12-09 08:01:24,824 - INFO - Horaires mis en cache (1 horaires).
2025-12-09 08:01:39,799 - INFO - Génération des séances pour le jour 2025-12-09 (weekday=1)
2025-12-09 08:01:39,800 - INFO - Cache vide → récupération des horaires depuis la DB.
2025-12-09 08:01:39,810 - INFO - Horaires mis en cache (1 horaires).
2025-12-09 08:01:54,798 - INFO - Génération des séances pour le jour 2025-12-09 (weekday=1)
2025-12-09 08:01:54,799 - INFO - Cache vide → récupération des horaires depuis la DB.
2025-12-09 08:01:54,838 - INFO - Horaires mis en cache (1 horaires).
2025-12-09 08:02:09,798 - INFO - Génération des séances pour le jour 2025-12-09 (weekday=1)
2025-12-09 08:02:09,800 - INFO - Cache vide → récupération des horaires depuis la DB.
2025-12-09 08:02:09,844 - INFO - Horaires mis en cache (1 horaires).
2025-12-09 08:02:24,806 - INFO - Génération des séances pour le jour 2025-12-09 (weekday=1)
2025-12-09 08:02:24,807 - INFO - Cache vide → récupération des horaires depuis la DB.
2025-12-09 08:02:24,858 - INFO - Horaires mis en cache (1 horaires).
2025-12-09 08:02:39,797 - INFO - Génération des séances pour le jour 2025-12-09 (weekday=1)
2025-12-09 08:02:39,797 - INFO - Cache vide → récupération des horaires depuis la DB.
2025-12-09 08:02:39,809 - INFO - Horaires mis en cache (1 horaires).
2025-12-09 08:02:54,799 - INFO - Génération des séances pour le jour 2025-12-09 (weekday=1)
2025-12-09 08:02:54,800 - INFO - Cache vide → récupération des horaires depuis la DB.
2025-12-09 08:02:54,846 - INFO - Horaires mis en cache (2 horaires).
2025-12-09 08:03:09,806 - INFO - Génération des séances pour le jour 2025-12-09 (weekday=1)
2025-12-09 08:03:09,808 - INFO - Cache vide → récupération des horaires depuis la DB.
2025-12-09 08:03:09,852 - INFO - Horaires mis en cache (2 horaires).
2025-12-09 08:03:09,861 - INFO - Séance créée : GENIE LOGICIEL pour la classe 1 (08:03 - 08:10)
2025-12-09 08:03:24,807 - INFO - Génération des séances pour le jour 2025-12-09 (weekday=1)
2025-12-09 08:03:24,808 - INFO - Cache vide → récupération des horaires depuis la DB.
2025-12-09 08:03:24,846 - INFO - Horaires mis en cache (2 horaires).
2025-12-09 08:03:39,799 - INFO - Génération des séances pour le jour 2025-12-09 (weekday=1)
2025-12-09 08:03:39,801 - INFO - Cache vide → récupération des horaires depuis la DB.
2025-12-09 08:03:39,851 - INFO - Horaires mis en cache (2 horaires).
2025-12-09 08:03:54,799 - INFO - Génération des séances pour le jour 2025-12-09 (weekday=1)
2025-12-09 08:03:54,800 - INFO - Cache vide → récupération des horaires depuis la DB.
2025-12-09 08:03:54,851 - INFO - Horaires mis en cache (2 horaires).
2025-12-09 08:04:09,804 - INFO - Génération des séances pour le jour 2025-12-09 (weekday=1)
2025-12-09 08:04:09,804 - INFO - Cache vide → récupération des horaires depuis la DB.
2025-12-09 08:04:09,834 - INFO - Horaires mis en cache (2 horaires).
2025-12-09 08:04:24,807 - INFO - Génération des séances pour le jour 2025-12-09 (weekday=1)
2025-12-09 08:04:24,809 - INFO - Cache vide → récupération des horaires depuis la DB.
2025-12-09 08:04:24,859 - INFO - Horaires mis en cache (2 horaires).
2025-12-09 08:04:39,807 - INFO - Génération des séances pour le jour 2025-12-09 (weekday=1)
2025-12-09 08:04:39,809 - INFO - Cache vide → récupération des horaires depuis la DB.
2025-12-09 08:04:39,847 - INFO - Horaires mis en cache (2 horaires).
2025-12-09 08:04:54,807 - INFO - Génération des séances pour le jour 2025-12-09 (weekday=1)
2025-12-09 08:04:54,808 - INFO - Cache vide → récupération des horaires depuis la DB.
2025-12-09 08:04:54,858 - INFO - Horaires mis en cache (2 horaires).
2025-12-09 08:05:09,801 - INFO - Génération des séances pour le jour 2025-12-09 (weekday=1)
2025-12-09 08:05:09,801 - INFO - Cache vide → récupération des horaires depuis la DB.
2025-12-09 08:05:09,814 - INFO - Horaires mis en cache (2 horaires).
2025-12-09 08:05:24,800 - INFO - Génération des séances pour le jour 2025-12-09 (weekday=1)
2025-12-09 08:05:24,801 - INFO - Cache vide → récupération des horaires depuis la DB.
2025-12-09 08:05:24,850 - INFO - Horaires mis en cache (2 horaires).
2025-12-09 08:05:39,800 - INFO - Génération des séances pour le jour 2025-12-09 (weekday=1)
2025-12-09 08:05:39,801 - INFO - Cache vide → récupération des horaires depuis la DB.
2025-12-09 08:05:39,844 - INFO - Horaires mis en cache (2 horaires).
2025-12-09 08:05:54,806 - INFO - Génération des séances pour le jour 2025-12-09 (weekday=1)
2025-12-09 08:05:54,807 - INFO - Cache vide → récupération des horaires depuis la DB.
2025-12-09 08:05:54,846 - INFO - Horaires mis en cache (2 horaires).
2025-12-09 08:06:09,808 - INFO - Génération des séances pour le jour 2025-12-09 (weekday=1)
2025-12-09 08:06:09,809 - INFO - Cache vide → récupération des horaires depuis la DB.
2025-12-09 08:06:09,857 - INFO - Horaires mis en cache (2 horaires).
2025-12-09 08:06:24,808 - INFO - Génération des séances pour le jour 2025-12-09 (weekday=1)
2025-12-09 08:06:24,810 - INFO - Cache vide → récupération des horaires depuis la DB.
2025-12-09 08:06:24,865 - INFO - Horaires mis en cache (2 horaires).
2025-12-09 08:06:39,808 - INFO - Génération des séances pour le jour 2025-12-09 (weekday=1)
2025-12-09 08:06:39,809 - INFO - Cache vide → récupération des horaires depuis la DB.
2025-12-09 08:06:39,856 - INFO - Horaires mis en cache (2 horaires).
2025-12-09 08:06:54,808 - INFO - Génération des séances pour le jour 2025-12-09 (weekday=1)
2025-12-09 08:06:54,810 - INFO - Cache vide → récupération des horaires depuis la DB.
2025-12-09 08:06:54,852 - INFO - Horaires mis en cache (2 horaires).
2025-12-09 08:07:09,809 - INFO - Génération des séances pour le jour 2025-12-09 (weekday=1)
2025-12-09 08:07:09,810 - INFO - Cache vide → récupération des horaires depuis la DB.
2025-12-09 08:07:09,858 - INFO - Horaires mis en cache (2 horaires).
2025-12-09 08:07:24,802 - INFO - Génération des séances pour le jour 2025-12-09 (weekday=1)
2025-12-09 08:07:24,804 - INFO - Cache vide → récupération des horaires depuis la DB.
2025-12-09 08:07:24,839 - INFO - Horaires mis en cache (2 horaires).
2025-12-09 08:07:39,796 - INFO - Génération des séances pour le jour 2025-12-09 (weekday=1)
2025-12-09 08:07:39,797 - INFO - Cache vide → récupération des horaires depuis la DB.
2025-12-09 08:07:39,815 - INFO - Horaires mis en cache (2 horaires).
2025-12-09 08:07:54,800 - INFO - Génération des séances pour le jour 2025-12-09 (weekday=1)
2025-12-09 08:07:54,801 - INFO - Cache vide → récupération des horaires depuis la DB.
2025-12-09 08:07:54,843 - INFO - Horaires mis en cache (2 horaires).
2025-12-09 08:08:09,809 - INFO - Génération des séances pour le jour 2025-12-09 (weekday=1)
2025-12-09 08:08:09,810 - INFO - Cache vide → récupération des horaires depuis la DB.
2025-12-09 08:08:09,854 - INFO - Horaires mis en cache (2 horaires).
2025-12-09 08:08:24,809 - INFO - Génération des séances pour le jour 2025-12-09 (weekday=1)
2025-12-09 08:08:24,811 - INFO - Cache vide → récupération des horaires depuis la DB.
2025-12-09 08:08:24,838 - INFO - Horaires mis en cache (2 horaires).
2025-12-09 08:08:39,810 - INFO - Génération des séances pour le jour 2025-12-09 (weekday=1)
2025-12-09 08:08:39,811 - INFO - Cache vide → récupération des horaires depuis la DB.
2025-12-09 08:08:39,847 - INFO - Horaires mis en cache (2 horaires).
2025-12-09 08:08:54,802 - INFO - Génération des séances pour le jour 2025-12-09 (weekday=1)
2025-12-09 08:08:54,803 - INFO - Cache vide → récupération des horaires depuis la DB.
2025-12-09 08:08:54,859 - INFO - Horaires mis en cache (2 horaires).
2025-12-09 08:09:09,803 - INFO - Génération des séances pour le jour 2025-12-09 (weekday=1)
2025-12-09 08:09:09,804 - INFO - Cache vide → récupération des horaires depuis la DB.
2025-12-09 08:09:09,835 - INFO - Horaires mis en cache (2 horaires).
2025-12-09 08:09:24,799 - INFO - Génération des séances pour le jour 2025-12-09 (weekday=1)
2025-12-09 08:09:24,800 - INFO - Cache vide → récupération des horaires depuis la DB.
2025-12-09 08:09:24,819 - INFO - Horaires mis en cache (2 horaires).
2025-12-09 08:09:39,803 - INFO - Génération des séances pour le jour 2025-12-09 (weekday=1)
2025-12-09 08:09:39,804 - INFO - Cache vide → récupération des horaires depuis la DB.
2025-12-09 08:09:39,841 - INFO - Horaires mis en cache (2 horaires).
2025-12-09 08:09:54,804 - INFO - Génération des séances pour le jour 2025-12-09 (weekday=1)
2025-12-09 08:09:54,805 - INFO - Cache vide → récupération des horaires depuis la DB.
2025-12-09 08:09:54,817 - INFO - Horaires mis en cache (2 horaires).
2025-12-09 08:10:09,797 - INFO - Génération des séances pour le jour 2025-12-09 (weekday=1)
2025-12-09 08:10:09,797 - INFO - Cache vide → récupération des horaires depuis la DB.
2025-12-09 08:10:09,812 - INFO - Horaires mis en cache (2 horaires).
2025-12-09 08:10:24,810 - INFO - Génération des séances pour le jour 2025-12-09 (weekday=1)
2025-12-09 08:10:24,811 - INFO - Cache vide → récupération des horaires depuis la DB.
2025-12-09 08:10:24,849 - INFO - Horaires mis en cache (2 horaires).
2025-12-09 08:10:39,806 - INFO - Génération des séances pour le jour 2025-12-09 (weekday=1)
2025-12-09 08:10:39,806 - INFO - Cache vide → récupération des horaires depuis la DB.
2025-12-09 08:10:39,820 - INFO - Horaires mis en cache (2 horaires).
2025-12-09 08:10:54,811 - INFO - Génération des séances pour le jour 2025-12-09 (weekday=1)
2025-12-09 08:10:54,813 - INFO - Cache vide → récupération des horaires depuis la DB.
2025-12-09 08:10:54,852 - INFO - Horaires mis en cache (2 horaires).
2025-12-09 08:11:09,803 - INFO - Génération des séances pour le jour 2025-12-09 (weekday=1)
2025-12-09 08:11:09,805 - INFO - Cache vide → récupération des horaires depuis la DB.
2025-12-09 08:11:09,854 - INFO - Horaires mis en cache (2 horaires).
2025-12-09 08:11:24,803 - INFO - Génération des séances pour le jour 2025-12-09 (weekday=1)
2025-12-09 08:11:24,804 - INFO - Cache vide → récupération des horaires depuis la DB.
2025-12-09 08:11:24,854 - INFO - Horaires mis en cache (2 horaires).
2025-12-09 08:11:39,797 - INFO - Génération des séances pour le jour 2025-12-09 (weekday=1)
2025-12-09 08:11:39,797 - INFO - Cache vide → récupération des horaires depuis la DB.
2025-12-09 08:11:39,810 - INFO - Horaires mis en cache (2 horaires).
2025-12-09 08:11:54,811 - INFO - Génération des séances pour le jour 2025-12-09 (weekday=1)
2025-12-09 08:11:54,812 - INFO - Cache vide → récupération des horaires depuis la DB.
2025-12-09 08:11:54,855 - INFO - Horaires mis en cache (2 horaires).
2025-12-09 08:12:09,811 - INFO - Génération des séances pour le jour 2025-12-09 (weekday=1)
2025-12-09 08:12:09,813 - INFO - Cache vide → récupération des horaires depuis la DB.
2025-12-09 08:12:09,860 - INFO - Horaires mis en cache (2 horaires).
2025-12-09 08:12:24,811 - INFO - Génération des séances pour le jour 2025-12-09 (weekday=1)
2025-12-09 08:12:24,812 - INFO - Cache vide → récupération des horaires depuis la DB.
2025-12-09 08:12:24,863 - INFO - Horaires mis en cache (2 horaires).
2025-12-09 08:12:39,812 - INFO - Génération des séances pour le jour 2025-12-09 (weekday=1)
2025-12-09 08:12:39,814 - INFO - Cache vide → récupération des horaires depuis la DB.
2025-12-09 08:12:39,859 - INFO - Horaires mis en cache (2 horaires).
2025-12-09 08:12:54,798 - INFO - Génération des séances pour le jour 2025-12-09 (weekday=1)
2025-12-09 08:12:54,798 - INFO - Cache vide → récupération des horaires depuis la DB.
2025-12-09 08:12:54,810 - INFO - Horaires mis en cache (2 horaires).
2025-12-09 08:13:09,804 - INFO - Génération des séances pour le jour 2025-12-09 (weekday=1)
2025-12-09 08:13:09,805 - INFO - Cache vide → récupération des horaires depuis la DB.
2025-12-09 08:13:09,831 - INFO - Horaires mis en cache (2 horaires).
2025-12-09 08:13:24,804 - INFO - Génération des séances pour le jour 2025-12-09 (weekday=1)
2025-12-09 08:13:24,806 - INFO - Cache vide → récupération des horaires depuis la DB.
2025-12-09 08:13:24,861 - INFO - Horaires mis en cache (2 horaires).
2025-12-09 08:13:39,812 - INFO - Génération des séances pour le jour 2025-12-09 (weekday=1)
2025-12-09 08:13:39,814 - INFO - Cache vide → récupération des horaires depuis la DB.
2025-12-09 08:13:39,860 - INFO - Horaires mis en cache (2 horaires).
2025-12-09 08:13:54,812 - INFO - Génération des séances pour le jour 2025-12-09 (weekday=1)
2025-12-09 08:13:54,814 - INFO - Cache vide → récupération des horaires depuis la DB.
2025-12-09 08:13:54,870 - INFO - Horaires mis en cache (2 horaires).
2025-12-09 08:14:09,812 - INFO - Génération des séances pour le jour 2025-12-09 (weekday=1)
2025-12-09 08:14:09,814 - INFO - Cache vide → récupération des horaires depuis la DB.
2025-12-09 08:14:09,864 - INFO - Horaires mis en cache (2 horaires).
2025-12-09 08:14:24,811 - INFO - Génération des séances pour le jour 2025-12-09 (weekday=1)
2025-12-09 08:14:24,812 - INFO - Cache vide → récupération des horaires depuis la DB.
2025-12-09 08:14:24,832 - INFO - Horaires mis en cache (2 horaires).
2025-12-09 08:14:39,813 - INFO - Génération des séances pour le jour 2025-12-09 (weekday=1)
2025-12-09 08:14:39,815 - INFO - Cache vide → récupération des horaires depuis la DB.
2025-12-09 08:14:39,859 - INFO - Horaires mis en cache (2 horaires).
2025-12-09 08:14:54,806 - INFO - Génération des séances pour le jour 2025-12-09 (weekday=1)
2025-12-09 08:14:54,808 - INFO - Cache vide → récupération des horaires depuis la DB.
2025-12-09 08:14:54,840 - INFO - Horaires mis en cache (2 horaires).
2025-12-09 08:15:09,799 - INFO - Génération des séances pour le jour 2025-12-09 (weekday=1)
2025-12-09 08:15:09,799 - INFO - Cache vide → récupération des horaires depuis la DB.
2025-12-09 08:15:09,811 - INFO - Horaires mis en cache (2 horaires).
2025-12-09 08:15:24,813 - INFO - Génération des séances pour le jour 2025-12-09 (weekday=1)
2025-12-09 08:15:24,814 - INFO - Cache vide → récupération des horaires depuis la DB.
2025-12-09 08:15:24,866 - INFO - Horaires mis en cache (2 horaires).
2025-12-09 08:15:39,814 - INFO - Génération des séances pour le jour 2025-12-09 (weekday=1)
2025-12-09 08:15:39,816 - INFO - Cache vide → récupération des horaires depuis la DB.
2025-12-09 08:15:39,858 - INFO - Horaires mis en cache (2 horaires).
2025-12-09 08:15:54,814 - INFO - Génération des séances pour le jour 2025-12-09 (weekday=1)
2025-12-09 08:15:54,816 - INFO - Cache vide → récupération des horaires depuis la DB.
2025-12-09 08:15:54,865 - INFO - Horaires mis en cache (2 horaires).
2025-12-09 08:16:09,814 - INFO - Génération des séances pour le jour 2025-12-09 (weekday=1)
2025-12-09 08:16:09,815 - INFO - Cache vide → récupération des horaires depuis la DB.
2025-12-09 08:16:09,837 - INFO - Horaires mis en cache (2 horaires).
2025-12-09 08:16:24,814 - INFO - Génération des séances pour le jour 2025-12-09 (weekday=1)
2025-12-09 08:16:24,815 - INFO - Cache vide → récupération des horaires depuis la DB.
2025-12-09 08:16:24,865 - INFO - Horaires mis en cache (2 horaires).
2025-12-09 08:16:39,807 - INFO - Génération des séances pour le jour 2025-12-09 (weekday=1)
2025-12-09 08:16:39,809 - INFO - Cache vide → récupération des horaires depuis la DB.
2025-12-09 08:16:39,858 - INFO - Horaires mis en cache (2 horaires).
2025-12-09 08:16:54,800 - INFO - Génération des séances pour le jour 2025-12-09 (weekday=1)
2025-12-09 08:16:54,801 - INFO - Cache vide → récupération des horaires depuis la DB.
2025-12-09 08:16:54,813 - INFO - Horaires mis en cache (2 horaires).
2025-12-09 08:17:09,801 - INFO - Génération des séances pour le jour 2025-12-09 (weekday=1)
2025-12-09 08:17:09,801 - INFO - Cache vide → récupération des horaires depuis la DB.
2025-12-09 08:17:09,813 - INFO - Horaires mis en cache (2 horaires).
2025-12-09 08:17:24,815 - INFO - Génération des séances pour le jour 2025-12-09 (weekday=1)
2025-12-09 08:17:24,816 - INFO - Cache vide → récupération des horaires depuis la DB.
2025-12-09 08:17:24,869 - INFO - Horaires mis en cache (2 horaires).
2025-12-09 08:17:39,814 - INFO - Génération des séances pour le jour 2025-12-09 (weekday=1)
2025-12-09 08:17:39,815 - INFO - Cache vide → récupération des horaires depuis la DB.
2025-12-09 08:17:39,827 - INFO - Horaires mis en cache (2 horaires).
2025-12-09 08:17:54,815 - INFO - Génération des séances pour le jour 2025-12-09 (weekday=1)
2025-12-09 08:17:54,816 - INFO - Cache vide → récupération des horaires depuis la DB.
2025-12-09 08:17:54,866 - INFO - Horaires mis en cache (2 horaires).
2025-12-09 08:18:09,815 - INFO - Génération des séances pour le jour 2025-12-09 (weekday=1)
2025-12-09 08:18:09,817 - INFO - Cache vide → récupération des horaires depuis la DB.
2025-12-09 08:18:09,866 - INFO - Horaires mis en cache (2 horaires).
2025-12-09 08:18:24,814 - INFO - Génération des séances pour le jour 2025-12-09 (weekday=1)
2025-12-09 08:18:24,815 - INFO - Cache vide → récupération des horaires depuis la DB.
2025-12-09 08:18:24,841 - INFO - Horaires mis en cache (2 horaires).
2025-12-09 08:18:39,803 - INFO - Génération des séances pour le jour 2025-12-09 (weekday=1)
2025-12-09 08:18:39,803 - INFO - Cache vide → récupération des horaires depuis la DB.
2025-12-09 08:18:39,823 - INFO - Horaires mis en cache (2 horaires).
2025-12-09 08:18:54,807 - INFO - Génération des séances pour le jour 2025-12-09 (weekday=1)
2025-12-09 08:18:54,808 - INFO - Cache vide → récupération des horaires depuis la DB.
2025-12-09 08:18:54,858 - INFO - Horaires mis en cache (2 horaires).
2025-12-09 08:19:09,805 - INFO - Génération des séances pour le jour 2025-12-09 (weekday=1)
2025-12-09 08:19:09,805 - INFO - Cache vide → récupération des horaires depuis la DB.
2025-12-09 08:19:09,836 - INFO - Horaires mis en cache (2 horaires).
2025-12-09 08:19:24,813 - INFO - Génération des séances pour le jour 2025-12-09 (weekday=1)
2025-12-09 08:19:24,814 - INFO - Cache vide → récupération des horaires depuis la DB.
2025-12-09 08:19:24,858 - INFO - Horaires mis en cache (2 horaires).
2025-12-09 08:19:39,816 - INFO - Génération des séances pour le jour 2025-12-09 (weekday=1)
2025-12-09 08:19:39,817 - INFO - Cache vide → récupération des horaires depuis la DB.
2025-12-09 08:19:39,863 - INFO - Horaires mis en cache (2 horaires).
2025-12-09 08:19:54,816 - INFO - Génération des séances pour le jour 2025-12-09 (weekday=1)
2025-12-09 08:19:54,817 - INFO - Cache vide → récupération des horaires depuis la DB.
2025-12-09 08:19:54,867 - INFO - Horaires mis en cache (2 horaires).
2025-12-09 08:20:09,816 - INFO - Génération des séances pour le jour 2025-12-09 (weekday=1)
2025-12-09 08:20:09,818 - INFO - Cache vide → récupération des horaires depuis la DB.
2025-12-09 08:20:09,859 - INFO - Horaires mis en cache (2 horaires).
2025-12-09 08:20:24,809 - INFO - Génération des séances pour le jour 2025-12-09 (weekday=1)
2025-12-09 08:20:24,810 - INFO - Cache vide → récupération des horaires depuis la DB.
2025-12-09 08:20:24,863 - INFO - Horaires mis en cache (2 horaires).
2025-12-09 08:20:39,804 - INFO - Génération des séances pour le jour 2025-12-09 (weekday=1)
2025-12-09 08:20:39,805 - INFO - Cache vide → récupération des horaires depuis la DB.
2025-12-09 08:20:39,822 - INFO - Horaires mis en cache (2 horaires).
2025-12-09 08:20:54,809 - INFO - Génération des séances pour le jour 2025-12-09 (weekday=1)
2025-12-09 08:20:54,810 - INFO - Cache vide → récupération des horaires depuis la DB.
2025-12-09 08:20:54,836 - INFO - Horaires mis en cache (2 horaires).
2025-12-09 08:21:09,817 - INFO - Génération des séances pour le jour 2025-12-09 (weekday=1)
2025-12-09 08:21:09,818 - INFO - Cache vide → récupération des horaires depuis la DB.
2025-12-09 08:21:09,874 - INFO - Horaires mis en cache (2 horaires).
2025-12-09 08:21:24,817 - INFO - Génération des séances pour le jour 2025-12-09 (weekday=1)
2025-12-09 08:21:24,819 - INFO - Cache vide → récupération des horaires depuis la DB.
2025-12-09 08:21:24,876 - INFO - Horaires mis en cache (2 horaires).
2025-12-09 08:21:39,813 - INFO - Génération des séances pour le jour 2025-12-09 (weekday=1)
2025-12-09 08:21:39,814 - INFO - Cache vide → récupération des horaires depuis la DB.
2025-12-09 08:21:39,838 - INFO - Horaires mis en cache (2 horaires).
2025-12-09 08:21:54,815 - INFO - Génération des séances pour le jour 2025-12-09 (weekday=1)
2025-12-09 08:21:54,815 - INFO - Cache vide → récupération des horaires depuis la DB.
2025-12-09 08:21:54,840 - INFO - Horaires mis en cache (2 horaires).
2025-12-09 08:22:09,817 - INFO - Génération des séances pour le jour 2025-12-09 (weekday=1)
2025-12-09 08:22:09,819 - INFO - Cache vide → récupération des horaires depuis la DB.
2025-12-09 08:22:09,864 - INFO - Horaires mis en cache (2 horaires).
2025-12-09 08:22:24,804 - INFO - Génération des séances pour le jour 2025-12-09 (weekday=1)
2025-12-09 08:22:24,804 - INFO - Cache vide → récupération des horaires depuis la DB.
2025-12-09 08:22:24,817 - INFO - Horaires mis en cache (2 horaires).
2025-12-09 08:22:39,807 - INFO - Génération des séances pour le jour 2025-12-09 (weekday=1)
2025-12-09 08:22:39,808 - INFO - Cache vide → récupération des horaires depuis la DB.
2025-12-09 08:22:39,834 - INFO - Horaires mis en cache (2 horaires).
2025-12-09 08:22:54,809 - INFO - Génération des séances pour le jour 2025-12-09 (weekday=1)
2025-12-09 08:22:54,811 - INFO - Cache vide → récupération des horaires depuis la DB.
2025-12-09 08:22:54,861 - INFO - Horaires mis en cache (2 horaires).
2025-12-09 08:23:09,805 - INFO - Génération des séances pour le jour 2025-12-09 (weekday=1)
2025-12-09 08:23:09,805 - INFO - Cache vide → récupération des horaires depuis la DB.
2025-12-09 08:23:09,819 - INFO - Horaires mis en cache (2 horaires).
2025-12-09 08:23:24,815 - INFO - Génération des séances pour le jour 2025-12-09 (weekday=1)
2025-12-09 08:23:24,816 - INFO - Cache vide → récupération des horaires depuis la DB.
2025-12-09 08:23:24,853 - INFO - Horaires mis en cache (2 horaires).
2025-12-09 08:23:39,816 - INFO - Génération des séances pour le jour 2025-12-09 (weekday=1)
2025-12-09 08:23:39,817 - INFO - Cache vide → récupération des horaires depuis la DB.
2025-12-09 08:23:39,848 - INFO - Horaires mis en cache (2 horaires).
2025-12-09 08:23:54,818 - INFO - Génération des séances pour le jour 2025-12-09 (weekday=1)
2025-12-09 08:23:54,819 - INFO - Cache vide → récupération des horaires depuis la DB.
2025-12-09 08:23:54,859 - INFO - Horaires mis en cache (2 horaires).
2025-12-09 08:24:09,818 - INFO - Génération des séances pour le jour 2025-12-09 (weekday=1)
2025-12-09 08:24:09,820 - INFO - Cache vide → récupération des horaires depuis la DB.
2025-12-09 08:24:09,872 - INFO - Horaires mis en cache (2 horaires).
2025-12-09 08:24:24,805 - INFO - Génération des séances pour le jour 2025-12-09 (weekday=1)
2025-12-09 08:24:24,806 - INFO - Cache vide → récupération des horaires depuis la DB.
2025-12-09 08:24:24,819 - INFO - Horaires mis en cache (2 horaires).
2025-12-09 08:24:39,811 - INFO - Génération des séances pour le jour 2025-12-09 (weekday=1)
2025-12-09 08:24:39,812 - INFO - Cache vide → récupération des horaires depuis la DB.
2025-12-09 08:24:39,856 - INFO - Horaires mis en cache (2 horaires).
2025-12-09 08:24:54,811 - INFO - Génération des séances pour le jour 2025-12-09 (weekday=1)
2025-12-09 08:24:54,813 - INFO - Cache vide → récupération des horaires depuis la DB.
2025-12-09 08:24:54,862 - INFO - Horaires mis en cache (2 horaires).
2025-12-09 08:25:09,813 - INFO - Génération des séances pour le jour 2025-12-09 (weekday=1)
2025-12-09 08:25:09,813 - INFO - Cache vide → récupération des horaires depuis la DB.
2025-12-09 08:25:09,829 - INFO - Horaires mis en cache (2 horaires).
2025-12-09 08:25:24,819 - INFO - Génération des séances pour le jour 2025-12-09 (weekday=1)
2025-12-09 08:25:24,821 - INFO - Cache vide → récupération des horaires depuis la DB.
2025-12-09 08:25:24,868 - INFO - Horaires mis en cache (2 horaires).
2025-12-09 08:25:39,818 - INFO - Génération des séances pour le jour 2025-12-09 (weekday=1)
2025-12-09 08:25:39,820 - INFO - Cache vide → récupération des horaires depuis la DB.
2025-12-09 08:25:39,865 - INFO - Horaires mis en cache (2 horaires).
2025-12-09 08:25:54,819 - INFO - Génération des séances pour le jour 2025-12-09 (weekday=1)
2025-12-09 08:25:54,820 - INFO - Cache vide → récupération des horaires depuis la DB.
2025-12-09 08:25:54,867 - INFO - Horaires mis en cache (2 horaires).
2025-12-09 08:26:09,811 - INFO - Génération des séances pour le jour 2025-12-09 (weekday=1)
2025-12-09 08:26:09,812 - INFO - Cache vide → récupération des horaires depuis la DB.
2025-12-09 08:26:09,862 - INFO - Horaires mis en cache (2 horaires).
2025-12-09 08:26:24,812 - INFO - Génération des séances pour le jour 2025-12-09 (weekday=1)
2025-12-09 08:26:24,813 - INFO - Cache vide → récupération des horaires depuis la DB.
2025-12-09 08:26:24,869 - INFO - Horaires mis en cache (2 horaires).
2025-12-09 08:26:39,812 - INFO - Génération des séances pour le jour 2025-12-09 (weekday=1)
2025-12-09 08:26:39,813 - INFO - Cache vide → récupération des horaires depuis la DB.
2025-12-09 08:26:39,860 - INFO - Horaires mis en cache (2 horaires).
2025-12-09 08:26:54,818 - INFO - Génération des séances pour le jour 2025-12-09 (weekday=1)
2025-12-09 08:26:54,819 - INFO - Cache vide → récupération des horaires depuis la DB.
2025-12-09 08:26:54,874 - INFO - Horaires mis en cache (2 horaires).
2025-12-09 08:27:09,812 - INFO - Génération des séances pour le jour 2025-12-09 (weekday=1)
2025-12-09 08:27:09,814 - INFO - Cache vide → récupération des horaires depuis la DB.
2025-12-09 08:27:09,856 - INFO - Horaires mis en cache (2 horaires).
2025-12-09 08:27:24,814 - INFO - Génération des séances pour le jour 2025-12-09 (weekday=1)
2025-12-09 08:27:24,814 - INFO - Cache vide → récupération des horaires depuis la DB.
2025-12-09 08:27:24,827 - INFO - Horaires mis en cache (2 horaires).
2025-12-09 08:27:39,814 - INFO - Génération des séances pour le jour 2025-12-09 (weekday=1)
2025-12-09 08:27:39,815 - INFO - Cache vide → récupération des horaires depuis la DB.
2025-12-09 08:27:39,827 - INFO - Horaires mis en cache (2 horaires).
2025-12-09 08:27:54,812 - INFO - Génération des séances pour le jour 2025-12-09 (weekday=1)
2025-12-09 08:27:54,813 - INFO - Cache vide → récupération des horaires depuis la DB.
2025-12-09 08:27:54,858 - INFO - Horaires mis en cache (2 horaires).
2025-12-09 08:28:09,813 - INFO - Génération des séances pour le jour 2025-12-09 (weekday=1)
2025-12-09 08:28:09,814 - INFO - Cache vide → récupération des horaires depuis la DB.
2025-12-09 08:28:09,830 - INFO - Horaires mis en cache (2 horaires).
2025-12-09 08:28:24,812 - INFO - Génération des séances pour le jour 2025-12-09 (weekday=1)
2025-12-09 08:28:24,813 - INFO - Cache vide → récupération des horaires depuis la DB.
2025-12-09 08:28:24,854 - INFO - Horaires mis en cache (2 horaires).
2025-12-09 08:28:39,812 - INFO - Génération des séances pour le jour 2025-12-09 (weekday=1)
2025-12-09 08:28:39,814 - INFO - Cache vide → récupération des horaires depuis la DB.
2025-12-09 08:28:39,862 - INFO - Horaires mis en cache (2 horaires).
2025-12-09 08:28:54,821 - INFO - Génération des séances pour le jour 2025-12-09 (weekday=1)
2025-12-09 08:28:54,822 - INFO - Cache vide → récupération des horaires depuis la DB.
2025-12-09 08:28:54,874 - INFO - Horaires mis en cache (2 horaires).
2025-12-09 08:29:09,820 - INFO - Génération des séances pour le jour 2025-12-09 (weekday=1)
2025-12-09 08:29:09,822 - INFO - Cache vide → récupération des horaires depuis la DB.
2025-12-09 08:29:09,862 - INFO - Horaires mis en cache (2 horaires).
2025-12-09 08:29:24,815 - INFO - Génération des séances pour le jour 2025-12-09 (weekday=1)
2025-12-09 08:29:24,815 - INFO - Cache vide → récupération des horaires depuis la DB.
2025-12-09 08:29:24,829 - INFO - Horaires mis en cache (2 horaires).
2025-12-09 08:29:39,811 - INFO - Génération des séances pour le jour 2025-12-09 (weekday=1)
2025-12-09 08:29:39,811 - INFO - Cache vide → récupération des horaires depuis la DB.
2025-12-09 08:29:39,844 - INFO - Horaires mis en cache (2 horaires).
2025-12-09 08:29:54,813 - INFO - Génération des séances pour le jour 2025-12-09 (weekday=1)
2025-12-09 08:29:54,814 - INFO - Cache vide → récupération des horaires depuis la DB.
2025-12-09 08:29:54,860 - INFO - Horaires mis en cache (2 horaires).
2025-12-09 08:30:09,807 - INFO - Génération des séances pour le jour 2025-12-09 (weekday=1)
2025-12-09 08:30:09,808 - INFO - Cache vide → récupération des horaires depuis la DB.
2025-12-09 08:30:09,820 - INFO - Horaires mis en cache (2 horaires).
2025-12-09 08:30:24,815 - INFO - Génération des séances pour le jour 2025-12-09 (weekday=1)
2025-12-09 08:30:24,816 - INFO - Cache vide → récupération des horaires depuis la DB.
2025-12-09 08:30:24,872 - INFO - Horaires mis en cache (2 horaires).
2025-12-09 08:30:39,814 - INFO - Génération des séances pour le jour 2025-12-09 (weekday=1)
2025-12-09 08:30:39,815 - INFO - Cache vide → récupération des horaires depuis la DB.
2025-12-09 08:30:39,861 - INFO - Horaires mis en cache (2 horaires).
2025-12-09 08:30:54,814 - INFO - Génération des séances pour le jour 2025-12-09 (weekday=1)
2025-12-09 08:30:54,815 - INFO - Cache vide → récupération des horaires depuis la DB.
2025-12-09 08:30:54,858 - INFO - Horaires mis en cache (2 horaires).
2025-12-09 08:31:09,808 - INFO - Génération des séances pour le jour 2025-12-09 (weekday=1)
2025-12-09 08:31:09,809 - INFO - Cache vide → récupération des horaires depuis la DB.
2025-12-09 08:31:09,823 - INFO - Horaires mis en cache (2 horaires).
2025-12-09 08:31:24,809 - INFO - Génération des séances pour le jour 2025-12-09 (weekday=1)
2025-12-09 08:31:24,809 - INFO - Cache vide → récupération des horaires depuis la DB.
2025-12-09 08:31:24,827 - INFO - Horaires mis en cache (2 horaires).
2025-12-09 08:31:39,822 - INFO - Génération des séances pour le jour 2025-12-09 (weekday=1)
2025-12-09 08:31:39,824 - INFO - Cache vide → récupération des horaires depuis la DB.
2025-12-09 08:31:39,865 - INFO - Horaires mis en cache (2 horaires).
2025-12-09 08:31:54,822 - INFO - Génération des séances pour le jour 2025-12-09 (weekday=1)
2025-12-09 08:31:54,823 - INFO - Cache vide → récupération des horaires depuis la DB.
2025-12-09 08:31:54,875 - INFO - Horaires mis en cache (2 horaires).
2025-12-09 08:32:09,821 - INFO - Génération des séances pour le jour 2025-12-09 (weekday=1)
2025-12-09 08:32:09,823 - INFO - Cache vide → récupération des horaires depuis la DB.
2025-12-09 08:32:09,863 - INFO - Horaires mis en cache (2 horaires).
2025-12-09 08:32:24,822 - INFO - Génération des séances pour le jour 2025-12-09 (weekday=1)
2025-12-09 08:32:24,823 - INFO - Cache vide → récupération des horaires depuis la DB.
2025-12-09 08:32:24,878 - INFO - Horaires mis en cache (2 horaires).
2025-12-09 08:32:39,823 - INFO - Génération des séances pour le jour 2025-12-09 (weekday=1)
2025-12-09 08:32:39,824 - INFO - Cache vide → récupération des horaires depuis la DB.
2025-12-09 08:32:39,869 - INFO - Horaires mis en cache (2 horaires).
2025-12-09 08:32:54,814 - INFO - Génération des séances pour le jour 2025-12-09 (weekday=1)
2025-12-09 08:32:54,816 - INFO - Cache vide → récupération des horaires depuis la DB.
2025-12-09 08:32:54,867 - INFO - Horaires mis en cache (2 horaires).
2025-12-09 08:33:09,814 - INFO - Génération des séances pour le jour 2025-12-09 (weekday=1)
2025-12-09 08:33:09,816 - INFO - Cache vide → récupération des horaires depuis la DB.
2025-12-09 08:33:09,857 - INFO - Horaires mis en cache (2 horaires).
2025-12-09 08:33:24,809 - INFO - Génération des séances pour le jour 2025-12-09 (weekday=1)
2025-12-09 08:33:24,810 - INFO - Cache vide → récupération des horaires depuis la DB.
2025-12-09 08:33:24,822 - INFO - Horaires mis en cache (2 horaires).
2025-12-09 08:33:39,815 - INFO - Génération des séances pour le jour 2025-12-09 (weekday=1)
2025-12-09 08:33:39,816 - INFO - Cache vide → récupération des horaires depuis la DB.
2025-12-09 08:33:39,855 - INFO - Horaires mis en cache (0 horaires).
2025-12-09 08:33:54,817 - INFO - Génération des séances pour le jour 2025-12-09 (weekday=1)
2025-12-09 08:33:54,817 - INFO - Cache vide → récupération des horaires depuis la DB.
2025-12-09 08:33:54,829 - INFO - Horaires mis en cache (1 horaires).
2025-12-09 08:34:09,823 - INFO - Génération des séances pour le jour 2025-12-09 (weekday=1)
2025-12-09 08:34:09,824 - INFO - Cache vide → récupération des horaires depuis la DB.
2025-12-09 08:34:09,864 - INFO - Horaires mis en cache (1 horaires).
2025-12-09 08:34:09,870 - INFO - Séance créée : ALGO pour la classe 1 (08:34 - 08:36)
2025-12-09 08:34:24,818 - INFO - Génération des séances pour le jour 2025-12-09 (weekday=1)
2025-12-09 08:34:24,818 - INFO - Cache vide → récupération des horaires depuis la DB.
2025-12-09 08:34:24,833 - INFO - Horaires mis en cache (1 horaires).
2025-12-09 08:34:39,815 - INFO - Génération des séances pour le jour 2025-12-09 (weekday=1)
2025-12-09 08:34:39,816 - INFO - Cache vide → récupération des horaires depuis la DB.
2025-12-09 08:34:39,859 - INFO - Horaires mis en cache (1 horaires).
2025-12-09 08:34:54,815 - INFO - Génération des séances pour le jour 2025-12-09 (weekday=1)
2025-12-09 08:34:54,816 - INFO - Cache vide → récupération des horaires depuis la DB.
2025-12-09 08:34:54,860 - INFO - Horaires mis en cache (2 horaires).
2025-12-09 08:35:09,813 - INFO - Génération des séances pour le jour 2025-12-09 (weekday=1)
2025-12-09 08:35:09,814 - INFO - Cache vide → récupération des horaires depuis la DB.
2025-12-09 08:35:09,845 - INFO - Horaires mis en cache (2 horaires).
2025-12-09 08:35:24,816 - INFO - Génération des séances pour le jour 2025-12-09 (weekday=1)
2025-12-09 08:35:24,818 - INFO - Cache vide → récupération des horaires depuis la DB.
2025-12-09 08:35:24,867 - INFO - Horaires mis en cache (2 horaires).
2025-12-09 08:35:39,824 - INFO - Génération des séances pour le jour 2025-12-09 (weekday=1)
2025-12-09 08:35:39,825 - INFO - Cache vide → récupération des horaires depuis la DB.
2025-12-09 08:35:39,864 - INFO - Horaires mis en cache (2 horaires).
2025-12-09 08:35:54,823 - INFO - Génération des séances pour le jour 2025-12-09 (weekday=1)
2025-12-09 08:35:54,825 - INFO - Cache vide → récupération des horaires depuis la DB.
2025-12-09 08:35:54,875 - INFO - Horaires mis en cache (2 horaires).
2025-12-09 08:36:09,824 - INFO - Génération des séances pour le jour 2025-12-09 (weekday=1)
2025-12-09 08:36:09,825 - INFO - Cache vide → récupération des horaires depuis la DB.
2025-12-09 08:36:09,864 - INFO - Horaires mis en cache (2 horaires).
2025-12-09 08:36:24,813 - INFO - Génération des séances pour le jour 2025-12-09 (weekday=1)
2025-12-09 08:36:24,814 - INFO - Cache vide → récupération des horaires depuis la DB.
2025-12-09 08:36:24,860 - INFO - Horaires mis en cache (2 horaires).
2025-12-09 08:36:39,811 - INFO - Génération des séances pour le jour 2025-12-09 (weekday=1)
2025-12-09 08:36:39,812 - INFO - Cache vide → récupération des horaires depuis la DB.
2025-12-09 08:36:39,829 - INFO - Horaires mis en cache (2 horaires).
2025-12-09 08:36:54,812 - INFO - Génération des séances pour le jour 2025-12-09 (weekday=1)
2025-12-09 08:36:54,813 - INFO - Cache vide → récupération des horaires depuis la DB.
2025-12-09 08:36:54,837 - INFO - Horaires mis en cache (2 horaires).
2025-12-09 08:37:09,815 - INFO - Génération des séances pour le jour 2025-12-09 (weekday=1)
2025-12-09 08:37:09,816 - INFO - Cache vide → récupération des horaires depuis la DB.
2025-12-09 08:37:09,854 - INFO - Horaires mis en cache (2 horaires).
2025-12-09 08:37:09,873 - INFO - Séance créée : GENIE LOGICIEL pour la classe 1 (08:37 - 08:39)
2025-12-09 08:37:24,816 - INFO - Génération des séances pour le jour 2025-12-09 (weekday=1)
2025-12-09 08:37:24,817 - INFO - Cache vide → récupération des horaires depuis la DB.
2025-12-09 08:37:24,860 - INFO - Horaires mis en cache (2 horaires).
2025-12-09 08:37:39,820 - INFO - Génération des séances pour le jour 2025-12-09 (weekday=1)
2025-12-09 08:37:39,820 - INFO - Cache vide → récupération des horaires depuis la DB.
2025-12-09 08:37:39,845 - INFO - Horaires mis en cache (2 horaires).
2025-12-09 08:37:54,822 - INFO - Génération des séances pour le jour 2025-12-09 (weekday=1)
2025-12-09 08:37:54,823 - INFO - Cache vide → récupération des horaires depuis la DB.
2025-12-09 08:37:54,878 - INFO - Horaires mis en cache (2 horaires).
2025-12-09 08:38:09,821 - INFO - Génération des séances pour le jour 2025-12-09 (weekday=1)
2025-12-09 08:38:09,822 - INFO - Cache vide → récupération des horaires depuis la DB.
2025-12-09 08:38:09,840 - INFO - Horaires mis en cache (2 horaires).
2025-12-09 08:38:24,821 - INFO - Génération des séances pour le jour 2025-12-09 (weekday=1)
2025-12-09 08:38:24,822 - INFO - Cache vide → récupération des horaires depuis la DB.
2025-12-09 08:38:24,866 - INFO - Horaires mis en cache (2 horaires).
2025-12-09 08:38:39,812 - INFO - Génération des séances pour le jour 2025-12-09 (weekday=1)
2025-12-09 08:38:39,812 - INFO - Cache vide → récupération des horaires depuis la DB.
2025-12-09 08:38:39,827 - INFO - Horaires mis en cache (2 horaires).
2025-12-09 08:38:54,817 - INFO - Génération des séances pour le jour 2025-12-09 (weekday=1)
2025-12-09 08:38:54,818 - INFO - Cache vide → récupération des horaires depuis la DB.
2025-12-09 08:38:54,863 - INFO - Horaires mis en cache (2 horaires).
2025-12-09 08:39:09,817 - INFO - Génération des séances pour le jour 2025-12-09 (weekday=1)
2025-12-09 08:39:09,818 - INFO - Cache vide → récupération des horaires depuis la DB.
2025-12-09 08:39:09,868 - INFO - Horaires mis en cache (2 horaires).
2025-12-09 08:39:24,812 - INFO - Génération des séances pour le jour 2025-12-09 (weekday=1)
2025-12-09 08:39:24,812 - INFO - Cache vide → récupération des horaires depuis la DB.
2025-12-09 08:39:24,827 - INFO - Horaires mis en cache (2 horaires).
2025-12-09 08:39:39,820 - INFO - Génération des séances pour le jour 2025-12-09 (weekday=1)
2025-12-09 08:39:39,821 - INFO - Cache vide → récupération des horaires depuis la DB.
2025-12-09 08:39:39,834 - INFO - Horaires mis en cache (2 horaires).
2025-12-09 08:39:54,825 - INFO - Génération des séances pour le jour 2025-12-09 (weekday=1)
2025-12-09 08:39:54,827 - INFO - Cache vide → récupération des horaires depuis la DB.
2025-12-09 08:39:54,877 - INFO - Horaires mis en cache (2 horaires).
2025-12-09 08:40:09,820 - INFO - Génération des séances pour le jour 2025-12-09 (weekday=1)
2025-12-09 08:40:09,820 - INFO - Cache vide → récupération des horaires depuis la DB.
2025-12-09 08:40:09,833 - INFO - Horaires mis en cache (2 horaires).
2025-12-09 08:40:24,820 - INFO - Génération des séances pour le jour 2025-12-09 (weekday=1)
2025-12-09 08:40:24,821 - INFO - Cache vide → récupération des horaires depuis la DB.
2025-12-09 08:40:24,836 - INFO - Horaires mis en cache (0 horaires).
2025-12-09 08:40:39,818 - INFO - Génération des séances pour le jour 2025-12-09 (weekday=1)
2025-12-09 08:40:39,819 - INFO - Cache vide → récupération des horaires depuis la DB.
2025-12-09 08:40:39,857 - INFO - Horaires mis en cache (0 horaires).
2025-12-09 08:40:54,819 - INFO - Génération des séances pour le jour 2025-12-09 (weekday=1)
2025-12-09 08:40:54,820 - INFO - Cache vide → récupération des horaires depuis la DB.
2025-12-09 08:40:54,857 - INFO - Horaires mis en cache (1 horaires).
2025-12-09 08:41:09,812 - INFO - Génération des séances pour le jour 2025-12-09 (weekday=1)
2025-12-09 08:41:09,813 - INFO - Cache vide → récupération des horaires depuis la DB.
2025-12-09 08:41:09,824 - INFO - Horaires mis en cache (1 horaires).
2025-12-09 08:41:24,819 - INFO - Génération des séances pour le jour 2025-12-09 (weekday=1)
2025-12-09 08:41:24,820 - INFO - Cache vide → récupération des horaires depuis la DB.
2025-12-09 08:41:24,859 - INFO - Horaires mis en cache (1 horaires).
2025-12-09 08:41:39,821 - INFO - Génération des séances pour le jour 2025-12-09 (weekday=1)
2025-12-09 08:41:39,821 - INFO - Cache vide → récupération des horaires depuis la DB.
2025-12-09 08:41:39,835 - INFO - Horaires mis en cache (1 horaires).
2025-12-09 08:41:54,824 - INFO - Génération des séances pour le jour 2025-12-09 (weekday=1)
2025-12-09 08:41:54,825 - INFO - Cache vide → récupération des horaires depuis la DB.
2025-12-09 08:41:54,857 - INFO - Horaires mis en cache (1 horaires).
2025-12-09 08:42:09,819 - INFO - Génération des séances pour le jour 2025-12-09 (weekday=1)
2025-12-09 08:42:09,820 - INFO - Cache vide → récupération des horaires depuis la DB.
2025-12-09 08:42:09,865 - INFO - Horaires mis en cache (1 horaires).
2025-12-09 08:42:24,819 - INFO - Génération des séances pour le jour 2025-12-09 (weekday=1)
2025-12-09 08:42:24,820 - INFO - Cache vide → récupération des horaires depuis la DB.
2025-12-09 08:42:24,865 - INFO - Horaires mis en cache (1 horaires).
2025-12-09 09:42:52,765 - INFO - Génération des séances pour le jour 2025-12-09 (weekday=1)
2025-12-09 09:42:52,768 - INFO - Cache vide → récupération des horaires depuis la DB.
2025-12-09 09:42:52,793 - INFO - Horaires mis en cache (1 horaires).
2025-12-09 09:42:52,801 - INFO - Séance créée : GENIE LOGICIEL pour la classe 1 (09:41 - 09:43)
2025-12-09 09:43:01,576 - INFO - Génération des séances pour le jour 2025-12-09 (weekday=1)
2025-12-09 09:43:01,586 - INFO - Cache vide → récupération des horaires depuis la DB.
2025-12-09 09:43:01,629 - INFO - Horaires mis en cache (1 horaires).
2025-12-09 09:43:16,568 - INFO - Génération des séances pour le jour 2025-12-09 (weekday=1)
2025-12-09 09:43:16,575 - INFO - Cache vide → récupération des horaires depuis la DB.
2025-12-09 09:43:16,600 - INFO - Horaires mis en cache (1 horaires).
2025-12-09 09:43:31,579 - INFO - Génération des séances pour le jour 2025-12-09 (weekday=1)
2025-12-09 09:43:31,581 - INFO - Cache vide → récupération des horaires depuis la DB.
2025-12-09 09:43:31,615 - INFO - Horaires mis en cache (1 horaires).
2025-12-09 09:43:46,582 - INFO - Génération des séances pour le jour 2025-12-09 (weekday=1)
2025-12-09 09:43:46,584 - INFO - Cache vide → récupération des horaires depuis la DB.
2025-12-09 09:43:46,617 - INFO - Horaires mis en cache (1 horaires).
2025-12-09 09:44:01,586 - INFO - Génération des séances pour le jour 2025-12-09 (weekday=1)
2025-12-09 09:44:01,587 - INFO - Cache vide → récupération des horaires depuis la DB.
2025-12-09 09:44:01,621 - INFO - Horaires mis en cache (1 horaires).
2025-12-09 09:44:16,574 - INFO - Génération des séances pour le jour 2025-12-09 (weekday=1)
2025-12-09 09:44:16,575 - INFO - Cache vide → récupération des horaires depuis la DB.
2025-12-09 09:44:16,586 - INFO - Horaires mis en cache (1 horaires).
2025-12-09 09:44:31,581 - INFO - Génération des séances pour le jour 2025-12-09 (weekday=1)
2025-12-09 09:44:31,583 - INFO - Cache vide → récupération des horaires depuis la DB.
2025-12-09 09:44:31,627 - INFO - Horaires mis en cache (2 horaires).
2025-12-09 09:44:46,575 - INFO - Génération des séances pour le jour 2025-12-09 (weekday=1)
2025-12-09 09:44:46,575 - INFO - Cache vide → récupération des horaires depuis la DB.
2025-12-09 09:44:46,587 - INFO - Horaires mis en cache (2 horaires).
2025-12-09 09:45:01,583 - INFO - Génération des séances pour le jour 2025-12-09 (weekday=1)
2025-12-09 09:45:01,583 - INFO - Cache vide → récupération des horaires depuis la DB.
2025-12-09 09:45:01,596 - INFO - Horaires mis en cache (2 horaires).
2025-12-09 09:45:01,601 - INFO - Séance créée : GENIE LOGICIEL pour la classe 1 (09:45 - 09:47)
2025-12-09 09:45:16,583 - INFO - Génération des séances pour le jour 2025-12-09 (weekday=1)
2025-12-09 09:45:16,586 - INFO - Cache vide → récupération des horaires depuis la DB.
2025-12-09 09:45:16,627 - INFO - Horaires mis en cache (2 horaires).
2025-12-09 09:45:31,589 - INFO - Génération des séances pour le jour 2025-12-09 (weekday=1)
2025-12-09 09:45:31,590 - INFO - Cache vide → récupération des horaires depuis la DB.
2025-12-09 09:45:31,634 - INFO - Horaires mis en cache (2 horaires).
2025-12-09 09:45:46,584 - INFO - Génération des séances pour le jour 2025-12-09 (weekday=1)
2025-12-09 09:45:46,586 - INFO - Cache vide → récupération des horaires depuis la DB.
2025-12-09 09:45:46,615 - INFO - Horaires mis en cache (2 horaires).
2025-12-09 09:46:01,587 - INFO - Génération des séances pour le jour 2025-12-09 (weekday=1)
2025-12-09 09:46:01,588 - INFO - Cache vide → récupération des horaires depuis la DB.
2025-12-09 09:46:01,629 - INFO - Horaires mis en cache (2 horaires).
2025-12-09 09:46:16,583 - INFO - Génération des séances pour le jour 2025-12-09 (weekday=1)
2025-12-09 09:46:16,584 - INFO - Cache vide → récupération des horaires depuis la DB.
2025-12-09 09:46:16,626 - INFO - Horaires mis en cache (2 horaires).
2025-12-09 09:46:31,591 - INFO - Génération des séances pour le jour 2025-12-09 (weekday=1)
2025-12-09 09:46:31,593 - INFO - Cache vide → récupération des horaires depuis la DB.
2025-12-09 09:46:31,643 - INFO - Horaires mis en cache (2 horaires).
2025-12-09 09:46:46,583 - INFO - Génération des séances pour le jour 2025-12-09 (weekday=1)
2025-12-09 09:46:46,585 - INFO - Cache vide → récupération des horaires depuis la DB.
2025-12-09 09:46:46,614 - INFO - Horaires mis en cache (2 horaires).
2025-12-09 09:47:01,591 - INFO - Génération des séances pour le jour 2025-12-09 (weekday=1)
2025-12-09 09:47:01,593 - INFO - Cache vide → récupération des horaires depuis la DB.
2025-12-09 09:47:01,626 - INFO - Horaires mis en cache (2 horaires).
2025-12-09 09:47:16,586 - INFO - Génération des séances pour le jour 2025-12-09 (weekday=1)
2025-12-09 09:47:16,587 - INFO - Cache vide → récupération des horaires depuis la DB.
2025-12-09 09:47:16,625 - INFO - Horaires mis en cache (2 horaires).
2025-12-09 09:47:31,586 - INFO - Génération des séances pour le jour 2025-12-09 (weekday=1)
2025-12-09 09:47:31,587 - INFO - Cache vide → récupération des horaires depuis la DB.
2025-12-09 09:47:31,598 - INFO - Horaires mis en cache (2 horaires).
2025-12-09 09:47:46,586 - INFO - Génération des séances pour le jour 2025-12-09 (weekday=1)
2025-12-09 09:47:46,588 - INFO - Cache vide → récupération des horaires depuis la DB.
2025-12-09 09:47:46,629 - INFO - Horaires mis en cache (2 horaires).
2025-12-09 09:48:01,585 - INFO - Génération des séances pour le jour 2025-12-09 (weekday=1)
2025-12-09 09:48:01,587 - INFO - Cache vide → récupération des horaires depuis la DB.
2025-12-09 09:48:01,632 - INFO - Horaires mis en cache (2 horaires).
2025-12-09 09:48:16,585 - INFO - Génération des séances pour le jour 2025-12-09 (weekday=1)
2025-12-09 09:48:16,586 - INFO - Cache vide → récupération des horaires depuis la DB.
2025-12-09 09:48:16,610 - INFO - Horaires mis en cache (2 horaires).
2025-12-09 09:48:31,586 - INFO - Génération des séances pour le jour 2025-12-09 (weekday=1)
2025-12-09 09:48:31,587 - INFO - Cache vide → récupération des horaires depuis la DB.
2025-12-09 09:48:31,631 - INFO - Horaires mis en cache (2 horaires).
2025-12-09 09:48:46,588 - INFO - Génération des séances pour le jour 2025-12-09 (weekday=1)
2025-12-09 09:48:46,589 - INFO - Cache vide → récupération des horaires depuis la DB.
2025-12-09 09:48:46,629 - INFO - Horaires mis en cache (2 horaires).
2025-12-09 09:49:01,594 - INFO - Génération des séances pour le jour 2025-12-09 (weekday=1)
2025-12-09 09:49:01,595 - INFO - Cache vide → récupération des horaires depuis la DB.
2025-12-09 09:49:01,645 - INFO - Horaires mis en cache (2 horaires).
2025-12-09 09:49:16,588 - INFO - Génération des séances pour le jour 2025-12-09 (weekday=1)
2025-12-09 09:49:16,588 - INFO - Cache vide → récupération des horaires depuis la DB.
2025-12-09 09:49:16,600 - INFO - Horaires mis en cache (2 horaires).
2025-12-09 09:49:31,595 - INFO - Génération des séances pour le jour 2025-12-09 (weekday=1)
2025-12-09 09:49:31,596 - INFO - Cache vide → récupération des horaires depuis la DB.
2025-12-09 09:49:31,651 - INFO - Horaires mis en cache (2 horaires).
2025-12-09 09:49:46,583 - INFO - Génération des séances pour le jour 2025-12-09 (weekday=1)
2025-12-09 09:49:46,583 - INFO - Cache vide → récupération des horaires depuis la DB.
2025-12-09 09:49:46,599 - INFO - Horaires mis en cache (2 horaires).
2025-12-09 09:50:01,586 - INFO - Génération des séances pour le jour 2025-12-09 (weekday=1)
2025-12-09 09:50:01,587 - INFO - Cache vide → récupération des horaires depuis la DB.
2025-12-09 09:50:01,622 - INFO - Horaires mis en cache (2 horaires).
2025-12-09 09:50:16,581 - INFO - Génération des séances pour le jour 2025-12-09 (weekday=1)
2025-12-09 09:50:16,581 - INFO - Cache vide → récupération des horaires depuis la DB.
2025-12-09 09:50:16,594 - INFO - Horaires mis en cache (2 horaires).
2025-12-09 09:50:31,589 - INFO - Génération des séances pour le jour 2025-12-09 (weekday=1)
2025-12-09 09:50:31,589 - INFO - Cache vide → récupération des horaires depuis la DB.
2025-12-09 09:50:31,603 - INFO - Horaires mis en cache (2 horaires).
2025-12-09 09:50:46,589 - INFO - Génération des séances pour le jour 2025-12-09 (weekday=1)
2025-12-09 09:50:46,590 - INFO - Cache vide → récupération des horaires depuis la DB.
2025-12-09 09:50:46,628 - INFO - Horaires mis en cache (2 horaires).
2025-12-09 09:51:01,596 - INFO - Génération des séances pour le jour 2025-12-09 (weekday=1)
2025-12-09 09:51:01,597 - INFO - Cache vide → récupération des horaires depuis la DB.
2025-12-09 09:51:01,648 - INFO - Horaires mis en cache (2 horaires).
2025-12-09 09:51:16,582 - INFO - Génération des séances pour le jour 2025-12-09 (weekday=1)
2025-12-09 09:51:16,582 - INFO - Cache vide → récupération des horaires depuis la DB.
2025-12-09 09:51:16,595 - INFO - Horaires mis en cache (2 horaires).
2025-12-09 09:51:31,588 - INFO - Génération des séances pour le jour 2025-12-09 (weekday=1)
2025-12-09 09:51:31,589 - INFO - Cache vide → récupération des horaires depuis la DB.
2025-12-09 09:51:31,639 - INFO - Horaires mis en cache (2 horaires).
2025-12-09 09:51:46,582 - INFO - Génération des séances pour le jour 2025-12-09 (weekday=1)
2025-12-09 09:51:46,582 - INFO - Cache vide → récupération des horaires depuis la DB.
2025-12-09 09:51:46,594 - INFO - Horaires mis en cache (2 horaires).
2025-12-09 09:52:01,590 - INFO - Génération des séances pour le jour 2025-12-09 (weekday=1)
2025-12-09 09:52:01,590 - INFO - Cache vide → récupération des horaires depuis la DB.
2025-12-09 09:52:01,603 - INFO - Horaires mis en cache (2 horaires).
2025-12-09 09:52:16,590 - INFO - Génération des séances pour le jour 2025-12-09 (weekday=1)
2025-12-09 09:52:16,591 - INFO - Cache vide → récupération des horaires depuis la DB.
2025-12-09 09:52:16,631 - INFO - Horaires mis en cache (2 horaires).
2025-12-09 09:52:31,596 - INFO - Génération des séances pour le jour 2025-12-09 (weekday=1)
2025-12-09 09:52:31,597 - INFO - Cache vide → récupération des horaires depuis la DB.
2025-12-09 09:52:31,647 - INFO - Horaires mis en cache (2 horaires).
2025-12-09 09:52:46,590 - INFO - Génération des séances pour le jour 2025-12-09 (weekday=1)
2025-12-09 09:52:46,592 - INFO - Cache vide → récupération des horaires depuis la DB.
2025-12-09 09:52:46,629 - INFO - Horaires mis en cache (2 horaires).
2025-12-09 09:53:01,591 - INFO - Génération des séances pour le jour 2025-12-09 (weekday=1)
2025-12-09 09:53:01,591 - INFO - Cache vide → récupération des horaires depuis la DB.
2025-12-09 09:53:01,604 - INFO - Horaires mis en cache (2 horaires).
2025-12-09 09:53:16,591 - INFO - Génération des séances pour le jour 2025-12-09 (weekday=1)
2025-12-09 09:53:16,592 - INFO - Cache vide → récupération des horaires depuis la DB.
2025-12-09 09:53:16,632 - INFO - Horaires mis en cache (2 horaires).
2025-12-09 09:53:31,590 - INFO - Génération des séances pour le jour 2025-12-09 (weekday=1)
2025-12-09 09:53:31,591 - INFO - Cache vide → récupération des horaires depuis la DB.
2025-12-09 09:53:31,629 - INFO - Horaires mis en cache (2 horaires).
2025-12-09 09:53:46,583 - INFO - Génération des séances pour le jour 2025-12-09 (weekday=1)
2025-12-09 09:53:46,583 - INFO - Cache vide → récupération des horaires depuis la DB.
2025-12-09 09:53:46,597 - INFO - Horaires mis en cache (2 horaires).
2025-12-09 09:54:01,592 - INFO - Génération des séances pour le jour 2025-12-09 (weekday=1)
2025-12-09 09:54:01,593 - INFO - Cache vide → récupération des horaires depuis la DB.
2025-12-09 09:54:01,617 - INFO - Horaires mis en cache (2 horaires).
2025-12-09 09:54:16,584 - INFO - Génération des séances pour le jour 2025-12-09 (weekday=1)
2025-12-09 09:54:16,584 - INFO - Cache vide → récupération des horaires depuis la DB.
2025-12-09 09:54:16,600 - INFO - Horaires mis en cache (2 horaires).
2025-12-09 09:54:31,597 - INFO - Génération des séances pour le jour 2025-12-09 (weekday=1)
2025-12-09 09:54:31,599 - INFO - Cache vide → récupération des horaires depuis la DB.
2025-12-09 09:54:31,644 - INFO - Horaires mis en cache (2 horaires).
2025-12-09 09:54:46,590 - INFO - Génération des séances pour le jour 2025-12-09 (weekday=1)
2025-12-09 09:54:46,591 - INFO - Cache vide → récupération des horaires depuis la DB.
2025-12-09 09:54:46,630 - INFO - Horaires mis en cache (2 horaires).
2025-12-09 09:55:01,591 - INFO - Génération des séances pour le jour 2025-12-09 (weekday=1)
2025-12-09 09:55:01,591 - INFO - Cache vide → récupération des horaires depuis la DB.
2025-12-09 09:55:01,600 - INFO - Horaires mis en cache (0 horaires).
2025-12-09 09:55:16,583 - INFO - Génération des séances pour le jour 2025-12-09 (weekday=1)
2025-12-09 09:55:16,583 - INFO - Cache vide → récupération des horaires depuis la DB.
2025-12-09 09:55:16,593 - INFO - Horaires mis en cache (0 horaires).
2025-12-09 09:55:31,583 - INFO - Génération des séances pour le jour 2025-12-09 (weekday=1)
2025-12-09 09:55:31,584 - INFO - Cache vide → récupération des horaires depuis la DB.
2025-12-09 09:55:31,595 - INFO - Horaires mis en cache (1 horaires).
2025-12-09 09:55:46,589 - INFO - Génération des séances pour le jour 2025-12-09 (weekday=1)
2025-12-09 09:55:46,590 - INFO - Cache vide → récupération des horaires depuis la DB.
2025-12-09 09:55:46,624 - INFO - Horaires mis en cache (1 horaires).
2025-12-09 09:56:01,593 - INFO - Génération des séances pour le jour 2025-12-09 (weekday=1)
2025-12-09 09:56:01,594 - INFO - Cache vide → récupération des horaires depuis la DB.
2025-12-09 09:56:01,605 - INFO - Horaires mis en cache (1 horaires).
2025-12-09 09:56:01,611 - INFO - Séance créée : GENIE LOGICIEL pour la classe 1 (09:56 - 10:20)
2025-12-09 09:56:16,592 - INFO - Génération des séances pour le jour 2025-12-09 (weekday=1)
2025-12-09 09:56:16,593 - INFO - Cache vide → récupération des horaires depuis la DB.
2025-12-09 09:56:16,638 - INFO - Horaires mis en cache (1 horaires).
2025-12-09 09:56:31,591 - INFO - Génération des séances pour le jour 2025-12-09 (weekday=1)
2025-12-09 09:56:31,592 - INFO - Cache vide → récupération des horaires depuis la DB.
2025-12-09 09:56:31,638 - INFO - Horaires mis en cache (1 horaires).
2025-12-09 09:56:46,592 - INFO - Génération des séances pour le jour 2025-12-09 (weekday=1)
2025-12-09 09:56:46,593 - INFO - Cache vide → récupération des horaires depuis la DB.
2025-12-09 09:56:46,627 - INFO - Horaires mis en cache (1 horaires).
2025-12-09 09:57:01,598 - INFO - Génération des séances pour le jour 2025-12-09 (weekday=1)
2025-12-09 09:57:01,600 - INFO - Cache vide → récupération des horaires depuis la DB.
2025-12-09 09:57:01,635 - INFO - Horaires mis en cache (1 horaires).
2025-12-09 09:57:16,594 - INFO - Génération des séances pour le jour 2025-12-09 (weekday=1)
2025-12-09 09:57:16,595 - INFO - Cache vide → récupération des horaires depuis la DB.
2025-12-09 09:57:16,638 - INFO - Horaires mis en cache (1 horaires).
2025-12-09 09:57:31,592 - INFO - Génération des séances pour le jour 2025-12-09 (weekday=1)
2025-12-09 09:57:31,593 - INFO - Cache vide → récupération des horaires depuis la DB.
2025-12-09 09:57:31,639 - INFO - Horaires mis en cache (1 horaires).
2025-12-09 09:57:46,592 - INFO - Génération des séances pour le jour 2025-12-09 (weekday=1)
2025-12-09 09:57:46,593 - INFO - Cache vide → récupération des horaires depuis la DB.
2025-12-09 09:57:46,627 - INFO - Horaires mis en cache (1 horaires).
2025-12-09 09:58:01,600 - INFO - Génération des séances pour le jour 2025-12-09 (weekday=1)
2025-12-09 09:58:01,601 - INFO - Cache vide → récupération des horaires depuis la DB.
2025-12-09 09:58:01,643 - INFO - Horaires mis en cache (1 horaires).
2025-12-09 09:58:16,594 - INFO - Génération des séances pour le jour 2025-12-09 (weekday=1)
2025-12-09 09:58:16,595 - INFO - Cache vide → récupération des horaires depuis la DB.
2025-12-09 09:58:16,632 - INFO - Horaires mis en cache (1 horaires).
2025-12-09 09:58:31,600 - INFO - Génération des séances pour le jour 2025-12-09 (weekday=1)
2025-12-09 09:58:31,601 - INFO - Cache vide → récupération des horaires depuis la DB.
2025-12-09 09:58:31,647 - INFO - Horaires mis en cache (1 horaires).
2025-12-09 09:58:46,593 - INFO - Génération des séances pour le jour 2025-12-09 (weekday=1)
2025-12-09 09:58:46,594 - INFO - Cache vide → récupération des horaires depuis la DB.
2025-12-09 09:58:46,626 - INFO - Horaires mis en cache (1 horaires).
2025-12-09 09:59:01,601 - INFO - Génération des séances pour le jour 2025-12-09 (weekday=1)
2025-12-09 09:59:01,602 - INFO - Cache vide → récupération des horaires depuis la DB.
2025-12-09 09:59:01,648 - INFO - Horaires mis en cache (1 horaires).
2025-12-09 09:59:16,587 - INFO - Génération des séances pour le jour 2025-12-09 (weekday=1)
2025-12-09 09:59:16,587 - INFO - Cache vide → récupération des horaires depuis la DB.
2025-12-09 09:59:16,598 - INFO - Horaires mis en cache (1 horaires).
2025-12-09 09:59:31,594 - INFO - Génération des séances pour le jour 2025-12-09 (weekday=1)
2025-12-09 09:59:31,595 - INFO - Cache vide → récupération des horaires depuis la DB.
2025-12-09 09:59:31,641 - INFO - Horaires mis en cache (1 horaires).
2025-12-09 09:59:46,593 - INFO - Génération des séances pour le jour 2025-12-09 (weekday=1)
2025-12-09 09:59:46,595 - INFO - Cache vide → récupération des horaires depuis la DB.
2025-12-09 09:59:46,636 - INFO - Horaires mis en cache (1 horaires).
2025-12-09 10:00:01,602 - INFO - Génération des séances pour le jour 2025-12-09 (weekday=1)
2025-12-09 10:00:01,603 - INFO - Cache vide → récupération des horaires depuis la DB.
2025-12-09 10:00:01,648 - INFO - Horaires mis en cache (1 horaires).
2025-12-09 10:00:16,588 - INFO - Génération des séances pour le jour 2025-12-09 (weekday=1)
2025-12-09 10:00:16,588 - INFO - Cache vide → récupération des horaires depuis la DB.
2025-12-09 10:00:16,599 - INFO - Horaires mis en cache (1 horaires).
2025-12-09 10:00:31,589 - INFO - Génération des séances pour le jour 2025-12-09 (weekday=1)
2025-12-09 10:00:31,589 - INFO - Cache vide → récupération des horaires depuis la DB.
2025-12-09 10:00:31,600 - INFO - Horaires mis en cache (1 horaires).
2025-12-09 10:00:46,588 - INFO - Génération des séances pour le jour 2025-12-09 (weekday=1)
2025-12-09 10:00:46,588 - INFO - Cache vide → récupération des horaires depuis la DB.
2025-12-09 10:00:46,601 - INFO - Horaires mis en cache (1 horaires).
2025-12-09 10:01:01,594 - INFO - Génération des séances pour le jour 2025-12-09 (weekday=1)
2025-12-09 10:01:01,595 - INFO - Cache vide → récupération des horaires depuis la DB.
2025-12-09 10:01:01,637 - INFO - Horaires mis en cache (1 horaires).
2025-12-09 10:01:16,593 - INFO - Génération des séances pour le jour 2025-12-09 (weekday=1)
2025-12-09 10:01:16,595 - INFO - Cache vide → récupération des horaires depuis la DB.
2025-12-09 10:01:16,627 - INFO - Horaires mis en cache (1 horaires).
2025-12-09 10:01:31,589 - INFO - Génération des séances pour le jour 2025-12-09 (weekday=1)
2025-12-09 10:01:31,589 - INFO - Cache vide → récupération des horaires depuis la DB.
2025-12-09 10:01:31,603 - INFO - Horaires mis en cache (1 horaires).
2025-12-09 10:01:46,588 - INFO - Génération des séances pour le jour 2025-12-09 (weekday=1)
2025-12-09 10:01:46,589 - INFO - Cache vide → récupération des horaires depuis la DB.
2025-12-09 10:01:46,602 - INFO - Horaires mis en cache (1 horaires).
2025-12-09 10:02:01,595 - INFO - Génération des séances pour le jour 2025-12-09 (weekday=1)
2025-12-09 10:02:01,596 - INFO - Cache vide → récupération des horaires depuis la DB.
2025-12-09 10:02:01,641 - INFO - Horaires mis en cache (1 horaires).
2025-12-09 10:02:16,597 - INFO - Génération des séances pour le jour 2025-12-09 (weekday=1)
2025-12-09 10:02:16,598 - INFO - Cache vide → récupération des horaires depuis la DB.
2025-12-09 10:02:16,637 - INFO - Horaires mis en cache (1 horaires).
2025-12-09 10:02:31,590 - INFO - Génération des séances pour le jour 2025-12-09 (weekday=1)
2025-12-09 10:02:31,590 - INFO - Cache vide → récupération des horaires depuis la DB.
2025-12-09 10:02:31,603 - INFO - Horaires mis en cache (1 horaires).
2025-12-09 10:02:46,599 - INFO - Génération des séances pour le jour 2025-12-09 (weekday=1)
2025-12-09 10:02:46,600 - INFO - Cache vide → récupération des horaires depuis la DB.
2025-12-09 10:02:46,641 - INFO - Horaires mis en cache (1 horaires).
2025-12-09 10:03:01,597 - INFO - Génération des séances pour le jour 2025-12-09 (weekday=1)
2025-12-09 10:03:01,598 - INFO - Cache vide → récupération des horaires depuis la DB.
2025-12-09 10:03:01,649 - INFO - Horaires mis en cache (1 horaires).
2025-12-09 10:03:16,597 - INFO - Génération des séances pour le jour 2025-12-09 (weekday=1)
2025-12-09 10:03:16,598 - INFO - Cache vide → récupération des horaires depuis la DB.
2025-12-09 10:03:16,624 - INFO - Horaires mis en cache (1 horaires).
2025-12-09 10:03:31,597 - INFO - Génération des séances pour le jour 2025-12-09 (weekday=1)
2025-12-09 10:03:31,599 - INFO - Cache vide → récupération des horaires depuis la DB.
2025-12-09 10:03:31,637 - INFO - Horaires mis en cache (1 horaires).
2025-12-09 10:03:46,597 - INFO - Génération des séances pour le jour 2025-12-09 (weekday=1)
2025-12-09 10:03:46,598 - INFO - Cache vide → récupération des horaires depuis la DB.
2025-12-09 10:03:46,633 - INFO - Horaires mis en cache (1 horaires).
2025-12-09 10:04:01,605 - INFO - Génération des séances pour le jour 2025-12-09 (weekday=1)
2025-12-09 10:04:01,606 - INFO - Cache vide → récupération des horaires depuis la DB.
2025-12-09 10:04:01,657 - INFO - Horaires mis en cache (1 horaires).
2025-12-09 10:04:16,599 - INFO - Génération des séances pour le jour 2025-12-09 (weekday=1)
2025-12-09 10:04:16,600 - INFO - Cache vide → récupération des horaires depuis la DB.
2025-12-09 10:04:16,639 - INFO - Horaires mis en cache (1 horaires).
2025-12-09 10:04:31,592 - INFO - Génération des séances pour le jour 2025-12-09 (weekday=1)
2025-12-09 10:04:31,592 - INFO - Cache vide → récupération des horaires depuis la DB.
2025-12-09 10:04:31,604 - INFO - Horaires mis en cache (1 horaires).
2025-12-09 10:04:46,597 - INFO - Génération des séances pour le jour 2025-12-09 (weekday=1)
2025-12-09 10:04:46,599 - INFO - Cache vide → récupération des horaires depuis la DB.
2025-12-09 10:04:46,643 - INFO - Horaires mis en cache (1 horaires).
2025-12-09 10:05:01,606 - INFO - Génération des séances pour le jour 2025-12-09 (weekday=1)
2025-12-09 10:05:01,607 - INFO - Cache vide → récupération des horaires depuis la DB.
2025-12-09 10:05:01,653 - INFO - Horaires mis en cache (1 horaires).
2025-12-09 10:05:16,597 - INFO - Génération des séances pour le jour 2025-12-09 (weekday=1)
2025-12-09 10:05:16,598 - INFO - Cache vide → récupération des horaires depuis la DB.
2025-12-09 10:05:16,635 - INFO - Horaires mis en cache (1 horaires).
2025-12-09 10:05:31,596 - INFO - Génération des séances pour le jour 2025-12-09 (weekday=1)
2025-12-09 10:05:31,596 - INFO - Cache vide → récupération des horaires depuis la DB.
2025-12-09 10:05:31,607 - INFO - Horaires mis en cache (1 horaires).
2025-12-09 10:05:46,601 - INFO - Génération des séances pour le jour 2025-12-09 (weekday=1)
2025-12-09 10:05:46,602 - INFO - Cache vide → récupération des horaires depuis la DB.
2025-12-09 10:05:46,641 - INFO - Horaires mis en cache (1 horaires).
2025-12-09 10:06:01,593 - INFO - Génération des séances pour le jour 2025-12-09 (weekday=1)
2025-12-09 10:06:01,594 - INFO - Cache vide → récupération des horaires depuis la DB.
2025-12-09 10:06:01,605 - INFO - Horaires mis en cache (1 horaires).
2025-12-09 10:06:16,599 - INFO - Génération des séances pour le jour 2025-12-09 (weekday=1)
2025-12-09 10:06:16,600 - INFO - Cache vide → récupération des horaires depuis la DB.
2025-12-09 10:06:16,636 - INFO - Horaires mis en cache (1 horaires).
2025-12-09 10:06:31,594 - INFO - Génération des séances pour le jour 2025-12-09 (weekday=1)
2025-12-09 10:06:31,594 - INFO - Cache vide → récupération des horaires depuis la DB.
2025-12-09 10:06:31,609 - INFO - Horaires mis en cache (1 horaires).
2025-12-09 10:06:46,593 - INFO - Génération des séances pour le jour 2025-12-09 (weekday=1)
2025-12-09 10:06:46,593 - INFO - Cache vide → récupération des horaires depuis la DB.
2025-12-09 10:06:46,605 - INFO - Horaires mis en cache (1 horaires).
2025-12-09 10:07:01,593 - INFO - Génération des séances pour le jour 2025-12-09 (weekday=1)
2025-12-09 10:07:01,593 - INFO - Cache vide → récupération des horaires depuis la DB.
2025-12-09 10:07:01,603 - INFO - Horaires mis en cache (1 horaires).
2025-12-09 10:07:16,593 - INFO - Génération des séances pour le jour 2025-12-09 (weekday=1)
2025-12-09 10:07:16,593 - INFO - Cache vide → récupération des horaires depuis la DB.
2025-12-09 10:07:16,604 - INFO - Horaires mis en cache (1 horaires).
2025-12-09 10:07:31,599 - INFO - Génération des séances pour le jour 2025-12-09 (weekday=1)
2025-12-09 10:07:31,600 - INFO - Cache vide → récupération des horaires depuis la DB.
2025-12-09 10:07:31,646 - INFO - Horaires mis en cache (1 horaires).
2025-12-09 10:07:46,599 - INFO - Génération des séances pour le jour 2025-12-09 (weekday=1)
2025-12-09 10:07:46,600 - INFO - Cache vide → récupération des horaires depuis la DB.
2025-12-09 10:07:46,622 - INFO - Horaires mis en cache (1 horaires).
2025-12-09 10:08:01,594 - INFO - Génération des séances pour le jour 2025-12-09 (weekday=1)
2025-12-09 10:08:01,594 - INFO - Cache vide → récupération des horaires depuis la DB.
2025-12-09 10:08:01,605 - INFO - Horaires mis en cache (1 horaires).
2025-12-09 10:08:16,599 - INFO - Génération des séances pour le jour 2025-12-09 (weekday=1)
2025-12-09 10:08:16,601 - INFO - Cache vide → récupération des horaires depuis la DB.
2025-12-09 10:08:16,635 - INFO - Horaires mis en cache (1 horaires).
2025-12-09 10:08:31,599 - INFO - Génération des séances pour le jour 2025-12-09 (weekday=1)
2025-12-09 10:08:31,601 - INFO - Cache vide → récupération des horaires depuis la DB.
2025-12-09 10:08:31,646 - INFO - Horaires mis en cache (1 horaires).
2025-12-09 10:08:46,594 - INFO - Génération des séances pour le jour 2025-12-09 (weekday=1)
2025-12-09 10:08:46,594 - INFO - Cache vide → récupération des horaires depuis la DB.
2025-12-09 10:08:46,607 - INFO - Horaires mis en cache (1 horaires).
2025-12-09 10:09:01,607 - INFO - Génération des séances pour le jour 2025-12-09 (weekday=1)
2025-12-09 10:09:01,608 - INFO - Cache vide → récupération des horaires depuis la DB.
2025-12-09 10:09:01,648 - INFO - Horaires mis en cache (1 horaires).
2025-12-09 10:09:16,603 - INFO - Génération des séances pour le jour 2025-12-09 (weekday=1)
2025-12-09 10:09:16,604 - INFO - Cache vide → récupération des horaires depuis la DB.
2025-12-09 10:09:16,643 - INFO - Horaires mis en cache (1 horaires).
2025-12-09 10:09:31,605 - INFO - Génération des séances pour le jour 2025-12-09 (weekday=1)
2025-12-09 10:09:31,605 - INFO - Cache vide → récupération des horaires depuis la DB.
2025-12-09 10:09:31,618 - INFO - Horaires mis en cache (1 horaires).
2025-12-09 10:09:46,602 - INFO - Génération des séances pour le jour 2025-12-09 (weekday=1)
2025-12-09 10:09:46,603 - INFO - Cache vide → récupération des horaires depuis la DB.
2025-12-09 10:09:46,642 - INFO - Horaires mis en cache (1 horaires).
2025-12-09 10:10:01,597 - INFO - Génération des séances pour le jour 2025-12-09 (weekday=1)
2025-12-09 10:10:01,597 - INFO - Cache vide → récupération des horaires depuis la DB.
2025-12-09 10:10:01,608 - INFO - Horaires mis en cache (1 horaires).
2025-12-09 10:10:16,603 - INFO - Génération des séances pour le jour 2025-12-09 (weekday=1)
2025-12-09 10:10:16,604 - INFO - Cache vide → récupération des horaires depuis la DB.
2025-12-09 10:10:16,630 - INFO - Horaires mis en cache (1 horaires).
2025-12-09 10:10:31,598 - INFO - Génération des séances pour le jour 2025-12-09 (weekday=1)
2025-12-09 10:10:31,598 - INFO - Cache vide → récupération des horaires depuis la DB.
2025-12-09 10:10:31,611 - INFO - Horaires mis en cache (1 horaires).
2025-12-09 10:10:46,607 - INFO - Génération des séances pour le jour 2025-12-09 (weekday=1)
2025-12-09 10:10:46,608 - INFO - Cache vide → récupération des horaires depuis la DB.
2025-12-09 10:10:46,647 - INFO - Horaires mis en cache (1 horaires).
2025-12-09 10:11:01,607 - INFO - Génération des séances pour le jour 2025-12-09 (weekday=1)
2025-12-09 10:11:01,608 - INFO - Cache vide → récupération des horaires depuis la DB.
2025-12-09 10:11:01,658 - INFO - Horaires mis en cache (1 horaires).
2025-12-09 10:11:16,608 - INFO - Génération des séances pour le jour 2025-12-09 (weekday=1)
2025-12-09 10:11:16,609 - INFO - Cache vide → récupération des horaires depuis la DB.
2025-12-09 10:11:16,654 - INFO - Horaires mis en cache (1 horaires).
2025-12-09 10:11:31,614 - INFO - Génération des séances pour le jour 2025-12-09 (weekday=1)
2025-12-09 10:11:31,616 - INFO - Cache vide → récupération des horaires depuis la DB.
2025-12-09 10:11:31,658 - INFO - Horaires mis en cache (1 horaires).
2025-12-09 10:11:46,605 - INFO - Génération des séances pour le jour 2025-12-09 (weekday=1)
2025-12-09 10:11:46,607 - INFO - Cache vide → récupération des horaires depuis la DB.
2025-12-09 10:11:46,635 - INFO - Horaires mis en cache (1 horaires).
2025-12-09 10:12:01,608 - INFO - Génération des séances pour le jour 2025-12-09 (weekday=1)
2025-12-09 10:12:01,609 - INFO - Cache vide → récupération des horaires depuis la DB.
2025-12-09 10:12:01,653 - INFO - Horaires mis en cache (1 horaires).
2025-12-09 10:12:16,608 - INFO - Génération des séances pour le jour 2025-12-09 (weekday=1)
2025-12-09 10:12:16,609 - INFO - Cache vide → récupération des horaires depuis la DB.
2025-12-09 10:12:16,649 - INFO - Horaires mis en cache (1 horaires).
2025-12-09 10:12:31,610 - INFO - Génération des séances pour le jour 2025-12-09 (weekday=1)
2025-12-09 10:12:31,610 - INFO - Cache vide → récupération des horaires depuis la DB.
2025-12-09 10:12:31,624 - INFO - Horaires mis en cache (1 horaires).
2025-12-09 10:12:46,601 - INFO - Génération des séances pour le jour 2025-12-09 (weekday=1)
2025-12-09 10:12:46,601 - INFO - Cache vide → récupération des horaires depuis la DB.
2025-12-09 10:12:46,612 - INFO - Horaires mis en cache (1 horaires).
2025-12-09 10:13:01,615 - INFO - Génération des séances pour le jour 2025-12-09 (weekday=1)
2025-12-09 10:13:01,617 - INFO - Cache vide → récupération des horaires depuis la DB.
2025-12-09 10:13:01,655 - INFO - Horaires mis en cache (1 horaires).
2025-12-09 10:13:16,609 - INFO - Génération des séances pour le jour 2025-12-09 (weekday=1)
2025-12-09 10:13:16,610 - INFO - Cache vide → récupération des horaires depuis la DB.
2025-12-09 10:13:16,651 - INFO - Horaires mis en cache (1 horaires).
2025-12-09 10:13:31,616 - INFO - Génération des séances pour le jour 2025-12-09 (weekday=1)
2025-12-09 10:13:31,617 - INFO - Cache vide → récupération des horaires depuis la DB.
2025-12-09 10:13:31,668 - INFO - Horaires mis en cache (1 horaires).
2025-12-09 10:13:46,608 - INFO - Génération des séances pour le jour 2025-12-09 (weekday=1)
2025-12-09 10:13:46,609 - INFO - Cache vide → récupération des horaires depuis la DB.
2025-12-09 10:13:46,643 - INFO - Horaires mis en cache (1 horaires).
2025-12-09 10:14:01,602 - INFO - Génération des séances pour le jour 2025-12-09 (weekday=1)
2025-12-09 10:14:01,602 - INFO - Cache vide → récupération des horaires depuis la DB.
2025-12-09 10:14:01,613 - INFO - Horaires mis en cache (1 horaires).
2025-12-09 10:14:16,607 - INFO - Génération des séances pour le jour 2025-12-09 (weekday=1)
2025-12-09 10:14:16,608 - INFO - Cache vide → récupération des horaires depuis la DB.
2025-12-09 10:14:16,632 - INFO - Horaires mis en cache (1 horaires).
2025-12-09 10:14:31,602 - INFO - Génération des séances pour le jour 2025-12-09 (weekday=1)
2025-12-09 10:14:31,603 - INFO - Cache vide → récupération des horaires depuis la DB.
2025-12-09 10:14:31,614 - INFO - Horaires mis en cache (1 horaires).
2025-12-09 10:14:46,611 - INFO - Génération des séances pour le jour 2025-12-09 (weekday=1)
2025-12-09 10:14:46,612 - INFO - Cache vide → récupération des horaires depuis la DB.
2025-12-09 10:14:46,639 - INFO - Horaires mis en cache (1 horaires).
2025-12-09 10:15:01,617 - INFO - Génération des séances pour le jour 2025-12-09 (weekday=1)
2025-12-09 10:15:01,618 - INFO - Cache vide → récupération des horaires depuis la DB.
2025-12-09 10:15:01,668 - INFO - Horaires mis en cache (1 horaires).
2025-12-09 10:15:16,608 - INFO - Génération des séances pour le jour 2025-12-09 (weekday=1)
2025-12-09 10:15:16,609 - INFO - Cache vide → récupération des horaires depuis la DB.
2025-12-09 10:15:16,647 - INFO - Horaires mis en cache (1 horaires).
2025-12-09 10:15:31,608 - INFO - Génération des séances pour le jour 2025-12-09 (weekday=1)
2025-12-09 10:15:31,609 - INFO - Cache vide → récupération des horaires depuis la DB.
2025-12-09 10:15:31,646 - INFO - Horaires mis en cache (1 horaires).
2025-12-09 10:15:46,610 - INFO - Génération des séances pour le jour 2025-12-09 (weekday=1)
2025-12-09 10:15:46,611 - INFO - Cache vide → récupération des horaires depuis la DB.
2025-12-09 10:15:46,645 - INFO - Horaires mis en cache (1 horaires).
2025-12-09 10:16:01,603 - INFO - Génération des séances pour le jour 2025-12-09 (weekday=1)
2025-12-09 10:16:01,604 - INFO - Cache vide → récupération des horaires depuis la DB.
2025-12-09 10:16:01,615 - INFO - Horaires mis en cache (1 horaires).
2025-12-09 10:16:16,610 - INFO - Génération des séances pour le jour 2025-12-09 (weekday=1)
2025-12-09 10:16:16,612 - INFO - Cache vide → récupération des horaires depuis la DB.
2025-12-09 10:16:16,639 - INFO - Horaires mis en cache (1 horaires).
2025-12-09 10:16:31,618 - INFO - Génération des séances pour le jour 2025-12-09 (weekday=1)
2025-12-09 10:16:31,619 - INFO - Cache vide → récupération des horaires depuis la DB.
2025-12-09 10:16:31,663 - INFO - Horaires mis en cache (1 horaires).
2025-12-09 10:16:46,605 - INFO - Génération des séances pour le jour 2025-12-09 (weekday=1)
2025-12-09 10:16:46,606 - INFO - Cache vide → récupération des horaires depuis la DB.
2025-12-09 10:16:46,621 - INFO - Horaires mis en cache (1 horaires).
2025-12-09 10:17:01,618 - INFO - Génération des séances pour le jour 2025-12-09 (weekday=1)
2025-12-09 10:17:01,619 - INFO - Cache vide → récupération des horaires depuis la DB.
2025-12-09 10:17:01,667 - INFO - Horaires mis en cache (1 horaires).
2025-12-09 10:17:16,613 - INFO - Génération des séances pour le jour 2025-12-09 (weekday=1)
2025-12-09 10:17:16,614 - INFO - Cache vide → récupération des horaires depuis la DB.
2025-12-09 10:17:16,650 - INFO - Horaires mis en cache (1 horaires).
2025-12-09 10:17:31,612 - INFO - Génération des séances pour le jour 2025-12-09 (weekday=1)
2025-12-09 10:17:31,613 - INFO - Cache vide → récupération des horaires depuis la DB.
2025-12-09 10:17:31,650 - INFO - Horaires mis en cache (1 horaires).
2025-12-09 10:17:46,611 - INFO - Génération des séances pour le jour 2025-12-09 (weekday=1)
2025-12-09 10:17:46,613 - INFO - Cache vide → récupération des horaires depuis la DB.
2025-12-09 10:17:46,635 - INFO - Horaires mis en cache (1 horaires).
2025-12-09 10:18:01,612 - INFO - Génération des séances pour le jour 2025-12-09 (weekday=1)
2025-12-09 10:18:01,613 - INFO - Cache vide → récupération des horaires depuis la DB.
2025-12-09 10:18:01,660 - INFO - Horaires mis en cache (1 horaires).
2025-12-09 10:18:16,612 - INFO - Génération des séances pour le jour 2025-12-09 (weekday=1)
2025-12-09 10:18:16,613 - INFO - Cache vide → récupération des horaires depuis la DB.
2025-12-09 10:18:16,643 - INFO - Horaires mis en cache (1 horaires).
2025-12-09 10:18:31,613 - INFO - Génération des séances pour le jour 2025-12-09 (weekday=1)
2025-12-09 10:18:31,615 - INFO - Cache vide → récupération des horaires depuis la DB.
2025-12-09 10:18:31,657 - INFO - Horaires mis en cache (1 horaires).
2025-12-09 10:18:46,614 - INFO - Génération des séances pour le jour 2025-12-09 (weekday=1)
2025-12-09 10:18:46,616 - INFO - Cache vide → récupération des horaires depuis la DB.
2025-12-09 10:18:46,645 - INFO - Horaires mis en cache (1 horaires).
2025-12-09 10:19:01,621 - INFO - Génération des séances pour le jour 2025-12-09 (weekday=1)
2025-12-09 10:19:01,622 - INFO - Cache vide → récupération des horaires depuis la DB.
2025-12-09 10:19:01,665 - INFO - Horaires mis en cache (1 horaires).
2025-12-09 10:19:16,615 - INFO - Génération des séances pour le jour 2025-12-09 (weekday=1)
2025-12-09 10:19:16,617 - INFO - Cache vide → récupération des horaires depuis la DB.
2025-12-09 10:19:16,648 - INFO - Horaires mis en cache (1 horaires).
2025-12-09 10:19:31,613 - INFO - Génération des séances pour le jour 2025-12-09 (weekday=1)
2025-12-09 10:19:31,614 - INFO - Cache vide → récupération des horaires depuis la DB.
2025-12-09 10:19:31,661 - INFO - Horaires mis en cache (1 horaires).
2025-12-09 10:19:46,608 - INFO - Génération des séances pour le jour 2025-12-09 (weekday=1)
2025-12-09 10:19:46,608 - INFO - Cache vide → récupération des horaires depuis la DB.
2025-12-09 10:19:46,619 - INFO - Horaires mis en cache (1 horaires).
2025-12-09 10:20:01,607 - INFO - Génération des séances pour le jour 2025-12-09 (weekday=1)
2025-12-09 10:20:01,608 - INFO - Cache vide → récupération des horaires depuis la DB.
2025-12-09 10:20:01,619 - INFO - Horaires mis en cache (1 horaires).
2025-12-09 10:20:16,614 - INFO - Génération des séances pour le jour 2025-12-09 (weekday=1)
2025-12-09 10:20:16,615 - INFO - Cache vide → récupération des horaires depuis la DB.
2025-12-09 10:20:16,646 - INFO - Horaires mis en cache (1 horaires).
2025-12-09 10:20:31,614 - INFO - Génération des séances pour le jour 2025-12-09 (weekday=1)
2025-12-09 10:20:31,616 - INFO - Cache vide → récupération des horaires depuis la DB.
2025-12-09 10:20:31,661 - INFO - Horaires mis en cache (1 horaires).
2025-12-09 10:20:46,608 - INFO - Génération des séances pour le jour 2025-12-09 (weekday=1)
2025-12-09 10:20:46,608 - INFO - Cache vide → récupération des horaires depuis la DB.
2025-12-09 10:20:46,621 - INFO - Horaires mis en cache (1 horaires).
2025-12-09 10:21:01,622 - INFO - Génération des séances pour le jour 2025-12-09 (weekday=1)
2025-12-09 10:21:01,623 - INFO - Cache vide → récupération des horaires depuis la DB.
2025-12-09 10:21:01,665 - INFO - Horaires mis en cache (2 horaires).
2025-12-09 10:21:01,672 - INFO - Séance créée : ALGO pour la classe 1 (10:21 - 10:59)
2025-12-09 10:21:16,616 - INFO - Génération des séances pour le jour 2025-12-09 (weekday=1)
2025-12-09 10:21:16,618 - INFO - Cache vide → récupération des horaires depuis la DB.
2025-12-09 10:21:16,658 - INFO - Horaires mis en cache (2 horaires).
2025-12-09 10:21:31,609 - INFO - Génération des séances pour le jour 2025-12-09 (weekday=1)
2025-12-09 10:21:31,610 - INFO - Cache vide → récupération des horaires depuis la DB.
2025-12-09 10:21:31,622 - INFO - Horaires mis en cache (2 horaires).
2025-12-09 10:21:46,610 - INFO - Génération des séances pour le jour 2025-12-09 (weekday=1)
2025-12-09 10:21:46,611 - INFO - Cache vide → récupération des horaires depuis la DB.
2025-12-09 10:21:46,625 - INFO - Horaires mis en cache (2 horaires).
2025-12-09 10:22:01,615 - INFO - Génération des séances pour le jour 2025-12-09 (weekday=1)
2025-12-09 10:22:01,617 - INFO - Cache vide → récupération des horaires depuis la DB.
2025-12-09 10:22:01,673 - INFO - Horaires mis en cache (2 horaires).
2025-12-09 10:22:16,609 - INFO - Génération des séances pour le jour 2025-12-09 (weekday=1)
2025-12-09 10:22:16,609 - INFO - Cache vide → récupération des horaires depuis la DB.
2025-12-09 10:22:16,621 - INFO - Horaires mis en cache (2 horaires).
2025-12-09 10:22:31,618 - INFO - Génération des séances pour le jour 2025-12-09 (weekday=1)
2025-12-09 10:22:31,619 - INFO - Cache vide → récupération des horaires depuis la DB.
2025-12-09 10:22:31,639 - INFO - Horaires mis en cache (2 horaires).
2025-12-09 10:22:46,616 - INFO - Génération des séances pour le jour 2025-12-09 (weekday=1)
2025-12-09 10:22:46,618 - INFO - Cache vide → récupération des horaires depuis la DB.
2025-12-09 10:22:46,655 - INFO - Horaires mis en cache (2 horaires).
2025-12-09 10:23:01,623 - INFO - Génération des séances pour le jour 2025-12-09 (weekday=1)
2025-12-09 10:23:01,624 - INFO - Cache vide → récupération des horaires depuis la DB.
2025-12-09 10:23:01,675 - INFO - Horaires mis en cache (2 horaires).
2025-12-09 10:23:16,618 - INFO - Génération des séances pour le jour 2025-12-09 (weekday=1)
2025-12-09 10:23:16,619 - INFO - Cache vide → récupération des horaires depuis la DB.
2025-12-09 10:23:16,659 - INFO - Horaires mis en cache (2 horaires).
2025-12-09 10:23:31,616 - INFO - Génération des séances pour le jour 2025-12-09 (weekday=1)
2025-12-09 10:23:31,618 - INFO - Cache vide → récupération des horaires depuis la DB.
2025-12-09 10:23:31,668 - INFO - Horaires mis en cache (2 horaires).
2025-12-09 10:23:46,612 - INFO - Génération des séances pour le jour 2025-12-09 (weekday=1)
2025-12-09 10:23:46,613 - INFO - Cache vide → récupération des horaires depuis la DB.
2025-12-09 10:23:46,626 - INFO - Horaires mis en cache (2 horaires).
2025-12-09 10:24:01,616 - INFO - Génération des séances pour le jour 2025-12-09 (weekday=1)
2025-12-09 10:24:01,618 - INFO - Cache vide → récupération des horaires depuis la DB.
2025-12-09 10:24:01,665 - INFO - Horaires mis en cache (2 horaires).
2025-12-09 10:24:16,615 - INFO - Génération des séances pour le jour 2025-12-09 (weekday=1)
2025-12-09 10:24:16,616 - INFO - Cache vide → récupération des horaires depuis la DB.
2025-12-09 10:24:16,642 - INFO - Horaires mis en cache (2 horaires).
2025-12-09 10:24:31,625 - INFO - Génération des séances pour le jour 2025-12-09 (weekday=1)
2025-12-09 10:24:31,626 - INFO - Cache vide → récupération des horaires depuis la DB.
2025-12-09 10:24:31,678 - INFO - Horaires mis en cache (2 horaires).
2025-12-09 10:24:46,619 - INFO - Génération des séances pour le jour 2025-12-09 (weekday=1)
2025-12-09 10:24:46,621 - INFO - Cache vide → récupération des horaires depuis la DB.
2025-12-09 10:24:46,664 - INFO - Horaires mis en cache (2 horaires).
2025-12-09 10:25:01,626 - INFO - Génération des séances pour le jour 2025-12-09 (weekday=1)
2025-12-09 10:25:01,627 - INFO - Cache vide → récupération des horaires depuis la DB.
2025-12-09 10:25:01,673 - INFO - Horaires mis en cache (2 horaires).
2025-12-09 10:25:16,619 - INFO - Génération des séances pour le jour 2025-12-09 (weekday=1)
2025-12-09 10:25:16,620 - INFO - Cache vide → récupération des horaires depuis la DB.
2025-12-09 10:25:16,657 - INFO - Horaires mis en cache (2 horaires).
2025-12-09 10:25:31,618 - INFO - Génération des séances pour le jour 2025-12-09 (weekday=1)
2025-12-09 10:25:31,620 - INFO - Cache vide → récupération des horaires depuis la DB.
2025-12-09 10:25:31,676 - INFO - Horaires mis en cache (2 horaires).
2025-12-09 10:25:46,618 - INFO - Génération des séances pour le jour 2025-12-09 (weekday=1)
2025-12-09 10:25:46,620 - INFO - Cache vide → récupération des horaires depuis la DB.
2025-12-09 10:25:46,664 - INFO - Horaires mis en cache (2 horaires).
2025-12-09 10:26:01,619 - INFO - Génération des séances pour le jour 2025-12-09 (weekday=1)
2025-12-09 10:26:01,620 - INFO - Cache vide → récupération des horaires depuis la DB.
2025-12-09 10:26:01,672 - INFO - Horaires mis en cache (2 horaires).
2025-12-09 10:26:16,621 - INFO - Génération des séances pour le jour 2025-12-09 (weekday=1)
2025-12-09 10:26:16,622 - INFO - Cache vide → récupération des horaires depuis la DB.
2025-12-09 10:26:16,666 - INFO - Horaires mis en cache (2 horaires).
2025-12-09 10:26:31,628 - INFO - Génération des séances pour le jour 2025-12-09 (weekday=1)
2025-12-09 10:26:31,629 - INFO - Cache vide → récupération des horaires depuis la DB.
2025-12-09 10:26:31,673 - INFO - Horaires mis en cache (2 horaires).
2025-12-09 10:26:46,622 - INFO - Génération des séances pour le jour 2025-12-09 (weekday=1)
2025-12-09 10:26:46,623 - INFO - Cache vide → récupération des horaires depuis la DB.
2025-12-09 10:26:46,666 - INFO - Horaires mis en cache (2 horaires).
2025-12-09 10:27:01,628 - INFO - Génération des séances pour le jour 2025-12-09 (weekday=1)
2025-12-09 10:27:01,629 - INFO - Cache vide → récupération des horaires depuis la DB.
2025-12-09 10:27:01,681 - INFO - Horaires mis en cache (2 horaires).
2025-12-09 10:27:16,620 - INFO - Génération des séances pour le jour 2025-12-09 (weekday=1)
2025-12-09 10:27:16,622 - INFO - Cache vide → récupération des horaires depuis la DB.
2025-12-09 10:27:16,665 - INFO - Horaires mis en cache (2 horaires).
2025-12-09 10:27:31,620 - INFO - Génération des séances pour le jour 2025-12-09 (weekday=1)
2025-12-09 10:27:31,622 - INFO - Cache vide → récupération des horaires depuis la DB.
2025-12-09 10:27:31,678 - INFO - Horaires mis en cache (2 horaires).
2025-12-09 10:27:46,615 - INFO - Génération des séances pour le jour 2025-12-09 (weekday=1)
2025-12-09 10:27:46,616 - INFO - Cache vide → récupération des horaires depuis la DB.
2025-12-09 10:27:46,638 - INFO - Horaires mis en cache (2 horaires).
2025-12-09 10:28:01,621 - INFO - Génération des séances pour le jour 2025-12-09 (weekday=1)
2025-12-09 10:28:01,624 - INFO - Cache vide → récupération des horaires depuis la DB.
2025-12-09 10:28:01,670 - INFO - Horaires mis en cache (2 horaires).
2025-12-09 10:28:16,619 - INFO - Génération des séances pour le jour 2025-12-09 (weekday=1)
2025-12-09 10:28:16,619 - INFO - Cache vide → récupération des horaires depuis la DB.
2025-12-09 10:28:16,648 - INFO - Horaires mis en cache (2 horaires).
2025-12-09 10:28:31,621 - INFO - Génération des séances pour le jour 2025-12-09 (weekday=1)
2025-12-09 10:28:31,622 - INFO - Cache vide → récupération des horaires depuis la DB.
2025-12-09 10:28:31,672 - INFO - Horaires mis en cache (2 horaires).
2025-12-09 10:28:46,624 - INFO - Génération des séances pour le jour 2025-12-09 (weekday=1)
2025-12-09 10:28:46,625 - INFO - Cache vide → récupération des horaires depuis la DB.
2025-12-09 10:28:46,663 - INFO - Horaires mis en cache (2 horaires).
2025-12-09 10:29:01,630 - INFO - Génération des séances pour le jour 2025-12-09 (weekday=1)
2025-12-09 10:29:01,631 - INFO - Cache vide → récupération des horaires depuis la DB.
2025-12-09 10:29:01,680 - INFO - Horaires mis en cache (2 horaires).
2025-12-09 10:29:16,624 - INFO - Génération des séances pour le jour 2025-12-09 (weekday=1)
2025-12-09 10:29:16,626 - INFO - Cache vide → récupération des horaires depuis la DB.
2025-12-09 10:29:16,665 - INFO - Horaires mis en cache (2 horaires).
2025-12-09 10:29:31,623 - INFO - Génération des séances pour le jour 2025-12-09 (weekday=1)
2025-12-09 10:29:31,625 - INFO - Cache vide → récupération des horaires depuis la DB.
2025-12-09 10:29:31,666 - INFO - Horaires mis en cache (2 horaires).
2025-12-09 10:29:46,622 - INFO - Génération des séances pour le jour 2025-12-09 (weekday=1)
2025-12-09 10:29:46,624 - INFO - Cache vide → récupération des horaires depuis la DB.
2025-12-09 10:29:46,657 - INFO - Horaires mis en cache (2 horaires).
2025-12-09 10:30:01,623 - INFO - Génération des séances pour le jour 2025-12-09 (weekday=1)
2025-12-09 10:30:01,624 - INFO - Cache vide → récupération des horaires depuis la DB.
2025-12-09 10:30:01,669 - INFO - Horaires mis en cache (2 horaires).
2025-12-09 10:30:16,623 - INFO - Génération des séances pour le jour 2025-12-09 (weekday=1)
2025-12-09 10:30:16,624 - INFO - Cache vide → récupération des horaires depuis la DB.
2025-12-09 10:30:16,659 - INFO - Horaires mis en cache (2 horaires).
2025-12-09 10:30:31,623 - INFO - Génération des séances pour le jour 2025-12-09 (weekday=1)
2025-12-09 10:30:31,625 - INFO - Cache vide → récupération des horaires depuis la DB.
2025-12-09 10:30:31,671 - INFO - Horaires mis en cache (2 horaires).
2025-12-09 10:30:46,623 - INFO - Génération des séances pour le jour 2025-12-09 (weekday=1)
2025-12-09 10:30:46,624 - INFO - Cache vide → récupération des horaires depuis la DB.
2025-12-09 10:30:46,661 - INFO - Horaires mis en cache (2 horaires).
2025-12-09 10:31:01,631 - INFO - Génération des séances pour le jour 2025-12-09 (weekday=1)
2025-12-09 10:31:01,632 - INFO - Cache vide → récupération des horaires depuis la DB.
2025-12-09 10:31:01,683 - INFO - Horaires mis en cache (2 horaires).
2025-12-09 10:31:16,625 - INFO - Génération des séances pour le jour 2025-12-09 (weekday=1)
2025-12-09 10:31:16,626 - INFO - Cache vide → récupération des horaires depuis la DB.
2025-12-09 10:31:16,667 - INFO - Horaires mis en cache (2 horaires).
2025-12-09 10:31:31,631 - INFO - Génération des séances pour le jour 2025-12-09 (weekday=1)
2025-12-09 10:31:31,632 - INFO - Cache vide → récupération des horaires depuis la DB.
2025-12-09 10:31:31,676 - INFO - Horaires mis en cache (2 horaires).
2025-12-09 10:31:46,624 - INFO - Génération des séances pour le jour 2025-12-09 (weekday=1)
2025-12-09 10:31:46,627 - INFO - Cache vide → récupération des horaires depuis la DB.
2025-12-09 10:31:46,653 - INFO - Horaires mis en cache (2 horaires).
2025-12-09 10:32:01,624 - INFO - Génération des séances pour le jour 2025-12-09 (weekday=1)
2025-12-09 10:32:01,626 - INFO - Cache vide → récupération des horaires depuis la DB.
2025-12-09 10:32:01,669 - INFO - Horaires mis en cache (2 horaires).
2025-12-09 10:32:16,624 - INFO - Génération des séances pour le jour 2025-12-09 (weekday=1)
2025-12-09 10:32:16,626 - INFO - Cache vide → récupération des horaires depuis la DB.
2025-12-09 10:32:16,659 - INFO - Horaires mis en cache (2 horaires).
2025-12-09 10:32:31,623 - INFO - Génération des séances pour le jour 2025-12-09 (weekday=1)
2025-12-09 10:32:31,624 - INFO - Cache vide → récupération des horaires depuis la DB.
2025-12-09 10:32:31,649 - INFO - Horaires mis en cache (2 horaires).
2025-12-09 10:32:46,624 - INFO - Génération des séances pour le jour 2025-12-09 (weekday=1)
2025-12-09 10:32:46,625 - INFO - Cache vide → récupération des horaires depuis la DB.
2025-12-09 10:32:46,665 - INFO - Horaires mis en cache (2 horaires).
2025-12-09 10:33:01,625 - INFO - Génération des séances pour le jour 2025-12-09 (weekday=1)
2025-12-09 10:33:01,627 - INFO - Cache vide → récupération des horaires depuis la DB.
2025-12-09 10:33:01,677 - INFO - Horaires mis en cache (2 horaires).
2025-12-09 10:33:16,625 - INFO - Génération des séances pour le jour 2025-12-09 (weekday=1)
2025-12-09 10:33:16,627 - INFO - Cache vide → récupération des horaires depuis la DB.
2025-12-09 10:33:16,676 - INFO - Horaires mis en cache (2 horaires).
2025-12-09 10:33:31,633 - INFO - Génération des séances pour le jour 2025-12-09 (weekday=1)
2025-12-09 10:33:31,634 - INFO - Cache vide → récupération des horaires depuis la DB.
2025-12-09 10:33:31,686 - INFO - Horaires mis en cache (2 horaires).
2025-12-09 10:33:46,619 - INFO - Génération des séances pour le jour 2025-12-09 (weekday=1)
2025-12-09 10:33:46,620 - INFO - Cache vide → récupération des horaires depuis la DB.
2025-12-09 10:33:46,635 - INFO - Horaires mis en cache (2 horaires).
2025-12-09 10:34:01,633 - INFO - Génération des séances pour le jour 2025-12-09 (weekday=1)
2025-12-09 10:34:01,635 - INFO - Cache vide → récupération des horaires depuis la DB.
2025-12-09 10:34:01,691 - INFO - Horaires mis en cache (2 horaires).
2025-12-09 10:34:16,625 - INFO - Génération des séances pour le jour 2025-12-09 (weekday=1)
2025-12-09 10:34:16,626 - INFO - Cache vide → récupération des horaires depuis la DB.
2025-12-09 10:34:16,665 - INFO - Horaires mis en cache (2 horaires).
2025-12-09 10:34:31,626 - INFO - Génération des séances pour le jour 2025-12-09 (weekday=1)
2025-12-09 10:34:31,627 - INFO - Cache vide → récupération des horaires depuis la DB.
2025-12-09 10:34:31,678 - INFO - Horaires mis en cache (2 horaires).
2025-12-09 10:34:46,625 - INFO - Génération des séances pour le jour 2025-12-09 (weekday=1)
2025-12-09 10:34:46,626 - INFO - Cache vide → récupération des horaires depuis la DB.
2025-12-09 10:34:46,653 - INFO - Horaires mis en cache (2 horaires).
2025-12-09 10:35:01,621 - INFO - Génération des séances pour le jour 2025-12-09 (weekday=1)
2025-12-09 10:35:01,621 - INFO - Cache vide → récupération des horaires depuis la DB.
2025-12-09 10:35:01,638 - INFO - Horaires mis en cache (2 horaires).
2025-12-09 10:35:16,626 - INFO - Génération des séances pour le jour 2025-12-09 (weekday=1)
2025-12-09 10:35:16,627 - INFO - Cache vide → récupération des horaires depuis la DB.
2025-12-09 10:35:16,666 - INFO - Horaires mis en cache (2 horaires).
2025-12-09 10:35:31,634 - INFO - Génération des séances pour le jour 2025-12-09 (weekday=1)
2025-12-09 10:35:31,635 - INFO - Cache vide → récupération des horaires depuis la DB.
2025-12-09 10:35:31,682 - INFO - Horaires mis en cache (2 horaires).
2025-12-09 10:35:46,629 - INFO - Génération des séances pour le jour 2025-12-09 (weekday=1)
2025-12-09 10:35:46,630 - INFO - Cache vide → récupération des horaires depuis la DB.
2025-12-09 10:35:46,652 - INFO - Horaires mis en cache (2 horaires).
2025-12-09 10:36:01,636 - INFO - Génération des séances pour le jour 2025-12-09 (weekday=1)
2025-12-09 10:36:01,637 - INFO - Cache vide → récupération des horaires depuis la DB.
2025-12-09 10:36:01,689 - INFO - Horaires mis en cache (2 horaires).
2025-12-09 10:36:16,629 - INFO - Génération des séances pour le jour 2025-12-09 (weekday=1)
2025-12-09 10:36:16,631 - INFO - Cache vide → récupération des horaires depuis la DB.
2025-12-09 10:36:16,661 - INFO - Horaires mis en cache (2 horaires).
2025-12-09 10:36:31,629 - INFO - Génération des séances pour le jour 2025-12-09 (weekday=1)
2025-12-09 10:36:31,631 - INFO - Cache vide → récupération des horaires depuis la DB.
2025-12-09 10:36:31,681 - INFO - Horaires mis en cache (2 horaires).
2025-12-09 10:36:46,628 - INFO - Génération des séances pour le jour 2025-12-09 (weekday=1)
2025-12-09 10:36:46,629 - INFO - Cache vide → récupération des horaires depuis la DB.
2025-12-09 10:36:46,669 - INFO - Horaires mis en cache (2 horaires).
2025-12-09 10:37:01,630 - INFO - Génération des séances pour le jour 2025-12-09 (weekday=1)
2025-12-09 10:37:01,631 - INFO - Cache vide → récupération des horaires depuis la DB.
2025-12-09 10:37:01,681 - INFO - Horaires mis en cache (2 horaires).
2025-12-09 10:37:16,629 - INFO - Génération des séances pour le jour 2025-12-09 (weekday=1)
2025-12-09 10:37:16,631 - INFO - Cache vide → récupération des horaires depuis la DB.
2025-12-09 10:37:16,670 - INFO - Horaires mis en cache (2 horaires).
2025-12-09 10:37:31,639 - INFO - Génération des séances pour le jour 2025-12-09 (weekday=1)
2025-12-09 10:37:31,640 - INFO - Cache vide → récupération des horaires depuis la DB.
2025-12-09 10:37:31,681 - INFO - Horaires mis en cache (2 horaires).
2025-12-09 10:37:46,633 - INFO - Génération des séances pour le jour 2025-12-09 (weekday=1)
2025-12-09 10:37:46,634 - INFO - Cache vide → récupération des horaires depuis la DB.
2025-12-09 10:37:46,671 - INFO - Horaires mis en cache (2 horaires).
2025-12-09 10:38:01,631 - INFO - Génération des séances pour le jour 2025-12-09 (weekday=1)
2025-12-09 10:38:01,632 - INFO - Cache vide → récupération des horaires depuis la DB.
2025-12-09 10:38:01,683 - INFO - Horaires mis en cache (2 horaires).
2025-12-09 10:38:16,631 - INFO - Génération des séances pour le jour 2025-12-09 (weekday=1)
2025-12-09 10:38:16,632 - INFO - Cache vide → récupération des horaires depuis la DB.
2025-12-09 10:38:16,676 - INFO - Horaires mis en cache (2 horaires).
2025-12-09 10:38:31,632 - INFO - Génération des séances pour le jour 2025-12-09 (weekday=1)
2025-12-09 10:38:31,633 - INFO - Cache vide → récupération des horaires depuis la DB.
2025-12-09 10:38:31,682 - INFO - Horaires mis en cache (2 horaires).
2025-12-09 10:38:46,632 - INFO - Génération des séances pour le jour 2025-12-09 (weekday=1)
2025-12-09 10:38:46,633 - INFO - Cache vide → récupération des horaires depuis la DB.
2025-12-09 10:38:46,669 - INFO - Horaires mis en cache (2 horaires).
2025-12-09 10:39:01,626 - INFO - Génération des séances pour le jour 2025-12-09 (weekday=1)
2025-12-09 10:39:01,626 - INFO - Cache vide → récupération des horaires depuis la DB.
2025-12-09 10:39:01,639 - INFO - Horaires mis en cache (2 horaires).
2025-12-09 10:39:16,632 - INFO - Génération des séances pour le jour 2025-12-09 (weekday=1)
2025-12-09 10:39:16,634 - INFO - Cache vide → récupération des horaires depuis la DB.
2025-12-09 10:39:16,676 - INFO - Horaires mis en cache (2 horaires).
2025-12-09 10:39:31,640 - INFO - Génération des séances pour le jour 2025-12-09 (weekday=1)
2025-12-09 10:39:31,641 - INFO - Cache vide → récupération des horaires depuis la DB.
2025-12-09 10:39:31,692 - INFO - Horaires mis en cache (2 horaires).
2025-12-09 10:39:46,632 - INFO - Génération des séances pour le jour 2025-12-09 (weekday=1)
2025-12-09 10:39:46,633 - INFO - Cache vide → récupération des horaires depuis la DB.
2025-12-09 10:39:46,671 - INFO - Horaires mis en cache (2 horaires).
2025-12-09 10:40:01,633 - INFO - Génération des séances pour le jour 2025-12-09 (weekday=1)
2025-12-09 10:40:01,634 - INFO - Cache vide → récupération des horaires depuis la DB.
2025-12-09 10:40:01,681 - INFO - Horaires mis en cache (2 horaires).
2025-12-09 10:40:16,629 - INFO - Génération des séances pour le jour 2025-12-09 (weekday=1)
2025-12-09 10:40:16,630 - INFO - Cache vide → récupération des horaires depuis la DB.
2025-12-09 10:40:16,659 - INFO - Horaires mis en cache (2 horaires).
2025-12-09 10:40:31,632 - INFO - Génération des séances pour le jour 2025-12-09 (weekday=1)
2025-12-09 10:40:31,634 - INFO - Cache vide → récupération des horaires depuis la DB.
2025-12-09 10:40:31,685 - INFO - Horaires mis en cache (2 horaires).
2025-12-09 10:40:46,629 - INFO - Génération des séances pour le jour 2025-12-09 (weekday=1)
2025-12-09 10:40:46,630 - INFO - Cache vide → récupération des horaires depuis la DB.
2025-12-09 10:40:46,656 - INFO - Horaires mis en cache (2 horaires).
2025-12-09 10:41:01,640 - INFO - Génération des séances pour le jour 2025-12-09 (weekday=1)
2025-12-09 10:41:01,642 - INFO - Cache vide → récupération des horaires depuis la DB.
2025-12-09 10:41:01,692 - INFO - Horaires mis en cache (2 horaires).
2025-12-09 10:41:16,633 - INFO - Génération des séances pour le jour 2025-12-09 (weekday=1)
2025-12-09 10:41:16,634 - INFO - Cache vide → récupération des horaires depuis la DB.
2025-12-09 10:41:16,671 - INFO - Horaires mis en cache (2 horaires).
2025-12-09 10:41:31,636 - INFO - Génération des séances pour le jour 2025-12-09 (weekday=1)
2025-12-09 10:41:31,637 - INFO - Cache vide → récupération des horaires depuis la DB.
2025-12-09 10:41:31,661 - INFO - Horaires mis en cache (2 horaires).
2025-12-09 10:41:46,633 - INFO - Génération des séances pour le jour 2025-12-09 (weekday=1)
2025-12-09 10:41:46,634 - INFO - Cache vide → récupération des horaires depuis la DB.
2025-12-09 10:41:46,672 - INFO - Horaires mis en cache (2 horaires).
2025-12-09 10:42:01,633 - INFO - Génération des séances pour le jour 2025-12-09 (weekday=1)
2025-12-09 10:42:01,634 - INFO - Cache vide → récupération des horaires depuis la DB.
2025-12-09 10:42:01,685 - INFO - Horaires mis en cache (2 horaires).
2025-12-09 10:42:16,633 - INFO - Génération des séances pour le jour 2025-12-09 (weekday=1)
2025-12-09 10:42:16,635 - INFO - Cache vide → récupération des horaires depuis la DB.
2025-12-09 10:42:16,672 - INFO - Horaires mis en cache (2 horaires).
2025-12-09 10:42:31,633 - INFO - Génération des séances pour le jour 2025-12-09 (weekday=1)
2025-12-09 10:42:31,634 - INFO - Cache vide → récupération des horaires depuis la DB.
2025-12-09 10:42:31,686 - INFO - Horaires mis en cache (2 horaires).
2025-12-09 10:42:46,629 - INFO - Génération des séances pour le jour 2025-12-09 (weekday=1)
2025-12-09 10:42:46,630 - INFO - Cache vide → récupération des horaires depuis la DB.
2025-12-09 10:42:46,652 - INFO - Horaires mis en cache (2 horaires).
2025-12-09 10:43:01,641 - INFO - Génération des séances pour le jour 2025-12-09 (weekday=1)
2025-12-09 10:43:01,643 - INFO - Cache vide → récupération des horaires depuis la DB.
2025-12-09 10:43:01,694 - INFO - Horaires mis en cache (2 horaires).
2025-12-09 10:43:16,637 - INFO - Génération des séances pour le jour 2025-12-09 (weekday=1)
2025-12-09 10:43:16,639 - INFO - Cache vide → récupération des horaires depuis la DB.
2025-12-09 10:43:16,674 - INFO - Horaires mis en cache (2 horaires).
2025-12-09 10:43:31,636 - INFO - Génération des séances pour le jour 2025-12-09 (weekday=1)
2025-12-09 10:43:31,637 - INFO - Cache vide → récupération des horaires depuis la DB.
2025-12-09 10:43:31,689 - INFO - Horaires mis en cache (2 horaires).
2025-12-09 10:43:46,632 - INFO - Génération des séances pour le jour 2025-12-09 (weekday=1)
2025-12-09 10:43:46,633 - INFO - Cache vide → récupération des horaires depuis la DB.
2025-12-09 10:43:46,662 - INFO - Horaires mis en cache (2 horaires).
2025-12-09 10:44:01,637 - INFO - Génération des séances pour le jour 2025-12-09 (weekday=1)
2025-12-09 10:44:01,638 - INFO - Cache vide → récupération des horaires depuis la DB.
2025-12-09 10:44:01,690 - INFO - Horaires mis en cache (2 horaires).
2025-12-09 10:44:16,632 - INFO - Génération des séances pour le jour 2025-12-09 (weekday=1)
2025-12-09 10:44:16,633 - INFO - Cache vide → récupération des horaires depuis la DB.
2025-12-09 10:44:16,646 - INFO - Horaires mis en cache (2 horaires).
2025-12-09 10:44:31,636 - INFO - Génération des séances pour le jour 2025-12-09 (weekday=1)
2025-12-09 10:44:31,637 - INFO - Cache vide → récupération des horaires depuis la DB.
2025-12-09 10:44:31,689 - INFO - Horaires mis en cache (2 horaires).
2025-12-09 10:44:46,637 - INFO - Génération des séances pour le jour 2025-12-09 (weekday=1)
2025-12-09 10:44:46,639 - INFO - Cache vide → récupération des horaires depuis la DB.
2025-12-09 10:44:46,675 - INFO - Horaires mis en cache (2 horaires).
2025-12-09 10:45:01,632 - INFO - Génération des séances pour le jour 2025-12-09 (weekday=1)
2025-12-09 10:45:01,632 - INFO - Cache vide → récupération des horaires depuis la DB.
2025-12-09 10:45:01,650 - INFO - Horaires mis en cache (2 horaires).
2025-12-09 10:45:16,639 - INFO - Génération des séances pour le jour 2025-12-09 (weekday=1)
2025-12-09 10:45:16,641 - INFO - Cache vide → récupération des horaires depuis la DB.
2025-12-09 10:45:16,681 - INFO - Horaires mis en cache (2 horaires).
2025-12-09 10:45:31,646 - INFO - Génération des séances pour le jour 2025-12-09 (weekday=1)
2025-12-09 10:45:31,647 - INFO - Cache vide → récupération des horaires depuis la DB.
2025-12-09 10:45:31,692 - INFO - Horaires mis en cache (2 horaires).
2025-12-09 10:45:46,638 - INFO - Génération des séances pour le jour 2025-12-09 (weekday=1)
2025-12-09 10:45:46,639 - INFO - Cache vide → récupération des horaires depuis la DB.
2025-12-09 10:45:46,676 - INFO - Horaires mis en cache (2 horaires).
2025-12-09 10:46:01,638 - INFO - Génération des séances pour le jour 2025-12-09 (weekday=1)
2025-12-09 10:46:01,640 - INFO - Cache vide → récupération des horaires depuis la DB.
2025-12-09 10:46:01,674 - INFO - Horaires mis en cache (2 horaires).
2025-12-09 10:46:16,638 - INFO - Génération des séances pour le jour 2025-12-09 (weekday=1)
2025-12-09 10:46:16,640 - INFO - Cache vide → récupération des horaires depuis la DB.
2025-12-09 10:46:16,673 - INFO - Horaires mis en cache (2 horaires).
2025-12-09 10:46:31,638 - INFO - Génération des séances pour le jour 2025-12-09 (weekday=1)
2025-12-09 10:46:31,639 - INFO - Cache vide → récupération des horaires depuis la DB.
2025-12-09 10:46:31,690 - INFO - Horaires mis en cache (2 horaires).
2025-12-09 10:46:46,639 - INFO - Génération des séances pour le jour 2025-12-09 (weekday=1)
2025-12-09 10:46:46,641 - INFO - Cache vide → récupération des horaires depuis la DB.
2025-12-09 10:46:46,672 - INFO - Horaires mis en cache (2 horaires).
2025-12-09 10:47:01,640 - INFO - Génération des séances pour le jour 2025-12-09 (weekday=1)
2025-12-09 10:47:01,642 - INFO - Cache vide → récupération des horaires depuis la DB.
2025-12-09 10:47:01,683 - INFO - Horaires mis en cache (2 horaires).
2025-12-09 10:47:16,641 - INFO - Génération des séances pour le jour 2025-12-09 (weekday=1)
2025-12-09 10:47:16,642 - INFO - Cache vide → récupération des horaires depuis la DB.
2025-12-09 10:47:16,683 - INFO - Horaires mis en cache (2 horaires).
2025-12-09 10:47:31,639 - INFO - Génération des séances pour le jour 2025-12-09 (weekday=1)
2025-12-09 10:47:31,641 - INFO - Cache vide → récupération des horaires depuis la DB.
2025-12-09 10:47:31,691 - INFO - Horaires mis en cache (2 horaires).
2025-12-09 10:47:46,639 - INFO - Génération des séances pour le jour 2025-12-09 (weekday=1)
2025-12-09 10:47:46,640 - INFO - Cache vide → récupération des horaires depuis la DB.
2025-12-09 10:47:46,670 - INFO - Horaires mis en cache (2 horaires).
2025-12-09 10:48:01,634 - INFO - Génération des séances pour le jour 2025-12-09 (weekday=1)
2025-12-09 10:48:01,635 - INFO - Cache vide → récupération des horaires depuis la DB.
2025-12-09 10:48:01,651 - INFO - Horaires mis en cache (2 horaires).
2025-12-09 10:48:16,639 - INFO - Génération des séances pour le jour 2025-12-09 (weekday=1)
2025-12-09 10:48:16,641 - INFO - Cache vide → récupération des horaires depuis la DB.
2025-12-09 10:48:16,668 - INFO - Horaires mis en cache (2 horaires).
2025-12-09 10:48:31,634 - INFO - Génération des séances pour le jour 2025-12-09 (weekday=1)
2025-12-09 10:48:31,635 - INFO - Cache vide → récupération des horaires depuis la DB.
2025-12-09 10:48:31,650 - INFO - Horaires mis en cache (2 horaires).
2025-12-09 10:48:46,639 - INFO - Génération des séances pour le jour 2025-12-09 (weekday=1)
2025-12-09 10:48:46,640 - INFO - Cache vide → récupération des horaires depuis la DB.
2025-12-09 10:48:46,679 - INFO - Horaires mis en cache (2 horaires).
2025-12-09 10:49:01,640 - INFO - Génération des séances pour le jour 2025-12-09 (weekday=1)
2025-12-09 10:49:01,641 - INFO - Cache vide → récupération des horaires depuis la DB.
2025-12-09 10:49:01,692 - INFO - Horaires mis en cache (2 horaires).
2025-12-09 10:49:16,640 - INFO - Génération des séances pour le jour 2025-12-09 (weekday=1)
2025-12-09 10:49:16,641 - INFO - Cache vide → récupération des horaires depuis la DB.
2025-12-09 10:49:16,664 - INFO - Horaires mis en cache (2 horaires).
2025-12-09 10:49:31,643 - INFO - Génération des séances pour le jour 2025-12-09 (weekday=1)
2025-12-09 10:49:31,644 - INFO - Cache vide → récupération des horaires depuis la DB.
2025-12-09 10:49:31,658 - INFO - Horaires mis en cache (2 horaires).
2025-12-09 10:49:46,640 - INFO - Génération des séances pour le jour 2025-12-09 (weekday=1)
2025-12-09 10:49:46,642 - INFO - Cache vide → récupération des horaires depuis la DB.
2025-12-09 10:49:46,682 - INFO - Horaires mis en cache (2 horaires).
2025-12-09 10:50:01,641 - INFO - Génération des séances pour le jour 2025-12-09 (weekday=1)
2025-12-09 10:50:01,643 - INFO - Cache vide → récupération des horaires depuis la DB.
2025-12-09 10:50:01,694 - INFO - Horaires mis en cache (2 horaires).
2025-12-09 10:50:16,640 - INFO - Génération des séances pour le jour 2025-12-09 (weekday=1)
2025-12-09 10:50:16,642 - INFO - Cache vide → récupération des horaires depuis la DB.
2025-12-09 10:50:16,677 - INFO - Horaires mis en cache (2 horaires).
2025-12-09 10:50:31,641 - INFO - Génération des séances pour le jour 2025-12-09 (weekday=1)
2025-12-09 10:50:31,642 - INFO - Cache vide → récupération des horaires depuis la DB.
2025-12-09 10:50:31,666 - INFO - Horaires mis en cache (2 horaires).
2025-12-09 10:50:46,641 - INFO - Génération des séances pour le jour 2025-12-09 (weekday=1)
2025-12-09 10:50:46,643 - INFO - Cache vide → récupération des horaires depuis la DB.
2025-12-09 10:50:46,670 - INFO - Horaires mis en cache (2 horaires).
2025-12-09 10:51:01,642 - INFO - Génération des séances pour le jour 2025-12-09 (weekday=1)
2025-12-09 10:51:01,643 - INFO - Cache vide → récupération des horaires depuis la DB.
2025-12-09 10:51:01,689 - INFO - Horaires mis en cache (2 horaires).
2025-12-09 10:51:16,641 - INFO - Génération des séances pour le jour 2025-12-09 (weekday=1)
2025-12-09 10:51:16,643 - INFO - Cache vide → récupération des horaires depuis la DB.
2025-12-09 10:51:16,679 - INFO - Horaires mis en cache (2 horaires).
2025-12-09 10:51:31,646 - INFO - Génération des séances pour le jour 2025-12-09 (weekday=1)
2025-12-09 10:51:31,647 - INFO - Cache vide → récupération des horaires depuis la DB.
2025-12-09 10:51:31,664 - INFO - Horaires mis en cache (2 horaires).
2025-12-09 10:51:46,645 - INFO - Génération des séances pour le jour 2025-12-09 (weekday=1)
2025-12-09 10:51:46,647 - INFO - Cache vide → récupération des horaires depuis la DB.
2025-12-09 10:51:46,682 - INFO - Horaires mis en cache (2 horaires).
2025-12-09 10:52:01,651 - INFO - Génération des séances pour le jour 2025-12-09 (weekday=1)
2025-12-09 10:52:01,653 - INFO - Cache vide → récupération des horaires depuis la DB.
2025-12-09 10:52:01,702 - INFO - Horaires mis en cache (2 horaires).
2025-12-09 10:52:16,642 - INFO - Génération des séances pour le jour 2025-12-09 (weekday=1)
2025-12-09 10:52:16,643 - INFO - Cache vide → récupération des horaires depuis la DB.
2025-12-09 10:52:16,671 - INFO - Horaires mis en cache (2 horaires).
2025-12-09 10:52:31,644 - INFO - Génération des séances pour le jour 2025-12-09 (weekday=1)
2025-12-09 10:52:31,645 - INFO - Cache vide → récupération des horaires depuis la DB.
2025-12-09 10:52:31,697 - INFO - Horaires mis en cache (2 horaires).
2025-12-09 10:52:46,638 - INFO - Génération des séances pour le jour 2025-12-09 (weekday=1)
2025-12-09 10:52:46,639 - INFO - Cache vide → récupération des horaires depuis la DB.
2025-12-09 10:52:46,651 - INFO - Horaires mis en cache (2 horaires).
2025-12-09 10:53:01,644 - INFO - Génération des séances pour le jour 2025-12-09 (weekday=1)
2025-12-09 10:53:01,646 - INFO - Cache vide → récupération des horaires depuis la DB.
2025-12-09 10:53:01,684 - INFO - Horaires mis en cache (2 horaires).
2025-12-09 10:53:16,644 - INFO - Génération des séances pour le jour 2025-12-09 (weekday=1)
2025-12-09 10:53:16,646 - INFO - Cache vide → récupération des horaires depuis la DB.
2025-12-09 10:53:16,680 - INFO - Horaires mis en cache (2 horaires).
2025-12-09 10:53:31,642 - INFO - Génération des séances pour le jour 2025-12-09 (weekday=1)
2025-12-09 10:53:31,642 - INFO - Cache vide → récupération des horaires depuis la DB.
2025-12-09 10:53:31,660 - INFO - Horaires mis en cache (2 horaires).
2025-12-09 10:53:46,640 - INFO - Génération des séances pour le jour 2025-12-09 (weekday=1)
2025-12-09 10:53:46,641 - INFO - Cache vide → récupération des horaires depuis la DB.
2025-12-09 10:53:46,657 - INFO - Horaires mis en cache (2 horaires).
2025-12-09 10:54:01,652 - INFO - Génération des séances pour le jour 2025-12-09 (weekday=1)
2025-12-09 10:54:01,654 - INFO - Cache vide → récupération des horaires depuis la DB.
2025-12-09 10:54:01,710 - INFO - Horaires mis en cache (2 horaires).
2025-12-09 10:54:16,641 - INFO - Génération des séances pour le jour 2025-12-09 (weekday=1)
2025-12-09 10:54:16,642 - INFO - Cache vide → récupération des horaires depuis la DB.
2025-12-09 10:54:16,662 - INFO - Horaires mis en cache (2 horaires).
2025-12-09 10:54:31,639 - INFO - Génération des séances pour le jour 2025-12-09 (weekday=1)
2025-12-09 10:54:31,639 - INFO - Cache vide → récupération des horaires depuis la DB.
2025-12-09 10:54:31,652 - INFO - Horaires mis en cache (2 horaires).
2025-12-09 10:54:46,645 - INFO - Génération des séances pour le jour 2025-12-09 (weekday=1)
2025-12-09 10:54:46,646 - INFO - Cache vide → récupération des horaires depuis la DB.
2025-12-09 10:54:46,684 - INFO - Horaires mis en cache (2 horaires).
2025-12-09 10:55:01,645 - INFO - Génération des séances pour le jour 2025-12-09 (weekday=1)
2025-12-09 10:55:01,647 - INFO - Cache vide → récupération des horaires depuis la DB.
2025-12-09 10:55:01,696 - INFO - Horaires mis en cache (2 horaires).
2025-12-09 10:55:16,645 - INFO - Génération des séances pour le jour 2025-12-09 (weekday=1)
2025-12-09 10:55:16,646 - INFO - Cache vide → récupération des horaires depuis la DB.
2025-12-09 10:55:16,668 - INFO - Horaires mis en cache (2 horaires).
2025-12-09 10:55:31,645 - INFO - Génération des séances pour le jour 2025-12-09 (weekday=1)
2025-12-09 10:55:31,646 - INFO - Cache vide → récupération des horaires depuis la DB.
2025-12-09 10:55:31,690 - INFO - Horaires mis en cache (2 horaires).
2025-12-09 10:55:46,648 - INFO - Génération des séances pour le jour 2025-12-09 (weekday=1)
2025-12-09 10:55:46,650 - INFO - Cache vide → récupération des horaires depuis la DB.
2025-12-09 10:55:46,690 - INFO - Horaires mis en cache (2 horaires).
2025-12-09 10:56:01,650 - INFO - Génération des séances pour le jour 2025-12-09 (weekday=1)
2025-12-09 10:56:01,651 - INFO - Cache vide → récupération des horaires depuis la DB.
2025-12-09 10:56:01,676 - INFO - Horaires mis en cache (2 horaires).
2025-12-09 10:56:16,647 - INFO - Génération des séances pour le jour 2025-12-09 (weekday=1)
2025-12-09 10:56:16,648 - INFO - Cache vide → récupération des horaires depuis la DB.
2025-12-09 10:56:16,676 - INFO - Horaires mis en cache (2 horaires).
2025-12-09 10:56:31,645 - INFO - Génération des séances pour le jour 2025-12-09 (weekday=1)
2025-12-09 10:56:31,646 - INFO - Cache vide → récupération des horaires depuis la DB.
2025-12-09 10:56:31,685 - INFO - Horaires mis en cache (2 horaires).
2025-12-09 10:56:46,642 - INFO - Génération des séances pour le jour 2025-12-09 (weekday=1)
2025-12-09 10:56:46,643 - INFO - Cache vide → récupération des horaires depuis la DB.
2025-12-09 10:56:46,661 - INFO - Horaires mis en cache (2 horaires).
2025-12-09 10:57:01,648 - INFO - Génération des séances pour le jour 2025-12-09 (weekday=1)
2025-12-09 10:57:01,649 - INFO - Cache vide → récupération des horaires depuis la DB.
2025-12-09 10:57:01,708 - INFO - Horaires mis en cache (2 horaires).
2025-12-09 10:57:16,645 - INFO - Génération des séances pour le jour 2025-12-09 (weekday=1)
2025-12-09 10:57:16,645 - INFO - Cache vide → récupération des horaires depuis la DB.
2025-12-09 10:57:16,681 - INFO - Horaires mis en cache (2 horaires).
2025-12-09 10:57:31,655 - INFO - Génération des séances pour le jour 2025-12-09 (weekday=1)
2025-12-09 10:57:31,656 - INFO - Cache vide → récupération des horaires depuis la DB.
2025-12-09 10:57:31,707 - INFO - Horaires mis en cache (2 horaires).
2025-12-09 10:57:46,647 - INFO - Génération des séances pour le jour 2025-12-09 (weekday=1)
2025-12-09 10:57:46,649 - INFO - Cache vide → récupération des horaires depuis la DB.
2025-12-09 10:57:46,687 - INFO - Horaires mis en cache (2 horaires).
2025-12-09 10:58:01,643 - INFO - Génération des séances pour le jour 2025-12-09 (weekday=1)
2025-12-09 10:58:01,644 - INFO - Cache vide → récupération des horaires depuis la DB.
2025-12-09 10:58:01,659 - INFO - Horaires mis en cache (2 horaires).
2025-12-09 10:58:16,647 - INFO - Génération des séances pour le jour 2025-12-09 (weekday=1)
2025-12-09 10:58:16,649 - INFO - Cache vide → récupération des horaires depuis la DB.
2025-12-09 10:58:16,687 - INFO - Horaires mis en cache (2 horaires).
2025-12-09 10:58:31,648 - INFO - Génération des séances pour le jour 2025-12-09 (weekday=1)
2025-12-09 10:58:31,650 - INFO - Cache vide → récupération des horaires depuis la DB.
2025-12-09 10:58:31,699 - INFO - Horaires mis en cache (2 horaires).
2025-12-09 10:58:46,642 - INFO - Génération des séances pour le jour 2025-12-09 (weekday=1)
2025-12-09 10:58:46,642 - INFO - Cache vide → récupération des horaires depuis la DB.
2025-12-09 10:58:46,654 - INFO - Horaires mis en cache (2 horaires).
2025-12-09 10:59:01,646 - INFO - Génération des séances pour le jour 2025-12-09 (weekday=1)
2025-12-09 10:59:01,647 - INFO - Cache vide → récupération des horaires depuis la DB.
2025-12-09 10:59:01,674 - INFO - Horaires mis en cache (2 horaires).
2025-12-09 10:59:16,642 - INFO - Génération des séances pour le jour 2025-12-09 (weekday=1)
2025-12-09 10:59:16,643 - INFO - Cache vide → récupération des horaires depuis la DB.
2025-12-09 10:59:16,662 - INFO - Horaires mis en cache (2 horaires).
2025-12-09 10:59:31,656 - INFO - Génération des séances pour le jour 2025-12-09 (weekday=1)
2025-12-09 10:59:31,657 - INFO - Cache vide → récupération des horaires depuis la DB.
2025-12-09 10:59:31,711 - INFO - Horaires mis en cache (2 horaires).
2025-12-09 10:59:46,642 - INFO - Génération des séances pour le jour 2025-12-09 (weekday=1)
2025-12-09 10:59:46,643 - INFO - Cache vide → récupération des horaires depuis la DB.
2025-12-09 10:59:46,654 - INFO - Horaires mis en cache (2 horaires).
2025-12-09 11:00:01,649 - INFO - Génération des séances pour le jour 2025-12-09 (weekday=1)
2025-12-09 11:00:01,650 - INFO - Cache vide → récupération des horaires depuis la DB.
2025-12-09 11:00:01,698 - INFO - Horaires mis en cache (2 horaires).
2025-12-09 11:00:16,648 - INFO - Génération des séances pour le jour 2025-12-09 (weekday=1)
2025-12-09 11:00:16,649 - INFO - Cache vide → récupération des horaires depuis la DB.
2025-12-09 11:00:16,689 - INFO - Horaires mis en cache (2 horaires).
2025-12-09 11:00:31,648 - INFO - Génération des séances pour le jour 2025-12-09 (weekday=1)
2025-12-09 11:00:31,650 - INFO - Cache vide → récupération des horaires depuis la DB.
2025-12-09 11:00:31,700 - INFO - Horaires mis en cache (2 horaires).
2025-12-09 11:00:46,648 - INFO - Génération des séances pour le jour 2025-12-09 (weekday=1)
2025-12-09 11:00:46,650 - INFO - Cache vide → récupération des horaires depuis la DB.
2025-12-09 11:00:46,700 - INFO - Horaires mis en cache (2 horaires).
2025-12-09 11:01:01,657 - INFO - Génération des séances pour le jour 2025-12-09 (weekday=1)
2025-12-09 11:01:01,659 - INFO - Cache vide → récupération des horaires depuis la DB.
2025-12-09 11:01:01,716 - INFO - Horaires mis en cache (2 horaires).
2025-12-09 11:01:16,652 - INFO - Génération des séances pour le jour 2025-12-09 (weekday=1)
2025-12-09 11:01:16,654 - INFO - Cache vide → récupération des horaires depuis la DB.
2025-12-09 11:01:16,695 - INFO - Horaires mis en cache (2 horaires).
2025-12-09 11:01:31,646 - INFO - Génération des séances pour le jour 2025-12-09 (weekday=1)
2025-12-09 11:01:31,646 - INFO - Cache vide → récupération des horaires depuis la DB.
2025-12-09 11:01:31,660 - INFO - Horaires mis en cache (2 horaires).
2025-12-09 11:01:46,651 - INFO - Génération des séances pour le jour 2025-12-09 (weekday=1)
2025-12-09 11:01:46,653 - INFO - Cache vide → récupération des horaires depuis la DB.
2025-12-09 11:01:46,684 - INFO - Horaires mis en cache (2 horaires).
2025-12-09 11:02:01,652 - INFO - Génération des séances pour le jour 2025-12-09 (weekday=1)
2025-12-09 11:02:01,653 - INFO - Cache vide → récupération des horaires depuis la DB.
2025-12-09 11:02:01,704 - INFO - Horaires mis en cache (2 horaires).
2025-12-09 11:02:16,652 - INFO - Génération des séances pour le jour 2025-12-09 (weekday=1)
2025-12-09 11:02:16,653 - INFO - Cache vide → récupération des horaires depuis la DB.
2025-12-09 11:02:16,703 - INFO - Horaires mis en cache (2 horaires).
2025-12-09 11:02:31,652 - INFO - Génération des séances pour le jour 2025-12-09 (weekday=1)
2025-12-09 11:02:31,653 - INFO - Cache vide → récupération des horaires depuis la DB.
2025-12-09 11:02:31,676 - INFO - Horaires mis en cache (2 horaires).
2025-12-09 11:02:46,652 - INFO - Génération des séances pour le jour 2025-12-09 (weekday=1)
2025-12-09 11:02:46,653 - INFO - Cache vide → récupération des horaires depuis la DB.
2025-12-09 11:02:46,678 - INFO - Horaires mis en cache (2 horaires).
2025-12-09 11:03:01,661 - INFO - Génération des séances pour le jour 2025-12-09 (weekday=1)
2025-12-09 11:03:01,662 - INFO - Cache vide → récupération des horaires depuis la DB.
2025-12-09 11:03:01,708 - INFO - Horaires mis en cache (2 horaires).
2025-12-09 11:03:16,656 - INFO - Génération des séances pour le jour 2025-12-09 (weekday=1)
2025-12-09 11:03:16,657 - INFO - Cache vide → récupération des horaires depuis la DB.
2025-12-09 11:03:16,698 - INFO - Horaires mis en cache (2 horaires).
2025-12-09 11:03:31,655 - INFO - Génération des séances pour le jour 2025-12-09 (weekday=1)
2025-12-09 11:03:31,656 - INFO - Cache vide → récupération des horaires depuis la DB.
2025-12-09 11:03:31,707 - INFO - Horaires mis en cache (2 horaires).
2025-12-09 11:03:46,654 - INFO - Génération des séances pour le jour 2025-12-09 (weekday=1)
2025-12-09 11:03:46,656 - INFO - Cache vide → récupération des horaires depuis la DB.
2025-12-09 11:03:46,700 - INFO - Horaires mis en cache (2 horaires).
2025-12-09 11:04:01,655 - INFO - Génération des séances pour le jour 2025-12-09 (weekday=1)
2025-12-09 11:04:01,657 - INFO - Cache vide → récupération des horaires depuis la DB.
2025-12-09 11:04:01,698 - INFO - Horaires mis en cache (2 horaires).
2025-12-09 11:04:16,655 - INFO - Génération des séances pour le jour 2025-12-09 (weekday=1)
2025-12-09 11:04:16,657 - INFO - Cache vide → récupération des horaires depuis la DB.
2025-12-09 11:04:16,690 - INFO - Horaires mis en cache (2 horaires).
2025-12-09 11:04:31,656 - INFO - Génération des séances pour le jour 2025-12-09 (weekday=1)
2025-12-09 11:04:31,657 - INFO - Cache vide → récupération des horaires depuis la DB.
2025-12-09 11:04:31,714 - INFO - Horaires mis en cache (2 horaires).
2025-12-09 11:04:46,655 - INFO - Génération des séances pour le jour 2025-12-09 (weekday=1)
2025-12-09 11:04:46,657 - INFO - Cache vide → récupération des horaires depuis la DB.
2025-12-09 11:04:46,691 - INFO - Horaires mis en cache (2 horaires).
2025-12-09 11:05:01,655 - INFO - Génération des séances pour le jour 2025-12-09 (weekday=1)
2025-12-09 11:05:01,657 - INFO - Cache vide → récupération des horaires depuis la DB.
2025-12-09 11:05:01,693 - INFO - Horaires mis en cache (2 horaires).
2025-12-09 11:05:16,658 - INFO - Génération des séances pour le jour 2025-12-09 (weekday=1)
2025-12-09 11:05:16,659 - INFO - Cache vide → récupération des horaires depuis la DB.
2025-12-09 11:05:16,700 - INFO - Horaires mis en cache (2 horaires).
2025-12-09 11:05:31,665 - INFO - Génération des séances pour le jour 2025-12-09 (weekday=1)
2025-12-09 11:05:31,666 - INFO - Cache vide → récupération des horaires depuis la DB.
2025-12-09 11:05:31,710 - INFO - Horaires mis en cache (2 horaires).
2025-12-09 11:05:46,656 - INFO - Génération des séances pour le jour 2025-12-09 (weekday=1)
2025-12-09 11:05:46,658 - INFO - Cache vide → récupération des horaires depuis la DB.
2025-12-09 11:05:46,696 - INFO - Horaires mis en cache (2 horaires).
2025-12-09 11:06:01,657 - INFO - Génération des séances pour le jour 2025-12-09 (weekday=1)
2025-12-09 11:06:01,658 - INFO - Cache vide → récupération des horaires depuis la DB.
2025-12-09 11:06:01,709 - INFO - Horaires mis en cache (2 horaires).
2025-12-09 11:06:16,657 - INFO - Génération des séances pour le jour 2025-12-09 (weekday=1)
2025-12-09 11:06:16,658 - INFO - Cache vide → récupération des horaires depuis la DB.
2025-12-09 11:06:16,690 - INFO - Horaires mis en cache (2 horaires).
2025-12-09 11:06:31,657 - INFO - Génération des séances pour le jour 2025-12-09 (weekday=1)
2025-12-09 11:06:31,659 - INFO - Cache vide → récupération des horaires depuis la DB.
2025-12-09 11:06:31,709 - INFO - Horaires mis en cache (2 horaires).
2025-12-09 11:06:46,657 - INFO - Génération des séances pour le jour 2025-12-09 (weekday=1)
2025-12-09 11:06:46,658 - INFO - Cache vide → récupération des horaires depuis la DB.
2025-12-09 11:06:46,693 - INFO - Horaires mis en cache (2 horaires).
2025-12-09 11:07:01,651 - INFO - Génération des séances pour le jour 2025-12-09 (weekday=1)
2025-12-09 11:07:01,652 - INFO - Cache vide → récupération des horaires depuis la DB.
2025-12-09 11:07:01,664 - INFO - Horaires mis en cache (2 horaires).
2025-12-09 11:07:16,657 - INFO - Génération des séances pour le jour 2025-12-09 (weekday=1)
2025-12-09 11:07:16,658 - INFO - Cache vide → récupération des horaires depuis la DB.
2025-12-09 11:07:16,698 - INFO - Horaires mis en cache (2 horaires).
2025-12-09 11:07:31,658 - INFO - Génération des séances pour le jour 2025-12-09 (weekday=1)
2025-12-09 11:07:31,659 - INFO - Cache vide → récupération des horaires depuis la DB.
2025-12-09 11:07:31,706 - INFO - Horaires mis en cache (2 horaires).
2025-12-09 11:07:46,659 - INFO - Génération des séances pour le jour 2025-12-09 (weekday=1)
2025-12-09 11:07:46,660 - INFO - Cache vide → récupération des horaires depuis la DB.
2025-12-09 11:07:46,700 - INFO - Horaires mis en cache (2 horaires).
2025-12-09 11:08:01,659 - INFO - Génération des séances pour le jour 2025-12-09 (weekday=1)
2025-12-09 11:08:01,660 - INFO - Cache vide → récupération des horaires depuis la DB.
2025-12-09 11:08:01,701 - INFO - Horaires mis en cache (2 horaires).
2025-12-09 11:08:16,657 - INFO - Génération des séances pour le jour 2025-12-09 (weekday=1)
2025-12-09 11:08:16,658 - INFO - Cache vide → récupération des horaires depuis la DB.
2025-12-09 11:08:16,709 - INFO - Horaires mis en cache (2 horaires).
2025-12-09 11:08:31,659 - INFO - Génération des séances pour le jour 2025-12-09 (weekday=1)
2025-12-09 11:08:31,660 - INFO - Cache vide → récupération des horaires depuis la DB.
2025-12-09 11:08:31,701 - INFO - Horaires mis en cache (2 horaires).
2025-12-09 11:08:46,658 - INFO - Génération des séances pour le jour 2025-12-09 (weekday=1)
2025-12-09 11:08:46,660 - INFO - Cache vide → récupération des horaires depuis la DB.
2025-12-09 11:08:46,697 - INFO - Horaires mis en cache (2 horaires).
2025-12-09 11:09:01,659 - INFO - Génération des séances pour le jour 2025-12-09 (weekday=1)
2025-12-09 11:09:01,660 - INFO - Cache vide → récupération des horaires depuis la DB.
2025-12-09 11:09:01,717 - INFO - Horaires mis en cache (2 horaires).
2025-12-09 11:09:16,659 - INFO - Génération des séances pour le jour 2025-12-09 (weekday=1)
2025-12-09 11:09:16,660 - INFO - Cache vide → récupération des horaires depuis la DB.
2025-12-09 11:09:16,705 - INFO - Horaires mis en cache (2 horaires).
2025-12-09 11:09:31,667 - INFO - Génération des séances pour le jour 2025-12-09 (weekday=1)
2025-12-09 11:09:31,669 - INFO - Cache vide → récupération des horaires depuis la DB.
2025-12-09 11:09:31,719 - INFO - Horaires mis en cache (2 horaires).
2025-12-09 11:09:46,662 - INFO - Génération des séances pour le jour 2025-12-09 (weekday=1)
2025-12-09 11:09:46,663 - INFO - Cache vide → récupération des horaires depuis la DB.
2025-12-09 11:09:46,696 - INFO - Horaires mis en cache (2 horaires).
2025-12-09 11:10:01,662 - INFO - Génération des séances pour le jour 2025-12-09 (weekday=1)
2025-12-09 11:10:01,663 - INFO - Cache vide → récupération des horaires depuis la DB.
2025-12-09 11:10:01,704 - INFO - Horaires mis en cache (2 horaires).
2025-12-09 11:10:16,660 - INFO - Génération des séances pour le jour 2025-12-09 (weekday=1)
2025-12-09 11:10:16,662 - INFO - Cache vide → récupération des horaires depuis la DB.
2025-12-09 11:10:16,700 - INFO - Horaires mis en cache (2 horaires).
2025-12-09 11:10:31,661 - INFO - Génération des séances pour le jour 2025-12-09 (weekday=1)
2025-12-09 11:10:31,663 - INFO - Cache vide → récupération des horaires depuis la DB.
2025-12-09 11:10:31,704 - INFO - Horaires mis en cache (2 horaires).
2025-12-09 11:10:46,661 - INFO - Génération des séances pour le jour 2025-12-09 (weekday=1)
2025-12-09 11:10:46,662 - INFO - Cache vide → récupération des horaires depuis la DB.
2025-12-09 11:10:46,703 - INFO - Horaires mis en cache (2 horaires).
2025-12-09 11:11:01,661 - INFO - Génération des séances pour le jour 2025-12-09 (weekday=1)
2025-12-09 11:11:01,663 - INFO - Cache vide → récupération des horaires depuis la DB.
2025-12-09 11:11:01,713 - INFO - Horaires mis en cache (2 horaires).
2025-12-09 11:11:16,661 - INFO - Génération des séances pour le jour 2025-12-09 (weekday=1)
2025-12-09 11:11:16,662 - INFO - Cache vide → récupération des horaires depuis la DB.
2025-12-09 11:11:16,703 - INFO - Horaires mis en cache (2 horaires).
2025-12-09 11:11:31,661 - INFO - Génération des séances pour le jour 2025-12-09 (weekday=1)
2025-12-09 11:11:31,663 - INFO - Cache vide → récupération des horaires depuis la DB.
2025-12-09 11:11:31,703 - INFO - Horaires mis en cache (2 horaires).
2025-12-09 11:11:46,658 - INFO - Génération des séances pour le jour 2025-12-09 (weekday=1)
2025-12-09 11:11:46,659 - INFO - Cache vide → récupération des horaires depuis la DB.
2025-12-09 11:11:46,686 - INFO - Horaires mis en cache (2 horaires).
2025-12-09 11:12:01,657 - INFO - Génération des séances pour le jour 2025-12-09 (weekday=1)
2025-12-09 11:12:01,657 - INFO - Cache vide → récupération des horaires depuis la DB.
2025-12-09 11:12:01,677 - INFO - Horaires mis en cache (2 horaires).
2025-12-09 11:12:16,661 - INFO - Génération des séances pour le jour 2025-12-09 (weekday=1)
2025-12-09 11:12:16,662 - INFO - Cache vide → récupération des horaires depuis la DB.
2025-12-09 11:12:16,701 - INFO - Horaires mis en cache (2 horaires).
2025-12-09 11:12:31,662 - INFO - Génération des séances pour le jour 2025-12-09 (weekday=1)
2025-12-09 11:12:31,664 - INFO - Cache vide → récupération des horaires depuis la DB.
2025-12-09 11:12:31,704 - INFO - Horaires mis en cache (2 horaires).
2025-12-09 11:12:46,662 - INFO - Génération des séances pour le jour 2025-12-09 (weekday=1)
2025-12-09 11:12:46,663 - INFO - Cache vide → récupération des horaires depuis la DB.
2025-12-09 11:12:46,692 - INFO - Horaires mis en cache (2 horaires).
2025-12-09 11:13:01,662 - INFO - Génération des séances pour le jour 2025-12-09 (weekday=1)
2025-12-09 11:13:01,663 - INFO - Cache vide → récupération des horaires depuis la DB.
2025-12-09 11:13:01,714 - INFO - Horaires mis en cache (2 horaires).
2025-12-09 11:13:16,661 - INFO - Génération des séances pour le jour 2025-12-09 (weekday=1)
2025-12-09 11:13:16,662 - INFO - Cache vide → récupération des horaires depuis la DB.
2025-12-09 11:13:16,684 - INFO - Horaires mis en cache (2 horaires).
2025-12-09 11:13:31,662 - INFO - Génération des séances pour le jour 2025-12-09 (weekday=1)
2025-12-09 11:13:31,663 - INFO - Cache vide → récupération des horaires depuis la DB.
2025-12-09 11:13:31,714 - INFO - Horaires mis en cache (2 horaires).
2025-12-09 11:13:46,661 - INFO - Génération des séances pour le jour 2025-12-09 (weekday=1)
2025-12-09 11:13:46,661 - INFO - Cache vide → récupération des horaires depuis la DB.
2025-12-09 11:13:46,696 - INFO - Horaires mis en cache (3 horaires).
2025-12-09 11:14:01,663 - INFO - Génération des séances pour le jour 2025-12-09 (weekday=1)
2025-12-09 11:14:01,664 - INFO - Cache vide → récupération des horaires depuis la DB.
2025-12-09 11:14:01,713 - INFO - Horaires mis en cache (3 horaires).
2025-12-09 11:14:01,721 - INFO - Séance créée : ALGO pour la classe 1 (11:14 - 11:55)
2025-12-09 11:14:16,663 - INFO - Génération des séances pour le jour 2025-12-09 (weekday=1)
2025-12-09 11:14:16,664 - INFO - Cache vide → récupération des horaires depuis la DB.
2025-12-09 11:14:16,701 - INFO - Horaires mis en cache (3 horaires).
2025-12-09 11:14:31,658 - INFO - Génération des séances pour le jour 2025-12-09 (weekday=1)
2025-12-09 11:14:31,658 - INFO - Cache vide → récupération des horaires depuis la DB.
2025-12-09 11:14:31,675 - INFO - Horaires mis en cache (3 horaires).
2025-12-09 11:14:43,138 - ERROR - Erreur DB lors de l'enregistrement de la présence : null value in column "seance_cours_id" of relation "presence" violates not-null constraint
DETAIL:  Failing row contains (2, t, 1, null, 2025-12-09 10:14:43.136642+00, 2025-12-09 10:14:43.136664+00).

2025-12-09 11:14:46,663 - INFO - Génération des séances pour le jour 2025-12-09 (weekday=1)
2025-12-09 11:14:46,665 - INFO - Cache vide → récupération des horaires depuis la DB.
2025-12-09 11:14:46,704 - INFO - Horaires mis en cache (3 horaires).
2025-12-09 11:15:01,663 - INFO - Génération des séances pour le jour 2025-12-09 (weekday=1)
2025-12-09 11:15:01,665 - INFO - Cache vide → récupération des horaires depuis la DB.
2025-12-09 11:15:01,709 - INFO - Horaires mis en cache (3 horaires).
2025-12-09 11:15:10,006 - INFO - Présence enregistrée: etudiant=987654, classe=1, cours=1, seance=10
2025-12-09 11:15:16,663 - INFO - Génération des séances pour le jour 2025-12-09 (weekday=1)
2025-12-09 11:15:16,665 - INFO - Cache vide → récupération des horaires depuis la DB.
2025-12-09 11:15:16,700 - INFO - Horaires mis en cache (3 horaires).
2025-12-09 11:15:31,671 - INFO - Génération des séances pour le jour 2025-12-09 (weekday=1)
2025-12-09 11:15:31,673 - INFO - Cache vide → récupération des horaires depuis la DB.
2025-12-09 11:15:31,724 - INFO - Horaires mis en cache (3 horaires).
2025-12-09 11:15:46,663 - INFO - Génération des séances pour le jour 2025-12-09 (weekday=1)
2025-12-09 11:15:46,664 - INFO - Cache vide → récupération des horaires depuis la DB.
2025-12-09 11:15:46,719 - INFO - Horaires mis en cache (3 horaires).
2025-12-09 11:16:01,664 - INFO - Génération des séances pour le jour 2025-12-09 (weekday=1)
2025-12-09 11:16:01,665 - INFO - Cache vide → récupération des horaires depuis la DB.
2025-12-09 11:16:01,708 - INFO - Horaires mis en cache (3 horaires).
2025-12-09 11:16:16,664 - INFO - Génération des séances pour le jour 2025-12-09 (weekday=1)
2025-12-09 11:16:16,666 - INFO - Cache vide → récupération des horaires depuis la DB.
2025-12-09 11:16:16,694 - INFO - Horaires mis en cache (3 horaires).
2025-12-09 11:16:31,665 - INFO - Génération des séances pour le jour 2025-12-09 (weekday=1)
2025-12-09 11:16:31,666 - INFO - Cache vide → récupération des horaires depuis la DB.
2025-12-09 11:16:31,729 - INFO - Horaires mis en cache (3 horaires).
2025-12-09 11:16:46,664 - INFO - Génération des séances pour le jour 2025-12-09 (weekday=1)
2025-12-09 11:16:46,666 - INFO - Cache vide → récupération des horaires depuis la DB.
2025-12-09 11:16:46,708 - INFO - Horaires mis en cache (3 horaires).
2025-12-09 11:17:01,665 - INFO - Génération des séances pour le jour 2025-12-09 (weekday=1)
2025-12-09 11:17:01,666 - INFO - Cache vide → récupération des horaires depuis la DB.
2025-12-09 11:17:01,716 - INFO - Horaires mis en cache (3 horaires).
2025-12-09 11:17:16,666 - INFO - Génération des séances pour le jour 2025-12-09 (weekday=1)
2025-12-09 11:17:16,667 - INFO - Cache vide → récupération des horaires depuis la DB.
2025-12-09 11:17:16,712 - INFO - Horaires mis en cache (3 horaires).
2025-12-09 11:17:17,157 - INFO - Présence enregistrée: etudiant=987654, classe=1, cours=1, seance=10
2025-12-09 11:17:31,665 - INFO - Génération des séances pour le jour 2025-12-09 (weekday=1)
2025-12-09 11:17:31,666 - INFO - Cache vide → récupération des horaires depuis la DB.
2025-12-09 11:17:31,710 - INFO - Horaires mis en cache (3 horaires).
2025-12-09 11:17:46,666 - INFO - Génération des séances pour le jour 2025-12-09 (weekday=1)
2025-12-09 11:17:46,667 - INFO - Cache vide → récupération des horaires depuis la DB.
2025-12-09 11:17:46,710 - INFO - Horaires mis en cache (3 horaires).
2025-12-09 11:18:01,662 - INFO - Génération des séances pour le jour 2025-12-09 (weekday=1)
2025-12-09 11:18:01,662 - INFO - Cache vide → récupération des horaires depuis la DB.
2025-12-09 11:18:01,685 - INFO - Horaires mis en cache (3 horaires).
2025-12-09 11:18:16,662 - INFO - Génération des séances pour le jour 2025-12-09 (weekday=1)
2025-12-09 11:18:16,663 - INFO - Cache vide → récupération des horaires depuis la DB.
2025-12-09 11:18:16,693 - INFO - Horaires mis en cache (3 horaires).
2025-12-09 11:18:31,666 - INFO - Génération des séances pour le jour 2025-12-09 (weekday=1)
2025-12-09 11:18:31,668 - INFO - Cache vide → récupération des horaires depuis la DB.
2025-12-09 11:18:31,730 - INFO - Horaires mis en cache (3 horaires).
2025-12-09 11:18:46,667 - INFO - Génération des séances pour le jour 2025-12-09 (weekday=1)
2025-12-09 11:18:46,668 - INFO - Cache vide → récupération des horaires depuis la DB.
2025-12-09 11:18:46,706 - INFO - Horaires mis en cache (3 horaires).
2025-12-09 11:19:01,667 - INFO - Génération des séances pour le jour 2025-12-09 (weekday=1)
2025-12-09 11:19:01,669 - INFO - Cache vide → récupération des horaires depuis la DB.
2025-12-09 11:19:01,711 - INFO - Horaires mis en cache (3 horaires).
2025-12-09 11:19:16,667 - INFO - Génération des séances pour le jour 2025-12-09 (weekday=1)
2025-12-09 11:19:16,668 - INFO - Cache vide → récupération des horaires depuis la DB.
2025-12-09 11:19:16,710 - INFO - Horaires mis en cache (3 horaires).
2025-12-09 11:19:31,666 - INFO - Génération des séances pour le jour 2025-12-09 (weekday=1)
2025-12-09 11:19:31,667 - INFO - Cache vide → récupération des horaires depuis la DB.
2025-12-09 11:19:31,692 - INFO - Horaires mis en cache (3 horaires).
2025-12-09 11:19:46,666 - INFO - Génération des séances pour le jour 2025-12-09 (weekday=1)
2025-12-09 11:19:46,667 - INFO - Cache vide → récupération des horaires depuis la DB.
2025-12-09 11:19:46,717 - INFO - Horaires mis en cache (3 horaires).
2025-12-09 11:20:01,667 - INFO - Génération des séances pour le jour 2025-12-09 (weekday=1)
2025-12-09 11:20:01,669 - INFO - Cache vide → récupération des horaires depuis la DB.
2025-12-09 11:20:01,716 - INFO - Horaires mis en cache (3 horaires).
2025-12-09 11:20:16,667 - INFO - Génération des séances pour le jour 2025-12-09 (weekday=1)
2025-12-09 11:20:16,668 - INFO - Cache vide → récupération des horaires depuis la DB.
2025-12-09 11:20:16,722 - INFO - Horaires mis en cache (3 horaires).
2025-12-09 11:20:31,668 - INFO - Génération des séances pour le jour 2025-12-09 (weekday=1)
2025-12-09 11:20:31,669 - INFO - Cache vide → récupération des horaires depuis la DB.
2025-12-09 11:20:31,717 - INFO - Horaires mis en cache (3 horaires).
2025-12-09 11:20:46,667 - INFO - Génération des séances pour le jour 2025-12-09 (weekday=1)
2025-12-09 11:20:46,668 - INFO - Cache vide → récupération des horaires depuis la DB.
2025-12-09 11:20:46,697 - INFO - Horaires mis en cache (3 horaires).
2025-12-09 11:21:01,666 - INFO - Génération des séances pour le jour 2025-12-09 (weekday=1)
2025-12-09 11:21:01,667 - INFO - Cache vide → récupération des horaires depuis la DB.
2025-12-09 11:21:01,690 - INFO - Horaires mis en cache (3 horaires).
2025-12-09 11:21:16,671 - INFO - Génération des séances pour le jour 2025-12-09 (weekday=1)
2025-12-09 11:21:16,672 - INFO - Cache vide → récupération des horaires depuis la DB.
2025-12-09 11:21:16,712 - INFO - Horaires mis en cache (3 horaires).
2025-12-09 11:21:31,670 - INFO - Génération des séances pour le jour 2025-12-09 (weekday=1)
2025-12-09 11:21:31,671 - INFO - Cache vide → récupération des horaires depuis la DB.
2025-12-09 11:21:31,726 - INFO - Horaires mis en cache (3 horaires).
2025-12-09 11:21:46,670 - INFO - Génération des séances pour le jour 2025-12-09 (weekday=1)
2025-12-09 11:21:46,671 - INFO - Cache vide → récupération des horaires depuis la DB.
2025-12-09 11:21:46,707 - INFO - Horaires mis en cache (3 horaires).
2025-12-09 11:22:01,670 - INFO - Génération des séances pour le jour 2025-12-09 (weekday=1)
2025-12-09 11:22:01,672 - INFO - Cache vide → récupération des horaires depuis la DB.
2025-12-09 11:22:01,718 - INFO - Horaires mis en cache (3 horaires).
2025-12-09 11:22:16,670 - INFO - Génération des séances pour le jour 2025-12-09 (weekday=1)
2025-12-09 11:22:16,672 - INFO - Cache vide → récupération des horaires depuis la DB.
2025-12-09 11:22:16,709 - INFO - Horaires mis en cache (3 horaires).
2025-12-09 11:22:31,668 - INFO - Génération des séances pour le jour 2025-12-09 (weekday=1)
2025-12-09 11:22:31,669 - INFO - Cache vide → récupération des horaires depuis la DB.
2025-12-09 11:22:31,705 - INFO - Horaires mis en cache (3 horaires).
2025-12-09 11:22:46,670 - INFO - Génération des séances pour le jour 2025-12-09 (weekday=1)
2025-12-09 11:22:46,672 - INFO - Cache vide → récupération des horaires depuis la DB.
2025-12-09 11:22:46,734 - INFO - Horaires mis en cache (3 horaires).
2025-12-09 11:23:01,678 - INFO - Génération des séances pour le jour 2025-12-09 (weekday=1)
2025-12-09 11:23:01,680 - INFO - Cache vide → récupération des horaires depuis la DB.
2025-12-09 11:23:01,723 - INFO - Horaires mis en cache (3 horaires).
2025-12-09 11:23:12,026 - INFO - Présence enregistrée: etudiant=987654, classe=1, cours=1, seance=10
2025-12-09 11:23:16,671 - INFO - Génération des séances pour le jour 2025-12-09 (weekday=1)
2025-12-09 11:23:16,672 - INFO - Cache vide → récupération des horaires depuis la DB.
2025-12-09 11:23:16,708 - INFO - Horaires mis en cache (3 horaires).
2025-12-09 11:23:31,672 - INFO - Génération des séances pour le jour 2025-12-09 (weekday=1)
2025-12-09 11:23:31,673 - INFO - Cache vide → récupération des horaires depuis la DB.
2025-12-09 11:23:31,727 - INFO - Horaires mis en cache (3 horaires).
2025-12-09 11:23:46,668 - INFO - Génération des séances pour le jour 2025-12-09 (weekday=1)
2025-12-09 11:23:46,669 - INFO - Cache vide → récupération des horaires depuis la DB.
2025-12-09 11:23:46,690 - INFO - Horaires mis en cache (3 horaires).
2025-12-09 11:24:01,672 - INFO - Génération des séances pour le jour 2025-12-09 (weekday=1)
2025-12-09 11:24:01,673 - INFO - Cache vide → récupération des horaires depuis la DB.
2025-12-09 11:24:01,722 - INFO - Horaires mis en cache (3 horaires).
2025-12-09 11:24:16,671 - INFO - Génération des séances pour le jour 2025-12-09 (weekday=1)
2025-12-09 11:24:16,672 - INFO - Cache vide → récupération des horaires depuis la DB.
2025-12-09 11:24:16,714 - INFO - Horaires mis en cache (3 horaires).
2025-12-09 11:24:31,672 - INFO - Génération des séances pour le jour 2025-12-09 (weekday=1)
2025-12-09 11:24:31,673 - INFO - Cache vide → récupération des horaires depuis la DB.
2025-12-09 11:24:31,727 - INFO - Horaires mis en cache (3 horaires).
2025-12-09 11:24:46,672 - INFO - Génération des séances pour le jour 2025-12-09 (weekday=1)
2025-12-09 11:24:46,673 - INFO - Cache vide → récupération des horaires depuis la DB.
2025-12-09 11:24:46,705 - INFO - Horaires mis en cache (3 horaires).
2025-12-09 11:25:01,672 - INFO - Génération des séances pour le jour 2025-12-09 (weekday=1)
2025-12-09 11:25:01,673 - INFO - Cache vide → récupération des horaires depuis la DB.
2025-12-09 11:25:01,729 - INFO - Horaires mis en cache (3 horaires).
2025-12-09 11:25:16,672 - INFO - Génération des séances pour le jour 2025-12-09 (weekday=1)
2025-12-09 11:25:16,674 - INFO - Cache vide → récupération des horaires depuis la DB.
2025-12-09 11:25:16,712 - INFO - Horaires mis en cache (3 horaires).
2025-12-09 11:25:31,672 - INFO - Génération des séances pour le jour 2025-12-09 (weekday=1)
2025-12-09 11:25:31,673 - INFO - Cache vide → récupération des horaires depuis la DB.
2025-12-09 11:25:31,717 - INFO - Horaires mis en cache (3 horaires).
2025-12-09 11:25:46,672 - INFO - Génération des séances pour le jour 2025-12-09 (weekday=1)
2025-12-09 11:25:46,674 - INFO - Cache vide → récupération des horaires depuis la DB.
2025-12-09 11:25:46,708 - INFO - Horaires mis en cache (3 horaires).
2025-12-09 11:26:01,672 - INFO - Génération des séances pour le jour 2025-12-09 (weekday=1)
2025-12-09 11:26:01,674 - INFO - Cache vide → récupération des horaires depuis la DB.
2025-12-09 11:26:01,716 - INFO - Horaires mis en cache (3 horaires).
2025-12-09 11:26:16,672 - INFO - Génération des séances pour le jour 2025-12-09 (weekday=1)
2025-12-09 11:26:16,673 - INFO - Cache vide → récupération des horaires depuis la DB.
2025-12-09 11:26:16,712 - INFO - Horaires mis en cache (3 horaires).
2025-12-09 11:26:31,673 - INFO - Génération des séances pour le jour 2025-12-09 (weekday=1)
2025-12-09 11:26:31,675 - INFO - Cache vide → récupération des horaires depuis la DB.
2025-12-09 11:26:31,721 - INFO - Horaires mis en cache (3 horaires).
